2026-02-11 18:32:05,165 | INFO | apscheduler.scheduler | Adding job tentatively -- it will be properly scheduled when the scheduler starts
2026-02-11 18:32:05,167 | INFO | apscheduler.scheduler | Added job "SchedulerService.refresh_all" to job store "default"
2026-02-11 18:32:05,167 | INFO | apscheduler.scheduler | Scheduler started
2026-02-11 18:32:05,274 | INFO | aiogram.dispatcher | Start polling
2026-02-11 18:32:08,000 | INFO | aiogram.dispatcher | Polling stopped
2026-02-11 18:33:33,776 | INFO | apscheduler.scheduler | Adding job tentatively -- it will be properly scheduled when the scheduler starts
2026-02-11 18:33:33,778 | INFO | apscheduler.scheduler | Added job "SchedulerService.refresh_all" to job store "default"
2026-02-11 18:33:33,787 | INFO | apscheduler.scheduler | Scheduler started
2026-02-11 18:33:33,885 | INFO | aiogram.dispatcher | Start polling
2026-02-11 18:33:37,608 | INFO | aiogram.dispatcher | Run polling for bot @NamozPlusBot id=8271511197 - 'Namoz Time & Islamic Assistant Bot'
2026-02-11 18:33:55,536 | INFO | aiogram.event | Update id=717650151 is handled. Duration 403 ms by bot id=8271511197
2026-02-11 18:34:02,758 | ERROR | bot.middlewares.db | DB session rolled back due to error
Traceback (most recent call last):
  File "C:\Users\Sanjar\vscode_projects\namoz-bot\bot\middlewares\db.py", line 26, in __call__
    result = await handler(event, data)
             ^^^^^^^^^^^^^^^^^^^^^^^^^^
  File "C:\Users\Sanjar\vscode_projects\namoz-bot\bot\middlewares\i18n.py", line 34, in __call__
    return await handler(event, data)
           ^^^^^^^^^^^^^^^^^^^^^^^^^^
  File "C:\Users\Sanjar\vscode_projects\.venv\Lib\site-packages\aiogram\dispatcher\event\handler.py", line 71, in call
    return await wrapped()
           ^^^^^^^^^^^^^^^
  File "C:\Users\Sanjar\vscode_projects\.venv\Lib\site-packages\aiogram\dispatcher\dispatcher.py", line 283, in _listen_update
    return await self.propagate_event(update_type=update_type, event=event, **kwargs)
           ^^^^^^^^^^^^^^^^^^^^^^^^^^^^^^^^^^^^^^^^^^^^^^^^^^^^^^^^^^^^^^^^^^^^^^^^^^
  File "C:\Users\Sanjar\vscode_projects\.venv\Lib\site-packages\aiogram\dispatcher\router.py", line 161, in propagate_event
    return await observer.wrap_outer_middleware(_wrapped, event=event, data=kwargs)
           ^^^^^^^^^^^^^^^^^^^^^^^^^^^^^^^^^^^^^^^^^^^^^^^^^^^^^^^^^^^^^^^^^^^^^^^^
  File "C:\Users\Sanjar\vscode_projects\.venv\Lib\site-packages\aiogram\dispatcher\router.py", line 153, in _wrapped
    return await self._propagate_event(
           ^^^^^^^^^^^^^^^^^^^^^^^^^^^^
    ...<4 lines>...
    )
    ^
  File "C:\Users\Sanjar\vscode_projects\.venv\Lib\site-packages\aiogram\dispatcher\router.py", line 189, in _propagate_event
    response = await router.propagate_event(update_type=update_type, event=event, **kwargs)
               ^^^^^^^^^^^^^^^^^^^^^^^^^^^^^^^^^^^^^^^^^^^^^^^^^^^^^^^^^^^^^^^^^^^^^^^^^^^^
  File "C:\Users\Sanjar\vscode_projects\.venv\Lib\site-packages\aiogram\dispatcher\router.py", line 161, in propagate_event
    return await observer.wrap_outer_middleware(_wrapped, event=event, data=kwargs)
           ^^^^^^^^^^^^^^^^^^^^^^^^^^^^^^^^^^^^^^^^^^^^^^^^^^^^^^^^^^^^^^^^^^^^^^^^
  File "C:\Users\Sanjar\vscode_projects\.venv\Lib\site-packages\aiogram\dispatcher\router.py", line 153, in _wrapped
    return await self._propagate_event(
           ^^^^^^^^^^^^^^^^^^^^^^^^^^^^
    ...<4 lines>...
    )
    ^
  File "C:\Users\Sanjar\vscode_projects\.venv\Lib\site-packages\aiogram\dispatcher\router.py", line 181, in _propagate_event
    response = await observer.trigger(event, **kwargs)
               ^^^^^^^^^^^^^^^^^^^^^^^^^^^^^^^^^^^^^^^
  File "C:\Users\Sanjar\vscode_projects\.venv\Lib\site-packages\aiogram\dispatcher\event\telegram.py", line 126, in trigger
    return await wrapped_inner(event, kwargs)
           ^^^^^^^^^^^^^^^^^^^^^^^^^^^^^^^^^^
  File "C:\Users\Sanjar\vscode_projects\.venv\Lib\site-packages\aiogram\dispatcher\event\handler.py", line 71, in call
    return await wrapped()
                 ~~~~~~~^^
TypeError: set_language_handler() missing 1 required positional argument: 'db_user'
2026-02-11 18:34:02,765 | INFO | aiogram.event | Update id=717650152 is not handled. Duration 7 ms by bot id=8271511197
2026-02-11 18:34:02,765 | ERROR | aiogram.event | Cause exception while process update id=717650152 by bot id=8271511197
TypeError: errors_handler() missing 1 required positional argument: 'exception'
Traceback (most recent call last):
  File "C:\Users\Sanjar\vscode_projects\.venv\Lib\site-packages\aiogram\dispatcher\middlewares\error.py", line 27, in __call__
    return await handler(event, data)
           ^^^^^^^^^^^^^^^^^^^^^^^^^^
  File "C:\Users\Sanjar\vscode_projects\.venv\Lib\site-packages\aiogram\dispatcher\middlewares\user_context.py", line 58, in __call__
    return await handler(event, data)
           ^^^^^^^^^^^^^^^^^^^^^^^^^^
  File "C:\Users\Sanjar\vscode_projects\.venv\Lib\site-packages\aiogram\fsm\middleware.py", line 43, in __call__
    return await handler(event, data)
           ^^^^^^^^^^^^^^^^^^^^^^^^^^
  File "C:\Users\Sanjar\vscode_projects\.venv\Lib\site-packages\aiogram\dispatcher\event\telegram.py", line 126, in trigger
    return await wrapped_inner(event, kwargs)
           ^^^^^^^^^^^^^^^^^^^^^^^^^^^^^^^^^^
  File "C:\Users\Sanjar\vscode_projects\namoz-bot\bot\middlewares\db.py", line 26, in __call__
    result = await handler(event, data)
             ^^^^^^^^^^^^^^^^^^^^^^^^^^
  File "C:\Users\Sanjar\vscode_projects\namoz-bot\bot\middlewares\i18n.py", line 34, in __call__
    return await handler(event, data)
           ^^^^^^^^^^^^^^^^^^^^^^^^^^
  File "C:\Users\Sanjar\vscode_projects\.venv\Lib\site-packages\aiogram\dispatcher\event\handler.py", line 71, in call
    return await wrapped()
           ^^^^^^^^^^^^^^^
  File "C:\Users\Sanjar\vscode_projects\.venv\Lib\site-packages\aiogram\dispatcher\dispatcher.py", line 283, in _listen_update
    return await self.propagate_event(update_type=update_type, event=event, **kwargs)
           ^^^^^^^^^^^^^^^^^^^^^^^^^^^^^^^^^^^^^^^^^^^^^^^^^^^^^^^^^^^^^^^^^^^^^^^^^^
  File "C:\Users\Sanjar\vscode_projects\.venv\Lib\site-packages\aiogram\dispatcher\router.py", line 161, in propagate_event
    return await observer.wrap_outer_middleware(_wrapped, event=event, data=kwargs)
           ^^^^^^^^^^^^^^^^^^^^^^^^^^^^^^^^^^^^^^^^^^^^^^^^^^^^^^^^^^^^^^^^^^^^^^^^
  File "C:\Users\Sanjar\vscode_projects\.venv\Lib\site-packages\aiogram\dispatcher\router.py", line 153, in _wrapped
    return await self._propagate_event(
           ^^^^^^^^^^^^^^^^^^^^^^^^^^^^
    ...<4 lines>...
    )
    ^
  File "C:\Users\Sanjar\vscode_projects\.venv\Lib\site-packages\aiogram\dispatcher\router.py", line 189, in _propagate_event
    response = await router.propagate_event(update_type=update_type, event=event, **kwargs)
               ^^^^^^^^^^^^^^^^^^^^^^^^^^^^^^^^^^^^^^^^^^^^^^^^^^^^^^^^^^^^^^^^^^^^^^^^^^^^
  File "C:\Users\Sanjar\vscode_projects\.venv\Lib\site-packages\aiogram\dispatcher\router.py", line 161, in propagate_event
    return await observer.wrap_outer_middleware(_wrapped, event=event, data=kwargs)
           ^^^^^^^^^^^^^^^^^^^^^^^^^^^^^^^^^^^^^^^^^^^^^^^^^^^^^^^^^^^^^^^^^^^^^^^^
  File "C:\Users\Sanjar\vscode_projects\.venv\Lib\site-packages\aiogram\dispatcher\router.py", line 153, in _wrapped
    return await self._propagate_event(
           ^^^^^^^^^^^^^^^^^^^^^^^^^^^^
    ...<4 lines>...
    )
    ^
  File "C:\Users\Sanjar\vscode_projects\.venv\Lib\site-packages\aiogram\dispatcher\router.py", line 181, in _propagate_event
    response = await observer.trigger(event, **kwargs)
               ^^^^^^^^^^^^^^^^^^^^^^^^^^^^^^^^^^^^^^^
  File "C:\Users\Sanjar\vscode_projects\.venv\Lib\site-packages\aiogram\dispatcher\event\telegram.py", line 126, in trigger
    return await wrapped_inner(event, kwargs)
           ^^^^^^^^^^^^^^^^^^^^^^^^^^^^^^^^^^
  File "C:\Users\Sanjar\vscode_projects\.venv\Lib\site-packages\aiogram\dispatcher\event\handler.py", line 71, in call
    return await wrapped()
                 ~~~~~~~^^
TypeError: set_language_handler() missing 1 required positional argument: 'db_user'

During handling of the above exception, another exception occurred:

Traceback (most recent call last):
  File "C:\Users\Sanjar\vscode_projects\.venv\Lib\site-packages\aiogram\dispatcher\dispatcher.py", line 320, in _process_update
    response = await self.feed_update(bot, update, **kwargs)
               ^^^^^^^^^^^^^^^^^^^^^^^^^^^^^^^^^^^^^^^^^^^^^
  File "C:\Users\Sanjar\vscode_projects\.venv\Lib\site-packages\aiogram\dispatcher\dispatcher.py", line 164, in feed_update
    response = await self.update.wrap_outer_middleware(
               ^^^^^^^^^^^^^^^^^^^^^^^^^^^^^^^^^^^^^^^^
    ...<7 lines>...
    )
    ^
  File "C:\Users\Sanjar\vscode_projects\.venv\Lib\site-packages\aiogram\dispatcher\middlewares\error.py", line 31, in __call__
    response = await self.router.propagate_event(
               ^^^^^^^^^^^^^^^^^^^^^^^^^^^^^^^^^^
    ...<3 lines>...
    )
    ^
  File "C:\Users\Sanjar\vscode_projects\.venv\Lib\site-packages\aiogram\dispatcher\router.py", line 161, in propagate_event
    return await observer.wrap_outer_middleware(_wrapped, event=event, data=kwargs)
           ^^^^^^^^^^^^^^^^^^^^^^^^^^^^^^^^^^^^^^^^^^^^^^^^^^^^^^^^^^^^^^^^^^^^^^^^
  File "C:\Users\Sanjar\vscode_projects\.venv\Lib\site-packages\aiogram\dispatcher\router.py", line 153, in _wrapped
    return await self._propagate_event(
           ^^^^^^^^^^^^^^^^^^^^^^^^^^^^
    ...<4 lines>...
    )
    ^
  File "C:\Users\Sanjar\vscode_projects\.venv\Lib\site-packages\aiogram\dispatcher\router.py", line 189, in _propagate_event
    response = await router.propagate_event(update_type=update_type, event=event, **kwargs)
               ^^^^^^^^^^^^^^^^^^^^^^^^^^^^^^^^^^^^^^^^^^^^^^^^^^^^^^^^^^^^^^^^^^^^^^^^^^^^
  File "C:\Users\Sanjar\vscode_projects\.venv\Lib\site-packages\aiogram\dispatcher\router.py", line 161, in propagate_event
    return await observer.wrap_outer_middleware(_wrapped, event=event, data=kwargs)
           ^^^^^^^^^^^^^^^^^^^^^^^^^^^^^^^^^^^^^^^^^^^^^^^^^^^^^^^^^^^^^^^^^^^^^^^^
  File "C:\Users\Sanjar\vscode_projects\.venv\Lib\site-packages\aiogram\dispatcher\router.py", line 153, in _wrapped
    return await self._propagate_event(
           ^^^^^^^^^^^^^^^^^^^^^^^^^^^^
    ...<4 lines>...
    )
    ^
  File "C:\Users\Sanjar\vscode_projects\.venv\Lib\site-packages\aiogram\dispatcher\router.py", line 181, in _propagate_event
    response = await observer.trigger(event, **kwargs)
               ^^^^^^^^^^^^^^^^^^^^^^^^^^^^^^^^^^^^^^^
  File "C:\Users\Sanjar\vscode_projects\.venv\Lib\site-packages\aiogram\dispatcher\event\telegram.py", line 126, in trigger
    return await wrapped_inner(event, kwargs)
           ^^^^^^^^^^^^^^^^^^^^^^^^^^^^^^^^^^
  File "C:\Users\Sanjar\vscode_projects\.venv\Lib\site-packages\aiogram\dispatcher\event\handler.py", line 71, in call
    return await wrapped()
                 ~~~~~~~^^
TypeError: errors_handler() missing 1 required positional argument: 'exception'
2026-02-11 18:34:14,997 | ERROR | bot.middlewares.db | DB session rolled back due to error
Traceback (most recent call last):
  File "C:\Users\Sanjar\vscode_projects\namoz-bot\bot\middlewares\db.py", line 26, in __call__
    result = await handler(event, data)
             ^^^^^^^^^^^^^^^^^^^^^^^^^^
  File "C:\Users\Sanjar\vscode_projects\namoz-bot\bot\middlewares\i18n.py", line 34, in __call__
    return await handler(event, data)
           ^^^^^^^^^^^^^^^^^^^^^^^^^^
  File "C:\Users\Sanjar\vscode_projects\.venv\Lib\site-packages\aiogram\dispatcher\event\handler.py", line 71, in call
    return await wrapped()
           ^^^^^^^^^^^^^^^
  File "C:\Users\Sanjar\vscode_projects\.venv\Lib\site-packages\aiogram\dispatcher\dispatcher.py", line 283, in _listen_update
    return await self.propagate_event(update_type=update_type, event=event, **kwargs)
           ^^^^^^^^^^^^^^^^^^^^^^^^^^^^^^^^^^^^^^^^^^^^^^^^^^^^^^^^^^^^^^^^^^^^^^^^^^
  File "C:\Users\Sanjar\vscode_projects\.venv\Lib\site-packages\aiogram\dispatcher\router.py", line 161, in propagate_event
    return await observer.wrap_outer_middleware(_wrapped, event=event, data=kwargs)
           ^^^^^^^^^^^^^^^^^^^^^^^^^^^^^^^^^^^^^^^^^^^^^^^^^^^^^^^^^^^^^^^^^^^^^^^^
  File "C:\Users\Sanjar\vscode_projects\.venv\Lib\site-packages\aiogram\dispatcher\router.py", line 153, in _wrapped
    return await self._propagate_event(
           ^^^^^^^^^^^^^^^^^^^^^^^^^^^^
    ...<4 lines>...
    )
    ^
  File "C:\Users\Sanjar\vscode_projects\.venv\Lib\site-packages\aiogram\dispatcher\router.py", line 189, in _propagate_event
    response = await router.propagate_event(update_type=update_type, event=event, **kwargs)
               ^^^^^^^^^^^^^^^^^^^^^^^^^^^^^^^^^^^^^^^^^^^^^^^^^^^^^^^^^^^^^^^^^^^^^^^^^^^^
  File "C:\Users\Sanjar\vscode_projects\.venv\Lib\site-packages\aiogram\dispatcher\router.py", line 161, in propagate_event
    return await observer.wrap_outer_middleware(_wrapped, event=event, data=kwargs)
           ^^^^^^^^^^^^^^^^^^^^^^^^^^^^^^^^^^^^^^^^^^^^^^^^^^^^^^^^^^^^^^^^^^^^^^^^
  File "C:\Users\Sanjar\vscode_projects\.venv\Lib\site-packages\aiogram\dispatcher\router.py", line 153, in _wrapped
    return await self._propagate_event(
           ^^^^^^^^^^^^^^^^^^^^^^^^^^^^
    ...<4 lines>...
    )
    ^
  File "C:\Users\Sanjar\vscode_projects\.venv\Lib\site-packages\aiogram\dispatcher\router.py", line 181, in _propagate_event
    response = await observer.trigger(event, **kwargs)
               ^^^^^^^^^^^^^^^^^^^^^^^^^^^^^^^^^^^^^^^
  File "C:\Users\Sanjar\vscode_projects\.venv\Lib\site-packages\aiogram\dispatcher\event\telegram.py", line 126, in trigger
    return await wrapped_inner(event, kwargs)
           ^^^^^^^^^^^^^^^^^^^^^^^^^^^^^^^^^^
  File "C:\Users\Sanjar\vscode_projects\.venv\Lib\site-packages\aiogram\dispatcher\event\handler.py", line 71, in call
    return await wrapped()
                 ~~~~~~~^^
TypeError: set_language_handler() missing 1 required positional argument: 'db_user'
2026-02-11 18:34:15,004 | INFO | aiogram.event | Update id=717650153 is not handled. Duration 7 ms by bot id=8271511197
2026-02-11 18:34:15,004 | ERROR | aiogram.event | Cause exception while process update id=717650153 by bot id=8271511197
TypeError: errors_handler() missing 1 required positional argument: 'exception'
Traceback (most recent call last):
  File "C:\Users\Sanjar\vscode_projects\.venv\Lib\site-packages\aiogram\dispatcher\middlewares\error.py", line 27, in __call__
    return await handler(event, data)
           ^^^^^^^^^^^^^^^^^^^^^^^^^^
  File "C:\Users\Sanjar\vscode_projects\.venv\Lib\site-packages\aiogram\dispatcher\middlewares\user_context.py", line 58, in __call__
    return await handler(event, data)
           ^^^^^^^^^^^^^^^^^^^^^^^^^^
  File "C:\Users\Sanjar\vscode_projects\.venv\Lib\site-packages\aiogram\fsm\middleware.py", line 43, in __call__
    return await handler(event, data)
           ^^^^^^^^^^^^^^^^^^^^^^^^^^
  File "C:\Users\Sanjar\vscode_projects\.venv\Lib\site-packages\aiogram\dispatcher\event\telegram.py", line 126, in trigger
    return await wrapped_inner(event, kwargs)
           ^^^^^^^^^^^^^^^^^^^^^^^^^^^^^^^^^^
  File "C:\Users\Sanjar\vscode_projects\namoz-bot\bot\middlewares\db.py", line 26, in __call__
    result = await handler(event, data)
             ^^^^^^^^^^^^^^^^^^^^^^^^^^
  File "C:\Users\Sanjar\vscode_projects\namoz-bot\bot\middlewares\i18n.py", line 34, in __call__
    return await handler(event, data)
           ^^^^^^^^^^^^^^^^^^^^^^^^^^
  File "C:\Users\Sanjar\vscode_projects\.venv\Lib\site-packages\aiogram\dispatcher\event\handler.py", line 71, in call
    return await wrapped()
           ^^^^^^^^^^^^^^^
  File "C:\Users\Sanjar\vscode_projects\.venv\Lib\site-packages\aiogram\dispatcher\dispatcher.py", line 283, in _listen_update
    return await self.propagate_event(update_type=update_type, event=event, **kwargs)
           ^^^^^^^^^^^^^^^^^^^^^^^^^^^^^^^^^^^^^^^^^^^^^^^^^^^^^^^^^^^^^^^^^^^^^^^^^^
  File "C:\Users\Sanjar\vscode_projects\.venv\Lib\site-packages\aiogram\dispatcher\router.py", line 161, in propagate_event
    return await observer.wrap_outer_middleware(_wrapped, event=event, data=kwargs)
           ^^^^^^^^^^^^^^^^^^^^^^^^^^^^^^^^^^^^^^^^^^^^^^^^^^^^^^^^^^^^^^^^^^^^^^^^
  File "C:\Users\Sanjar\vscode_projects\.venv\Lib\site-packages\aiogram\dispatcher\router.py", line 153, in _wrapped
    return await self._propagate_event(
           ^^^^^^^^^^^^^^^^^^^^^^^^^^^^
    ...<4 lines>...
    )
    ^
  File "C:\Users\Sanjar\vscode_projects\.venv\Lib\site-packages\aiogram\dispatcher\router.py", line 189, in _propagate_event
    response = await router.propagate_event(update_type=update_type, event=event, **kwargs)
               ^^^^^^^^^^^^^^^^^^^^^^^^^^^^^^^^^^^^^^^^^^^^^^^^^^^^^^^^^^^^^^^^^^^^^^^^^^^^
  File "C:\Users\Sanjar\vscode_projects\.venv\Lib\site-packages\aiogram\dispatcher\router.py", line 161, in propagate_event
    return await observer.wrap_outer_middleware(_wrapped, event=event, data=kwargs)
           ^^^^^^^^^^^^^^^^^^^^^^^^^^^^^^^^^^^^^^^^^^^^^^^^^^^^^^^^^^^^^^^^^^^^^^^^
  File "C:\Users\Sanjar\vscode_projects\.venv\Lib\site-packages\aiogram\dispatcher\router.py", line 153, in _wrapped
    return await self._propagate_event(
           ^^^^^^^^^^^^^^^^^^^^^^^^^^^^
    ...<4 lines>...
    )
    ^
  File "C:\Users\Sanjar\vscode_projects\.venv\Lib\site-packages\aiogram\dispatcher\router.py", line 181, in _propagate_event
    response = await observer.trigger(event, **kwargs)
               ^^^^^^^^^^^^^^^^^^^^^^^^^^^^^^^^^^^^^^^
  File "C:\Users\Sanjar\vscode_projects\.venv\Lib\site-packages\aiogram\dispatcher\event\telegram.py", line 126, in trigger
    return await wrapped_inner(event, kwargs)
           ^^^^^^^^^^^^^^^^^^^^^^^^^^^^^^^^^^
  File "C:\Users\Sanjar\vscode_projects\.venv\Lib\site-packages\aiogram\dispatcher\event\handler.py", line 71, in call
    return await wrapped()
                 ~~~~~~~^^
TypeError: set_language_handler() missing 1 required positional argument: 'db_user'

During handling of the above exception, another exception occurred:

Traceback (most recent call last):
  File "C:\Users\Sanjar\vscode_projects\.venv\Lib\site-packages\aiogram\dispatcher\dispatcher.py", line 320, in _process_update
    response = await self.feed_update(bot, update, **kwargs)
               ^^^^^^^^^^^^^^^^^^^^^^^^^^^^^^^^^^^^^^^^^^^^^
  File "C:\Users\Sanjar\vscode_projects\.venv\Lib\site-packages\aiogram\dispatcher\dispatcher.py", line 164, in feed_update
    response = await self.update.wrap_outer_middleware(
               ^^^^^^^^^^^^^^^^^^^^^^^^^^^^^^^^^^^^^^^^
    ...<7 lines>...
    )
    ^
  File "C:\Users\Sanjar\vscode_projects\.venv\Lib\site-packages\aiogram\dispatcher\middlewares\error.py", line 31, in __call__
    response = await self.router.propagate_event(
               ^^^^^^^^^^^^^^^^^^^^^^^^^^^^^^^^^^
    ...<3 lines>...
    )
    ^
  File "C:\Users\Sanjar\vscode_projects\.venv\Lib\site-packages\aiogram\dispatcher\router.py", line 161, in propagate_event
    return await observer.wrap_outer_middleware(_wrapped, event=event, data=kwargs)
           ^^^^^^^^^^^^^^^^^^^^^^^^^^^^^^^^^^^^^^^^^^^^^^^^^^^^^^^^^^^^^^^^^^^^^^^^
  File "C:\Users\Sanjar\vscode_projects\.venv\Lib\site-packages\aiogram\dispatcher\router.py", line 153, in _wrapped
    return await self._propagate_event(
           ^^^^^^^^^^^^^^^^^^^^^^^^^^^^
    ...<4 lines>...
    )
    ^
  File "C:\Users\Sanjar\vscode_projects\.venv\Lib\site-packages\aiogram\dispatcher\router.py", line 189, in _propagate_event
    response = await router.propagate_event(update_type=update_type, event=event, **kwargs)
               ^^^^^^^^^^^^^^^^^^^^^^^^^^^^^^^^^^^^^^^^^^^^^^^^^^^^^^^^^^^^^^^^^^^^^^^^^^^^
  File "C:\Users\Sanjar\vscode_projects\.venv\Lib\site-packages\aiogram\dispatcher\router.py", line 161, in propagate_event
    return await observer.wrap_outer_middleware(_wrapped, event=event, data=kwargs)
           ^^^^^^^^^^^^^^^^^^^^^^^^^^^^^^^^^^^^^^^^^^^^^^^^^^^^^^^^^^^^^^^^^^^^^^^^
  File "C:\Users\Sanjar\vscode_projects\.venv\Lib\site-packages\aiogram\dispatcher\router.py", line 153, in _wrapped
    return await self._propagate_event(
           ^^^^^^^^^^^^^^^^^^^^^^^^^^^^
    ...<4 lines>...
    )
    ^
  File "C:\Users\Sanjar\vscode_projects\.venv\Lib\site-packages\aiogram\dispatcher\router.py", line 181, in _propagate_event
    response = await observer.trigger(event, **kwargs)
               ^^^^^^^^^^^^^^^^^^^^^^^^^^^^^^^^^^^^^^^
  File "C:\Users\Sanjar\vscode_projects\.venv\Lib\site-packages\aiogram\dispatcher\event\telegram.py", line 126, in trigger
    return await wrapped_inner(event, kwargs)
           ^^^^^^^^^^^^^^^^^^^^^^^^^^^^^^^^^^
  File "C:\Users\Sanjar\vscode_projects\.venv\Lib\site-packages\aiogram\dispatcher\event\handler.py", line 71, in call
    return await wrapped()
                 ~~~~~~~^^
TypeError: errors_handler() missing 1 required positional argument: 'exception'
2026-02-11 18:34:18,754 | ERROR | bot.middlewares.db | DB session rolled back due to error
Traceback (most recent call last):
  File "C:\Users\Sanjar\vscode_projects\namoz-bot\bot\middlewares\db.py", line 26, in __call__
    result = await handler(event, data)
             ^^^^^^^^^^^^^^^^^^^^^^^^^^
  File "C:\Users\Sanjar\vscode_projects\namoz-bot\bot\middlewares\i18n.py", line 34, in __call__
    return await handler(event, data)
           ^^^^^^^^^^^^^^^^^^^^^^^^^^
  File "C:\Users\Sanjar\vscode_projects\.venv\Lib\site-packages\aiogram\dispatcher\event\handler.py", line 71, in call
    return await wrapped()
           ^^^^^^^^^^^^^^^
  File "C:\Users\Sanjar\vscode_projects\.venv\Lib\site-packages\aiogram\dispatcher\dispatcher.py", line 283, in _listen_update
    return await self.propagate_event(update_type=update_type, event=event, **kwargs)
           ^^^^^^^^^^^^^^^^^^^^^^^^^^^^^^^^^^^^^^^^^^^^^^^^^^^^^^^^^^^^^^^^^^^^^^^^^^
  File "C:\Users\Sanjar\vscode_projects\.venv\Lib\site-packages\aiogram\dispatcher\router.py", line 161, in propagate_event
    return await observer.wrap_outer_middleware(_wrapped, event=event, data=kwargs)
           ^^^^^^^^^^^^^^^^^^^^^^^^^^^^^^^^^^^^^^^^^^^^^^^^^^^^^^^^^^^^^^^^^^^^^^^^
  File "C:\Users\Sanjar\vscode_projects\.venv\Lib\site-packages\aiogram\dispatcher\router.py", line 153, in _wrapped
    return await self._propagate_event(
           ^^^^^^^^^^^^^^^^^^^^^^^^^^^^
    ...<4 lines>...
    )
    ^
  File "C:\Users\Sanjar\vscode_projects\.venv\Lib\site-packages\aiogram\dispatcher\router.py", line 189, in _propagate_event
    response = await router.propagate_event(update_type=update_type, event=event, **kwargs)
               ^^^^^^^^^^^^^^^^^^^^^^^^^^^^^^^^^^^^^^^^^^^^^^^^^^^^^^^^^^^^^^^^^^^^^^^^^^^^
  File "C:\Users\Sanjar\vscode_projects\.venv\Lib\site-packages\aiogram\dispatcher\router.py", line 161, in propagate_event
    return await observer.wrap_outer_middleware(_wrapped, event=event, data=kwargs)
           ^^^^^^^^^^^^^^^^^^^^^^^^^^^^^^^^^^^^^^^^^^^^^^^^^^^^^^^^^^^^^^^^^^^^^^^^
  File "C:\Users\Sanjar\vscode_projects\.venv\Lib\site-packages\aiogram\dispatcher\router.py", line 153, in _wrapped
    return await self._propagate_event(
           ^^^^^^^^^^^^^^^^^^^^^^^^^^^^
    ...<4 lines>...
    )
    ^
  File "C:\Users\Sanjar\vscode_projects\.venv\Lib\site-packages\aiogram\dispatcher\router.py", line 181, in _propagate_event
    response = await observer.trigger(event, **kwargs)
               ^^^^^^^^^^^^^^^^^^^^^^^^^^^^^^^^^^^^^^^
  File "C:\Users\Sanjar\vscode_projects\.venv\Lib\site-packages\aiogram\dispatcher\event\telegram.py", line 126, in trigger
    return await wrapped_inner(event, kwargs)
           ^^^^^^^^^^^^^^^^^^^^^^^^^^^^^^^^^^
  File "C:\Users\Sanjar\vscode_projects\.venv\Lib\site-packages\aiogram\dispatcher\event\handler.py", line 71, in call
    return await wrapped()
                 ~~~~~~~^^
TypeError: set_language_handler() missing 1 required positional argument: 'db_user'
2026-02-11 18:34:18,787 | INFO | aiogram.event | Update id=717650154 is not handled. Duration 35 ms by bot id=8271511197
2026-02-11 18:34:18,788 | ERROR | aiogram.event | Cause exception while process update id=717650154 by bot id=8271511197
TypeError: errors_handler() missing 1 required positional argument: 'exception'
Traceback (most recent call last):
  File "C:\Users\Sanjar\vscode_projects\.venv\Lib\site-packages\aiogram\dispatcher\middlewares\error.py", line 27, in __call__
    return await handler(event, data)
           ^^^^^^^^^^^^^^^^^^^^^^^^^^
  File "C:\Users\Sanjar\vscode_projects\.venv\Lib\site-packages\aiogram\dispatcher\middlewares\user_context.py", line 58, in __call__
    return await handler(event, data)
           ^^^^^^^^^^^^^^^^^^^^^^^^^^
  File "C:\Users\Sanjar\vscode_projects\.venv\Lib\site-packages\aiogram\fsm\middleware.py", line 43, in __call__
    return await handler(event, data)
           ^^^^^^^^^^^^^^^^^^^^^^^^^^
  File "C:\Users\Sanjar\vscode_projects\.venv\Lib\site-packages\aiogram\dispatcher\event\telegram.py", line 126, in trigger
    return await wrapped_inner(event, kwargs)
           ^^^^^^^^^^^^^^^^^^^^^^^^^^^^^^^^^^
  File "C:\Users\Sanjar\vscode_projects\namoz-bot\bot\middlewares\db.py", line 26, in __call__
    result = await handler(event, data)
             ^^^^^^^^^^^^^^^^^^^^^^^^^^
  File "C:\Users\Sanjar\vscode_projects\namoz-bot\bot\middlewares\i18n.py", line 34, in __call__
    return await handler(event, data)
           ^^^^^^^^^^^^^^^^^^^^^^^^^^
  File "C:\Users\Sanjar\vscode_projects\.venv\Lib\site-packages\aiogram\dispatcher\event\handler.py", line 71, in call
    return await wrapped()
           ^^^^^^^^^^^^^^^
  File "C:\Users\Sanjar\vscode_projects\.venv\Lib\site-packages\aiogram\dispatcher\dispatcher.py", line 283, in _listen_update
    return await self.propagate_event(update_type=update_type, event=event, **kwargs)
           ^^^^^^^^^^^^^^^^^^^^^^^^^^^^^^^^^^^^^^^^^^^^^^^^^^^^^^^^^^^^^^^^^^^^^^^^^^
  File "C:\Users\Sanjar\vscode_projects\.venv\Lib\site-packages\aiogram\dispatcher\router.py", line 161, in propagate_event
    return await observer.wrap_outer_middleware(_wrapped, event=event, data=kwargs)
           ^^^^^^^^^^^^^^^^^^^^^^^^^^^^^^^^^^^^^^^^^^^^^^^^^^^^^^^^^^^^^^^^^^^^^^^^
  File "C:\Users\Sanjar\vscode_projects\.venv\Lib\site-packages\aiogram\dispatcher\router.py", line 153, in _wrapped
    return await self._propagate_event(
           ^^^^^^^^^^^^^^^^^^^^^^^^^^^^
    ...<4 lines>...
    )
    ^
  File "C:\Users\Sanjar\vscode_projects\.venv\Lib\site-packages\aiogram\dispatcher\router.py", line 189, in _propagate_event
    response = await router.propagate_event(update_type=update_type, event=event, **kwargs)
               ^^^^^^^^^^^^^^^^^^^^^^^^^^^^^^^^^^^^^^^^^^^^^^^^^^^^^^^^^^^^^^^^^^^^^^^^^^^^
  File "C:\Users\Sanjar\vscode_projects\.venv\Lib\site-packages\aiogram\dispatcher\router.py", line 161, in propagate_event
    return await observer.wrap_outer_middleware(_wrapped, event=event, data=kwargs)
           ^^^^^^^^^^^^^^^^^^^^^^^^^^^^^^^^^^^^^^^^^^^^^^^^^^^^^^^^^^^^^^^^^^^^^^^^
  File "C:\Users\Sanjar\vscode_projects\.venv\Lib\site-packages\aiogram\dispatcher\router.py", line 153, in _wrapped
    return await self._propagate_event(
           ^^^^^^^^^^^^^^^^^^^^^^^^^^^^
    ...<4 lines>...
    )
    ^
  File "C:\Users\Sanjar\vscode_projects\.venv\Lib\site-packages\aiogram\dispatcher\router.py", line 181, in _propagate_event
    response = await observer.trigger(event, **kwargs)
               ^^^^^^^^^^^^^^^^^^^^^^^^^^^^^^^^^^^^^^^
  File "C:\Users\Sanjar\vscode_projects\.venv\Lib\site-packages\aiogram\dispatcher\event\telegram.py", line 126, in trigger
    return await wrapped_inner(event, kwargs)
           ^^^^^^^^^^^^^^^^^^^^^^^^^^^^^^^^^^
  File "C:\Users\Sanjar\vscode_projects\.venv\Lib\site-packages\aiogram\dispatcher\event\handler.py", line 71, in call
    return await wrapped()
                 ~~~~~~~^^
TypeError: set_language_handler() missing 1 required positional argument: 'db_user'

During handling of the above exception, another exception occurred:

Traceback (most recent call last):
  File "C:\Users\Sanjar\vscode_projects\.venv\Lib\site-packages\aiogram\dispatcher\dispatcher.py", line 320, in _process_update
    response = await self.feed_update(bot, update, **kwargs)
               ^^^^^^^^^^^^^^^^^^^^^^^^^^^^^^^^^^^^^^^^^^^^^
  File "C:\Users\Sanjar\vscode_projects\.venv\Lib\site-packages\aiogram\dispatcher\dispatcher.py", line 164, in feed_update
    response = await self.update.wrap_outer_middleware(
               ^^^^^^^^^^^^^^^^^^^^^^^^^^^^^^^^^^^^^^^^
    ...<7 lines>...
    )
    ^
  File "C:\Users\Sanjar\vscode_projects\.venv\Lib\site-packages\aiogram\dispatcher\middlewares\error.py", line 31, in __call__
    response = await self.router.propagate_event(
               ^^^^^^^^^^^^^^^^^^^^^^^^^^^^^^^^^^
    ...<3 lines>...
    )
    ^
  File "C:\Users\Sanjar\vscode_projects\.venv\Lib\site-packages\aiogram\dispatcher\router.py", line 161, in propagate_event
    return await observer.wrap_outer_middleware(_wrapped, event=event, data=kwargs)
           ^^^^^^^^^^^^^^^^^^^^^^^^^^^^^^^^^^^^^^^^^^^^^^^^^^^^^^^^^^^^^^^^^^^^^^^^
  File "C:\Users\Sanjar\vscode_projects\.venv\Lib\site-packages\aiogram\dispatcher\router.py", line 153, in _wrapped
    return await self._propagate_event(
           ^^^^^^^^^^^^^^^^^^^^^^^^^^^^
    ...<4 lines>...
    )
    ^
  File "C:\Users\Sanjar\vscode_projects\.venv\Lib\site-packages\aiogram\dispatcher\router.py", line 189, in _propagate_event
    response = await router.propagate_event(update_type=update_type, event=event, **kwargs)
               ^^^^^^^^^^^^^^^^^^^^^^^^^^^^^^^^^^^^^^^^^^^^^^^^^^^^^^^^^^^^^^^^^^^^^^^^^^^^
  File "C:\Users\Sanjar\vscode_projects\.venv\Lib\site-packages\aiogram\dispatcher\router.py", line 161, in propagate_event
    return await observer.wrap_outer_middleware(_wrapped, event=event, data=kwargs)
           ^^^^^^^^^^^^^^^^^^^^^^^^^^^^^^^^^^^^^^^^^^^^^^^^^^^^^^^^^^^^^^^^^^^^^^^^
  File "C:\Users\Sanjar\vscode_projects\.venv\Lib\site-packages\aiogram\dispatcher\router.py", line 153, in _wrapped
    return await self._propagate_event(
           ^^^^^^^^^^^^^^^^^^^^^^^^^^^^
    ...<4 lines>...
    )
    ^
  File "C:\Users\Sanjar\vscode_projects\.venv\Lib\site-packages\aiogram\dispatcher\router.py", line 181, in _propagate_event
    response = await observer.trigger(event, **kwargs)
               ^^^^^^^^^^^^^^^^^^^^^^^^^^^^^^^^^^^^^^^
  File "C:\Users\Sanjar\vscode_projects\.venv\Lib\site-packages\aiogram\dispatcher\event\telegram.py", line 126, in trigger
    return await wrapped_inner(event, kwargs)
           ^^^^^^^^^^^^^^^^^^^^^^^^^^^^^^^^^^
  File "C:\Users\Sanjar\vscode_projects\.venv\Lib\site-packages\aiogram\dispatcher\event\handler.py", line 71, in call
    return await wrapped()
                 ~~~~~~~^^
TypeError: errors_handler() missing 1 required positional argument: 'exception'
2026-02-11 18:34:20,691 | ERROR | bot.middlewares.db | DB session rolled back due to error
Traceback (most recent call last):
  File "C:\Users\Sanjar\vscode_projects\namoz-bot\bot\middlewares\db.py", line 26, in __call__
    result = await handler(event, data)
             ^^^^^^^^^^^^^^^^^^^^^^^^^^
  File "C:\Users\Sanjar\vscode_projects\namoz-bot\bot\middlewares\i18n.py", line 34, in __call__
    return await handler(event, data)
           ^^^^^^^^^^^^^^^^^^^^^^^^^^
  File "C:\Users\Sanjar\vscode_projects\.venv\Lib\site-packages\aiogram\dispatcher\event\handler.py", line 71, in call
    return await wrapped()
           ^^^^^^^^^^^^^^^
  File "C:\Users\Sanjar\vscode_projects\.venv\Lib\site-packages\aiogram\dispatcher\dispatcher.py", line 283, in _listen_update
    return await self.propagate_event(update_type=update_type, event=event, **kwargs)
           ^^^^^^^^^^^^^^^^^^^^^^^^^^^^^^^^^^^^^^^^^^^^^^^^^^^^^^^^^^^^^^^^^^^^^^^^^^
  File "C:\Users\Sanjar\vscode_projects\.venv\Lib\site-packages\aiogram\dispatcher\router.py", line 161, in propagate_event
    return await observer.wrap_outer_middleware(_wrapped, event=event, data=kwargs)
           ^^^^^^^^^^^^^^^^^^^^^^^^^^^^^^^^^^^^^^^^^^^^^^^^^^^^^^^^^^^^^^^^^^^^^^^^
  File "C:\Users\Sanjar\vscode_projects\.venv\Lib\site-packages\aiogram\dispatcher\router.py", line 153, in _wrapped
    return await self._propagate_event(
           ^^^^^^^^^^^^^^^^^^^^^^^^^^^^
    ...<4 lines>...
    )
    ^
  File "C:\Users\Sanjar\vscode_projects\.venv\Lib\site-packages\aiogram\dispatcher\router.py", line 189, in _propagate_event
    response = await router.propagate_event(update_type=update_type, event=event, **kwargs)
               ^^^^^^^^^^^^^^^^^^^^^^^^^^^^^^^^^^^^^^^^^^^^^^^^^^^^^^^^^^^^^^^^^^^^^^^^^^^^
  File "C:\Users\Sanjar\vscode_projects\.venv\Lib\site-packages\aiogram\dispatcher\router.py", line 161, in propagate_event
    return await observer.wrap_outer_middleware(_wrapped, event=event, data=kwargs)
           ^^^^^^^^^^^^^^^^^^^^^^^^^^^^^^^^^^^^^^^^^^^^^^^^^^^^^^^^^^^^^^^^^^^^^^^^
  File "C:\Users\Sanjar\vscode_projects\.venv\Lib\site-packages\aiogram\dispatcher\router.py", line 153, in _wrapped
    return await self._propagate_event(
           ^^^^^^^^^^^^^^^^^^^^^^^^^^^^
    ...<4 lines>...
    )
    ^
  File "C:\Users\Sanjar\vscode_projects\.venv\Lib\site-packages\aiogram\dispatcher\router.py", line 181, in _propagate_event
    response = await observer.trigger(event, **kwargs)
               ^^^^^^^^^^^^^^^^^^^^^^^^^^^^^^^^^^^^^^^
  File "C:\Users\Sanjar\vscode_projects\.venv\Lib\site-packages\aiogram\dispatcher\event\telegram.py", line 126, in trigger
    return await wrapped_inner(event, kwargs)
           ^^^^^^^^^^^^^^^^^^^^^^^^^^^^^^^^^^
  File "C:\Users\Sanjar\vscode_projects\.venv\Lib\site-packages\aiogram\dispatcher\event\handler.py", line 71, in call
    return await wrapped()
                 ~~~~~~~^^
TypeError: set_language_handler() missing 1 required positional argument: 'db_user'
2026-02-11 18:34:20,718 | INFO | aiogram.event | Update id=717650155 is not handled. Duration 29 ms by bot id=8271511197
2026-02-11 18:34:20,722 | ERROR | aiogram.event | Cause exception while process update id=717650155 by bot id=8271511197
TypeError: errors_handler() missing 1 required positional argument: 'exception'
Traceback (most recent call last):
  File "C:\Users\Sanjar\vscode_projects\.venv\Lib\site-packages\aiogram\dispatcher\middlewares\error.py", line 27, in __call__
    return await handler(event, data)
           ^^^^^^^^^^^^^^^^^^^^^^^^^^
  File "C:\Users\Sanjar\vscode_projects\.venv\Lib\site-packages\aiogram\dispatcher\middlewares\user_context.py", line 58, in __call__
    return await handler(event, data)
           ^^^^^^^^^^^^^^^^^^^^^^^^^^
  File "C:\Users\Sanjar\vscode_projects\.venv\Lib\site-packages\aiogram\fsm\middleware.py", line 43, in __call__
    return await handler(event, data)
           ^^^^^^^^^^^^^^^^^^^^^^^^^^
  File "C:\Users\Sanjar\vscode_projects\.venv\Lib\site-packages\aiogram\dispatcher\event\telegram.py", line 126, in trigger
    return await wrapped_inner(event, kwargs)
           ^^^^^^^^^^^^^^^^^^^^^^^^^^^^^^^^^^
  File "C:\Users\Sanjar\vscode_projects\namoz-bot\bot\middlewares\db.py", line 26, in __call__
    result = await handler(event, data)
             ^^^^^^^^^^^^^^^^^^^^^^^^^^
  File "C:\Users\Sanjar\vscode_projects\namoz-bot\bot\middlewares\i18n.py", line 34, in __call__
    return await handler(event, data)
           ^^^^^^^^^^^^^^^^^^^^^^^^^^
  File "C:\Users\Sanjar\vscode_projects\.venv\Lib\site-packages\aiogram\dispatcher\event\handler.py", line 71, in call
    return await wrapped()
           ^^^^^^^^^^^^^^^
  File "C:\Users\Sanjar\vscode_projects\.venv\Lib\site-packages\aiogram\dispatcher\dispatcher.py", line 283, in _listen_update
    return await self.propagate_event(update_type=update_type, event=event, **kwargs)
           ^^^^^^^^^^^^^^^^^^^^^^^^^^^^^^^^^^^^^^^^^^^^^^^^^^^^^^^^^^^^^^^^^^^^^^^^^^
  File "C:\Users\Sanjar\vscode_projects\.venv\Lib\site-packages\aiogram\dispatcher\router.py", line 161, in propagate_event
    return await observer.wrap_outer_middleware(_wrapped, event=event, data=kwargs)
           ^^^^^^^^^^^^^^^^^^^^^^^^^^^^^^^^^^^^^^^^^^^^^^^^^^^^^^^^^^^^^^^^^^^^^^^^
  File "C:\Users\Sanjar\vscode_projects\.venv\Lib\site-packages\aiogram\dispatcher\router.py", line 153, in _wrapped
    return await self._propagate_event(
           ^^^^^^^^^^^^^^^^^^^^^^^^^^^^
    ...<4 lines>...
    )
    ^
  File "C:\Users\Sanjar\vscode_projects\.venv\Lib\site-packages\aiogram\dispatcher\router.py", line 189, in _propagate_event
    response = await router.propagate_event(update_type=update_type, event=event, **kwargs)
               ^^^^^^^^^^^^^^^^^^^^^^^^^^^^^^^^^^^^^^^^^^^^^^^^^^^^^^^^^^^^^^^^^^^^^^^^^^^^
  File "C:\Users\Sanjar\vscode_projects\.venv\Lib\site-packages\aiogram\dispatcher\router.py", line 161, in propagate_event
    return await observer.wrap_outer_middleware(_wrapped, event=event, data=kwargs)
           ^^^^^^^^^^^^^^^^^^^^^^^^^^^^^^^^^^^^^^^^^^^^^^^^^^^^^^^^^^^^^^^^^^^^^^^^
  File "C:\Users\Sanjar\vscode_projects\.venv\Lib\site-packages\aiogram\dispatcher\router.py", line 153, in _wrapped
    return await self._propagate_event(
           ^^^^^^^^^^^^^^^^^^^^^^^^^^^^
    ...<4 lines>...
    )
    ^
  File "C:\Users\Sanjar\vscode_projects\.venv\Lib\site-packages\aiogram\dispatcher\router.py", line 181, in _propagate_event
    response = await observer.trigger(event, **kwargs)
               ^^^^^^^^^^^^^^^^^^^^^^^^^^^^^^^^^^^^^^^
  File "C:\Users\Sanjar\vscode_projects\.venv\Lib\site-packages\aiogram\dispatcher\event\telegram.py", line 126, in trigger
    return await wrapped_inner(event, kwargs)
           ^^^^^^^^^^^^^^^^^^^^^^^^^^^^^^^^^^
  File "C:\Users\Sanjar\vscode_projects\.venv\Lib\site-packages\aiogram\dispatcher\event\handler.py", line 71, in call
    return await wrapped()
                 ~~~~~~~^^
TypeError: set_language_handler() missing 1 required positional argument: 'db_user'

During handling of the above exception, another exception occurred:

Traceback (most recent call last):
  File "C:\Users\Sanjar\vscode_projects\.venv\Lib\site-packages\aiogram\dispatcher\dispatcher.py", line 320, in _process_update
    response = await self.feed_update(bot, update, **kwargs)
               ^^^^^^^^^^^^^^^^^^^^^^^^^^^^^^^^^^^^^^^^^^^^^
  File "C:\Users\Sanjar\vscode_projects\.venv\Lib\site-packages\aiogram\dispatcher\dispatcher.py", line 164, in feed_update
    response = await self.update.wrap_outer_middleware(
               ^^^^^^^^^^^^^^^^^^^^^^^^^^^^^^^^^^^^^^^^
    ...<7 lines>...
    )
    ^
  File "C:\Users\Sanjar\vscode_projects\.venv\Lib\site-packages\aiogram\dispatcher\middlewares\error.py", line 31, in __call__
    response = await self.router.propagate_event(
               ^^^^^^^^^^^^^^^^^^^^^^^^^^^^^^^^^^
    ...<3 lines>...
    )
    ^
  File "C:\Users\Sanjar\vscode_projects\.venv\Lib\site-packages\aiogram\dispatcher\router.py", line 161, in propagate_event
    return await observer.wrap_outer_middleware(_wrapped, event=event, data=kwargs)
           ^^^^^^^^^^^^^^^^^^^^^^^^^^^^^^^^^^^^^^^^^^^^^^^^^^^^^^^^^^^^^^^^^^^^^^^^
  File "C:\Users\Sanjar\vscode_projects\.venv\Lib\site-packages\aiogram\dispatcher\router.py", line 153, in _wrapped
    return await self._propagate_event(
           ^^^^^^^^^^^^^^^^^^^^^^^^^^^^
    ...<4 lines>...
    )
    ^
  File "C:\Users\Sanjar\vscode_projects\.venv\Lib\site-packages\aiogram\dispatcher\router.py", line 189, in _propagate_event
    response = await router.propagate_event(update_type=update_type, event=event, **kwargs)
               ^^^^^^^^^^^^^^^^^^^^^^^^^^^^^^^^^^^^^^^^^^^^^^^^^^^^^^^^^^^^^^^^^^^^^^^^^^^^
  File "C:\Users\Sanjar\vscode_projects\.venv\Lib\site-packages\aiogram\dispatcher\router.py", line 161, in propagate_event
    return await observer.wrap_outer_middleware(_wrapped, event=event, data=kwargs)
           ^^^^^^^^^^^^^^^^^^^^^^^^^^^^^^^^^^^^^^^^^^^^^^^^^^^^^^^^^^^^^^^^^^^^^^^^
  File "C:\Users\Sanjar\vscode_projects\.venv\Lib\site-packages\aiogram\dispatcher\router.py", line 153, in _wrapped
    return await self._propagate_event(
           ^^^^^^^^^^^^^^^^^^^^^^^^^^^^
    ...<4 lines>...
    )
    ^
  File "C:\Users\Sanjar\vscode_projects\.venv\Lib\site-packages\aiogram\dispatcher\router.py", line 181, in _propagate_event
    response = await observer.trigger(event, **kwargs)
               ^^^^^^^^^^^^^^^^^^^^^^^^^^^^^^^^^^^^^^^
  File "C:\Users\Sanjar\vscode_projects\.venv\Lib\site-packages\aiogram\dispatcher\event\telegram.py", line 126, in trigger
    return await wrapped_inner(event, kwargs)
           ^^^^^^^^^^^^^^^^^^^^^^^^^^^^^^^^^^
  File "C:\Users\Sanjar\vscode_projects\.venv\Lib\site-packages\aiogram\dispatcher\event\handler.py", line 71, in call
    return await wrapped()
                 ~~~~~~~^^
TypeError: errors_handler() missing 1 required positional argument: 'exception'
2026-02-11 18:34:51,377 | INFO | aiogram.dispatcher | Polling stopped
2026-02-11 18:34:51,378 | ERROR | aiogram.dispatcher | Failed to fetch updates - TelegramNetworkError: HTTP Client says - ServerDisconnectedError: Server disconnected
2026-02-11 18:34:51,379 | WARNING | aiogram.dispatcher | Sleep for 1.000000 seconds and try again... (tryings = 0, bot id = 8271511197)
2026-02-11 18:34:51,633 | INFO | aiogram.dispatcher | Polling stopped for bot @NamozPlusBot id=8271511197 - 'Namoz Time & Islamic Assistant Bot'
2026-02-11 18:34:57,003 | INFO | apscheduler.scheduler | Adding job tentatively -- it will be properly scheduled when the scheduler starts
2026-02-11 18:34:57,004 | INFO | apscheduler.scheduler | Added job "SchedulerService.refresh_all" to job store "default"
2026-02-11 18:34:57,005 | INFO | apscheduler.scheduler | Scheduler started
2026-02-11 18:34:57,101 | INFO | aiogram.dispatcher | Start polling
2026-02-11 18:34:57,464 | INFO | aiogram.dispatcher | Run polling for bot @NamozPlusBot id=8271511197 - 'Namoz Time & Islamic Assistant Bot'
2026-02-11 18:35:00,023 | INFO | aiogram.event | Update id=717650156 is handled. Duration 380 ms by bot id=8271511197
2026-02-11 18:35:01,847 | ERROR | bot.middlewares.db | DB session rolled back due to error
Traceback (most recent call last):
  File "C:\Users\Sanjar\vscode_projects\namoz-bot\bot\middlewares\db.py", line 26, in __call__
    result = await handler(event, data)
             ^^^^^^^^^^^^^^^^^^^^^^^^^^
  File "C:\Users\Sanjar\vscode_projects\namoz-bot\bot\middlewares\i18n.py", line 34, in __call__
    return await handler(event, data)
           ^^^^^^^^^^^^^^^^^^^^^^^^^^
  File "C:\Users\Sanjar\vscode_projects\.venv\Lib\site-packages\aiogram\dispatcher\event\handler.py", line 71, in call
    return await wrapped()
           ^^^^^^^^^^^^^^^
  File "C:\Users\Sanjar\vscode_projects\.venv\Lib\site-packages\aiogram\dispatcher\dispatcher.py", line 283, in _listen_update
    return await self.propagate_event(update_type=update_type, event=event, **kwargs)
           ^^^^^^^^^^^^^^^^^^^^^^^^^^^^^^^^^^^^^^^^^^^^^^^^^^^^^^^^^^^^^^^^^^^^^^^^^^
  File "C:\Users\Sanjar\vscode_projects\.venv\Lib\site-packages\aiogram\dispatcher\router.py", line 161, in propagate_event
    return await observer.wrap_outer_middleware(_wrapped, event=event, data=kwargs)
           ^^^^^^^^^^^^^^^^^^^^^^^^^^^^^^^^^^^^^^^^^^^^^^^^^^^^^^^^^^^^^^^^^^^^^^^^
  File "C:\Users\Sanjar\vscode_projects\.venv\Lib\site-packages\aiogram\dispatcher\router.py", line 153, in _wrapped
    return await self._propagate_event(
           ^^^^^^^^^^^^^^^^^^^^^^^^^^^^
    ...<4 lines>...
    )
    ^
  File "C:\Users\Sanjar\vscode_projects\.venv\Lib\site-packages\aiogram\dispatcher\router.py", line 189, in _propagate_event
    response = await router.propagate_event(update_type=update_type, event=event, **kwargs)
               ^^^^^^^^^^^^^^^^^^^^^^^^^^^^^^^^^^^^^^^^^^^^^^^^^^^^^^^^^^^^^^^^^^^^^^^^^^^^
  File "C:\Users\Sanjar\vscode_projects\.venv\Lib\site-packages\aiogram\dispatcher\router.py", line 161, in propagate_event
    return await observer.wrap_outer_middleware(_wrapped, event=event, data=kwargs)
           ^^^^^^^^^^^^^^^^^^^^^^^^^^^^^^^^^^^^^^^^^^^^^^^^^^^^^^^^^^^^^^^^^^^^^^^^
  File "C:\Users\Sanjar\vscode_projects\.venv\Lib\site-packages\aiogram\dispatcher\router.py", line 153, in _wrapped
    return await self._propagate_event(
           ^^^^^^^^^^^^^^^^^^^^^^^^^^^^
    ...<4 lines>...
    )
    ^
  File "C:\Users\Sanjar\vscode_projects\.venv\Lib\site-packages\aiogram\dispatcher\router.py", line 181, in _propagate_event
    response = await observer.trigger(event, **kwargs)
               ^^^^^^^^^^^^^^^^^^^^^^^^^^^^^^^^^^^^^^^
  File "C:\Users\Sanjar\vscode_projects\.venv\Lib\site-packages\aiogram\dispatcher\event\telegram.py", line 126, in trigger
    return await wrapped_inner(event, kwargs)
           ^^^^^^^^^^^^^^^^^^^^^^^^^^^^^^^^^^
  File "C:\Users\Sanjar\vscode_projects\.venv\Lib\site-packages\aiogram\dispatcher\event\handler.py", line 71, in call
    return await wrapped()
                 ~~~~~~~^^
TypeError: set_language_handler() missing 1 required positional argument: 'db_user'
2026-02-11 18:35:01,854 | ERROR | bot.handlers.errors | Unhandled exception: update=Update(update_id=717650157, message=None, edited_message=None, channel_post=None, edited_channel_post=None, business_connection=None, business_message=None, edited_business_message=None, deleted_business_messages=None, message_reaction=None, message_reaction_count=None, inline_query=None, chosen_inline_result=None, callback_query=CallbackQuery(id='8180629270921367601', from_user=User(id=8347152122, is_bot=False, first_name='سنجر', last_name=None, username='raxmv77', language_code='en', is_premium=None, added_to_attachment_menu=None, can_join_groups=None, can_read_all_group_messages=None, supports_inline_queries=None, can_connect_to_business=None, has_main_web_app=None, has_topics_enabled=None, allows_users_to_create_topics=None), chat_instance='-3702739898278178400', message=Message(message_id=5, date=datetime.datetime(2026, 2, 11, 13, 35, tzinfo=TzInfo(0)), chat=Chat(id=8347152122, type='private', title=None, username='raxmv77', first_name='سنجر', last_name=None, is_forum=None, is_direct_messages=None, accent_color_id=None, active_usernames=None, available_reactions=None, background_custom_emoji_id=None, bio=None, birthdate=None, business_intro=None, business_location=None, business_opening_hours=None, can_set_sticker_set=None, custom_emoji_sticker_set_name=None, description=None, emoji_status_custom_emoji_id=None, emoji_status_expiration_date=None, has_aggressive_anti_spam_enabled=None, has_hidden_members=None, has_private_forwards=None, has_protected_content=None, has_restricted_voice_and_video_messages=None, has_visible_history=None, invite_link=None, join_by_request=None, join_to_send_messages=None, linked_chat_id=None, location=None, message_auto_delete_time=None, permissions=None, personal_chat=None, photo=None, pinned_message=None, profile_accent_color_id=None, profile_background_custom_emoji_id=None, slow_mode_delay=None, sticker_set_name=None, unrestrict_boost_count=None), message_thread_id=None, direct_messages_topic=None, from_user=User(id=8271511197, is_bot=True, first_name='Namoz Time & Islamic Assistant Bot', last_name=None, username='NamozPlusBot', language_code=None, is_premium=None, added_to_attachment_menu=None, can_join_groups=None, can_read_all_group_messages=None, supports_inline_queries=None, can_connect_to_business=None, has_main_web_app=None, has_topics_enabled=None, allows_users_to_create_topics=None), sender_chat=None, sender_boost_count=None, sender_business_bot=None, business_connection_id=None, forward_origin=None, is_topic_message=None, is_automatic_forward=None, reply_to_message=None, external_reply=None, quote=None, reply_to_story=None, reply_to_checklist_task_id=None, via_bot=None, edit_date=None, has_protected_content=None, is_from_offline=None, is_paid_post=None, media_group_id=None, author_signature=None, paid_star_count=None, text='Assalomu alaykum! Namoz Time & Islamic Assistant Botga xush kelibsiz.\nTilni tanlang:', entities=[MessageEntity(type='bold', offset=18, length=34, url=None, user=None, language=None, custom_emoji_id=None)], link_preview_options=None, suggested_post_info=None, effect_id=None, animation=None, audio=None, document=None, paid_media=None, photo=None, sticker=None, story=None, video=None, video_note=None, voice=None, caption=None, caption_entities=None, show_caption_above_media=None, has_media_spoiler=None, checklist=None, contact=None, dice=None, game=None, poll=None, venue=None, location=None, new_chat_members=None, left_chat_member=None, chat_owner_left=None, chat_owner_changed=None, new_chat_title=None, new_chat_photo=None, delete_chat_photo=None, group_chat_created=None, supergroup_chat_created=None, channel_chat_created=None, message_auto_delete_timer_changed=None, migrate_to_chat_id=None, migrate_from_chat_id=None, pinned_message=None, invoice=None, successful_payment=None, refunded_payment=None, users_shared=None, chat_shared=None, gift=None, unique_gift=None, gift_upgrade_sent=None, connected_website=None, write_access_allowed=None, passport_data=None, proximity_alert_triggered=None, boost_added=None, chat_background_set=None, checklist_tasks_done=None, checklist_tasks_added=None, direct_message_price_changed=None, forum_topic_created=None, forum_topic_edited=None, forum_topic_closed=None, forum_topic_reopened=None, general_forum_topic_hidden=None, general_forum_topic_unhidden=None, giveaway_created=None, giveaway=None, giveaway_winners=None, giveaway_completed=None, paid_message_price_changed=None, suggested_post_approved=None, suggested_post_approval_failed=None, suggested_post_declined=None, suggested_post_paid=None, suggested_post_refunded=None, video_chat_scheduled=None, video_chat_started=None, video_chat_ended=None, video_chat_participants_invited=None, web_app_data=None, reply_markup=InlineKeyboardMarkup(inline_keyboard=[[InlineKeyboardButton(text="🇺🇿 O'zbek", icon_custom_emoji_id=None, style=None, url=None, callback_data='lang:uz', web_app=None, login_url=None, switch_inline_query=None, switch_inline_query_current_chat=None, switch_inline_query_chosen_chat=None, copy_text=None, callback_game=None, pay=None)], [InlineKeyboardButton(text='🇷🇺 Русский', icon_custom_emoji_id=None, style=None, url=None, callback_data='lang:ru', web_app=None, login_url=None, switch_inline_query=None, switch_inline_query_current_chat=None, switch_inline_query_chosen_chat=None, copy_text=None, callback_game=None, pay=None)], [InlineKeyboardButton(text='🇬🇧 English', icon_custom_emoji_id=None, style=None, url=None, callback_data='lang:en', web_app=None, login_url=None, switch_inline_query=None, switch_inline_query_current_chat=None, switch_inline_query_chosen_chat=None, copy_text=None, callback_game=None, pay=None)]]), forward_date=None, forward_from=None, forward_from_chat=None, forward_from_message_id=None, forward_sender_name=None, forward_signature=None, user_shared=None), inline_message_id=None, data='lang:uz', game_short_name=None), shipping_query=None, pre_checkout_query=None, purchased_paid_media=None, poll=None, poll_answer=None, my_chat_member=None, chat_member=None, chat_join_request=None, chat_boost=None, removed_chat_boost=None) exception=TypeError("set_language_handler() missing 1 required positional argument: 'db_user'")
Traceback (most recent call last):
  File "C:\Users\Sanjar\vscode_projects\.venv\Lib\site-packages\aiogram\dispatcher\middlewares\error.py", line 27, in __call__
    return await handler(event, data)
           ^^^^^^^^^^^^^^^^^^^^^^^^^^
  File "C:\Users\Sanjar\vscode_projects\.venv\Lib\site-packages\aiogram\dispatcher\middlewares\user_context.py", line 58, in __call__
    return await handler(event, data)
           ^^^^^^^^^^^^^^^^^^^^^^^^^^
  File "C:\Users\Sanjar\vscode_projects\.venv\Lib\site-packages\aiogram\fsm\middleware.py", line 43, in __call__
    return await handler(event, data)
           ^^^^^^^^^^^^^^^^^^^^^^^^^^
  File "C:\Users\Sanjar\vscode_projects\.venv\Lib\site-packages\aiogram\dispatcher\event\telegram.py", line 126, in trigger
    return await wrapped_inner(event, kwargs)
           ^^^^^^^^^^^^^^^^^^^^^^^^^^^^^^^^^^
  File "C:\Users\Sanjar\vscode_projects\namoz-bot\bot\middlewares\db.py", line 26, in __call__
    result = await handler(event, data)
             ^^^^^^^^^^^^^^^^^^^^^^^^^^
  File "C:\Users\Sanjar\vscode_projects\namoz-bot\bot\middlewares\i18n.py", line 34, in __call__
    return await handler(event, data)
           ^^^^^^^^^^^^^^^^^^^^^^^^^^
  File "C:\Users\Sanjar\vscode_projects\.venv\Lib\site-packages\aiogram\dispatcher\event\handler.py", line 71, in call
    return await wrapped()
           ^^^^^^^^^^^^^^^
  File "C:\Users\Sanjar\vscode_projects\.venv\Lib\site-packages\aiogram\dispatcher\dispatcher.py", line 283, in _listen_update
    return await self.propagate_event(update_type=update_type, event=event, **kwargs)
           ^^^^^^^^^^^^^^^^^^^^^^^^^^^^^^^^^^^^^^^^^^^^^^^^^^^^^^^^^^^^^^^^^^^^^^^^^^
  File "C:\Users\Sanjar\vscode_projects\.venv\Lib\site-packages\aiogram\dispatcher\router.py", line 161, in propagate_event
    return await observer.wrap_outer_middleware(_wrapped, event=event, data=kwargs)
           ^^^^^^^^^^^^^^^^^^^^^^^^^^^^^^^^^^^^^^^^^^^^^^^^^^^^^^^^^^^^^^^^^^^^^^^^
  File "C:\Users\Sanjar\vscode_projects\.venv\Lib\site-packages\aiogram\dispatcher\router.py", line 153, in _wrapped
    return await self._propagate_event(
           ^^^^^^^^^^^^^^^^^^^^^^^^^^^^
    ...<4 lines>...
    )
    ^
  File "C:\Users\Sanjar\vscode_projects\.venv\Lib\site-packages\aiogram\dispatcher\router.py", line 189, in _propagate_event
    response = await router.propagate_event(update_type=update_type, event=event, **kwargs)
               ^^^^^^^^^^^^^^^^^^^^^^^^^^^^^^^^^^^^^^^^^^^^^^^^^^^^^^^^^^^^^^^^^^^^^^^^^^^^
  File "C:\Users\Sanjar\vscode_projects\.venv\Lib\site-packages\aiogram\dispatcher\router.py", line 161, in propagate_event
    return await observer.wrap_outer_middleware(_wrapped, event=event, data=kwargs)
           ^^^^^^^^^^^^^^^^^^^^^^^^^^^^^^^^^^^^^^^^^^^^^^^^^^^^^^^^^^^^^^^^^^^^^^^^
  File "C:\Users\Sanjar\vscode_projects\.venv\Lib\site-packages\aiogram\dispatcher\router.py", line 153, in _wrapped
    return await self._propagate_event(
           ^^^^^^^^^^^^^^^^^^^^^^^^^^^^
    ...<4 lines>...
    )
    ^
  File "C:\Users\Sanjar\vscode_projects\.venv\Lib\site-packages\aiogram\dispatcher\router.py", line 181, in _propagate_event
    response = await observer.trigger(event, **kwargs)
               ^^^^^^^^^^^^^^^^^^^^^^^^^^^^^^^^^^^^^^^
  File "C:\Users\Sanjar\vscode_projects\.venv\Lib\site-packages\aiogram\dispatcher\event\telegram.py", line 126, in trigger
    return await wrapped_inner(event, kwargs)
           ^^^^^^^^^^^^^^^^^^^^^^^^^^^^^^^^^^
  File "C:\Users\Sanjar\vscode_projects\.venv\Lib\site-packages\aiogram\dispatcher\event\handler.py", line 71, in call
    return await wrapped()
                 ~~~~~~~^^
TypeError: set_language_handler() missing 1 required positional argument: 'db_user'
2026-02-11 18:35:01,871 | INFO | aiogram.event | Update id=717650157 is handled. Duration 26 ms by bot id=8271511197
2026-02-11 18:35:14,048 | ERROR | bot.middlewares.db | DB session rolled back due to error
Traceback (most recent call last):
  File "C:\Users\Sanjar\vscode_projects\namoz-bot\bot\middlewares\db.py", line 26, in __call__
    result = await handler(event, data)
             ^^^^^^^^^^^^^^^^^^^^^^^^^^
  File "C:\Users\Sanjar\vscode_projects\namoz-bot\bot\middlewares\i18n.py", line 34, in __call__
    return await handler(event, data)
           ^^^^^^^^^^^^^^^^^^^^^^^^^^
  File "C:\Users\Sanjar\vscode_projects\.venv\Lib\site-packages\aiogram\dispatcher\event\handler.py", line 71, in call
    return await wrapped()
           ^^^^^^^^^^^^^^^
  File "C:\Users\Sanjar\vscode_projects\.venv\Lib\site-packages\aiogram\dispatcher\dispatcher.py", line 283, in _listen_update
    return await self.propagate_event(update_type=update_type, event=event, **kwargs)
           ^^^^^^^^^^^^^^^^^^^^^^^^^^^^^^^^^^^^^^^^^^^^^^^^^^^^^^^^^^^^^^^^^^^^^^^^^^
  File "C:\Users\Sanjar\vscode_projects\.venv\Lib\site-packages\aiogram\dispatcher\router.py", line 161, in propagate_event
    return await observer.wrap_outer_middleware(_wrapped, event=event, data=kwargs)
           ^^^^^^^^^^^^^^^^^^^^^^^^^^^^^^^^^^^^^^^^^^^^^^^^^^^^^^^^^^^^^^^^^^^^^^^^
  File "C:\Users\Sanjar\vscode_projects\.venv\Lib\site-packages\aiogram\dispatcher\router.py", line 153, in _wrapped
    return await self._propagate_event(
           ^^^^^^^^^^^^^^^^^^^^^^^^^^^^
    ...<4 lines>...
    )
    ^
  File "C:\Users\Sanjar\vscode_projects\.venv\Lib\site-packages\aiogram\dispatcher\router.py", line 189, in _propagate_event
    response = await router.propagate_event(update_type=update_type, event=event, **kwargs)
               ^^^^^^^^^^^^^^^^^^^^^^^^^^^^^^^^^^^^^^^^^^^^^^^^^^^^^^^^^^^^^^^^^^^^^^^^^^^^
  File "C:\Users\Sanjar\vscode_projects\.venv\Lib\site-packages\aiogram\dispatcher\router.py", line 161, in propagate_event
    return await observer.wrap_outer_middleware(_wrapped, event=event, data=kwargs)
           ^^^^^^^^^^^^^^^^^^^^^^^^^^^^^^^^^^^^^^^^^^^^^^^^^^^^^^^^^^^^^^^^^^^^^^^^
  File "C:\Users\Sanjar\vscode_projects\.venv\Lib\site-packages\aiogram\dispatcher\router.py", line 153, in _wrapped
    return await self._propagate_event(
           ^^^^^^^^^^^^^^^^^^^^^^^^^^^^
    ...<4 lines>...
    )
    ^
  File "C:\Users\Sanjar\vscode_projects\.venv\Lib\site-packages\aiogram\dispatcher\router.py", line 181, in _propagate_event
    response = await observer.trigger(event, **kwargs)
               ^^^^^^^^^^^^^^^^^^^^^^^^^^^^^^^^^^^^^^^
  File "C:\Users\Sanjar\vscode_projects\.venv\Lib\site-packages\aiogram\dispatcher\event\telegram.py", line 126, in trigger
    return await wrapped_inner(event, kwargs)
           ^^^^^^^^^^^^^^^^^^^^^^^^^^^^^^^^^^
  File "C:\Users\Sanjar\vscode_projects\.venv\Lib\site-packages\aiogram\dispatcher\event\handler.py", line 71, in call
    return await wrapped()
                 ~~~~~~~^^
TypeError: set_language_handler() missing 1 required positional argument: 'db_user'
2026-02-11 18:35:14,061 | ERROR | bot.handlers.errors | Unhandled exception: update=Update(update_id=717650158, message=None, edited_message=None, channel_post=None, edited_channel_post=None, business_connection=None, business_message=None, edited_business_message=None, deleted_business_messages=None, message_reaction=None, message_reaction_count=None, inline_query=None, chosen_inline_result=None, callback_query=CallbackQuery(id='8180629270500367816', from_user=User(id=8347152122, is_bot=False, first_name='سنجر', last_name=None, username='raxmv77', language_code='en', is_premium=None, added_to_attachment_menu=None, can_join_groups=None, can_read_all_group_messages=None, supports_inline_queries=None, can_connect_to_business=None, has_main_web_app=None, has_topics_enabled=None, allows_users_to_create_topics=None), chat_instance='-3702739898278178400', message=Message(message_id=5, date=datetime.datetime(2026, 2, 11, 13, 35, tzinfo=TzInfo(0)), chat=Chat(id=8347152122, type='private', title=None, username='raxmv77', first_name='سنجر', last_name=None, is_forum=None, is_direct_messages=None, accent_color_id=None, active_usernames=None, available_reactions=None, background_custom_emoji_id=None, bio=None, birthdate=None, business_intro=None, business_location=None, business_opening_hours=None, can_set_sticker_set=None, custom_emoji_sticker_set_name=None, description=None, emoji_status_custom_emoji_id=None, emoji_status_expiration_date=None, has_aggressive_anti_spam_enabled=None, has_hidden_members=None, has_private_forwards=None, has_protected_content=None, has_restricted_voice_and_video_messages=None, has_visible_history=None, invite_link=None, join_by_request=None, join_to_send_messages=None, linked_chat_id=None, location=None, message_auto_delete_time=None, permissions=None, personal_chat=None, photo=None, pinned_message=None, profile_accent_color_id=None, profile_background_custom_emoji_id=None, slow_mode_delay=None, sticker_set_name=None, unrestrict_boost_count=None), message_thread_id=None, direct_messages_topic=None, from_user=User(id=8271511197, is_bot=True, first_name='Namoz Time & Islamic Assistant Bot', last_name=None, username='NamozPlusBot', language_code=None, is_premium=None, added_to_attachment_menu=None, can_join_groups=None, can_read_all_group_messages=None, supports_inline_queries=None, can_connect_to_business=None, has_main_web_app=None, has_topics_enabled=None, allows_users_to_create_topics=None), sender_chat=None, sender_boost_count=None, sender_business_bot=None, business_connection_id=None, forward_origin=None, is_topic_message=None, is_automatic_forward=None, reply_to_message=None, external_reply=None, quote=None, reply_to_story=None, reply_to_checklist_task_id=None, via_bot=None, edit_date=None, has_protected_content=None, is_from_offline=None, is_paid_post=None, media_group_id=None, author_signature=None, paid_star_count=None, text='Assalomu alaykum! Namoz Time & Islamic Assistant Botga xush kelibsiz.\nTilni tanlang:', entities=[MessageEntity(type='bold', offset=18, length=34, url=None, user=None, language=None, custom_emoji_id=None)], link_preview_options=None, suggested_post_info=None, effect_id=None, animation=None, audio=None, document=None, paid_media=None, photo=None, sticker=None, story=None, video=None, video_note=None, voice=None, caption=None, caption_entities=None, show_caption_above_media=None, has_media_spoiler=None, checklist=None, contact=None, dice=None, game=None, poll=None, venue=None, location=None, new_chat_members=None, left_chat_member=None, chat_owner_left=None, chat_owner_changed=None, new_chat_title=None, new_chat_photo=None, delete_chat_photo=None, group_chat_created=None, supergroup_chat_created=None, channel_chat_created=None, message_auto_delete_timer_changed=None, migrate_to_chat_id=None, migrate_from_chat_id=None, pinned_message=None, invoice=None, successful_payment=None, refunded_payment=None, users_shared=None, chat_shared=None, gift=None, unique_gift=None, gift_upgrade_sent=None, connected_website=None, write_access_allowed=None, passport_data=None, proximity_alert_triggered=None, boost_added=None, chat_background_set=None, checklist_tasks_done=None, checklist_tasks_added=None, direct_message_price_changed=None, forum_topic_created=None, forum_topic_edited=None, forum_topic_closed=None, forum_topic_reopened=None, general_forum_topic_hidden=None, general_forum_topic_unhidden=None, giveaway_created=None, giveaway=None, giveaway_winners=None, giveaway_completed=None, paid_message_price_changed=None, suggested_post_approved=None, suggested_post_approval_failed=None, suggested_post_declined=None, suggested_post_paid=None, suggested_post_refunded=None, video_chat_scheduled=None, video_chat_started=None, video_chat_ended=None, video_chat_participants_invited=None, web_app_data=None, reply_markup=InlineKeyboardMarkup(inline_keyboard=[[InlineKeyboardButton(text="🇺🇿 O'zbek", icon_custom_emoji_id=None, style=None, url=None, callback_data='lang:uz', web_app=None, login_url=None, switch_inline_query=None, switch_inline_query_current_chat=None, switch_inline_query_chosen_chat=None, copy_text=None, callback_game=None, pay=None)], [InlineKeyboardButton(text='🇷🇺 Русский', icon_custom_emoji_id=None, style=None, url=None, callback_data='lang:ru', web_app=None, login_url=None, switch_inline_query=None, switch_inline_query_current_chat=None, switch_inline_query_chosen_chat=None, copy_text=None, callback_game=None, pay=None)], [InlineKeyboardButton(text='🇬🇧 English', icon_custom_emoji_id=None, style=None, url=None, callback_data='lang:en', web_app=None, login_url=None, switch_inline_query=None, switch_inline_query_current_chat=None, switch_inline_query_chosen_chat=None, copy_text=None, callback_game=None, pay=None)]]), forward_date=None, forward_from=None, forward_from_chat=None, forward_from_message_id=None, forward_sender_name=None, forward_signature=None, user_shared=None), inline_message_id=None, data='lang:uz', game_short_name=None), shipping_query=None, pre_checkout_query=None, purchased_paid_media=None, poll=None, poll_answer=None, my_chat_member=None, chat_member=None, chat_join_request=None, chat_boost=None, removed_chat_boost=None) exception=TypeError("set_language_handler() missing 1 required positional argument: 'db_user'")
Traceback (most recent call last):
  File "C:\Users\Sanjar\vscode_projects\.venv\Lib\site-packages\aiogram\dispatcher\middlewares\error.py", line 27, in __call__
    return await handler(event, data)
           ^^^^^^^^^^^^^^^^^^^^^^^^^^
  File "C:\Users\Sanjar\vscode_projects\.venv\Lib\site-packages\aiogram\dispatcher\middlewares\user_context.py", line 58, in __call__
    return await handler(event, data)
           ^^^^^^^^^^^^^^^^^^^^^^^^^^
  File "C:\Users\Sanjar\vscode_projects\.venv\Lib\site-packages\aiogram\fsm\middleware.py", line 43, in __call__
    return await handler(event, data)
           ^^^^^^^^^^^^^^^^^^^^^^^^^^
  File "C:\Users\Sanjar\vscode_projects\.venv\Lib\site-packages\aiogram\dispatcher\event\telegram.py", line 126, in trigger
    return await wrapped_inner(event, kwargs)
           ^^^^^^^^^^^^^^^^^^^^^^^^^^^^^^^^^^
  File "C:\Users\Sanjar\vscode_projects\namoz-bot\bot\middlewares\db.py", line 26, in __call__
    result = await handler(event, data)
             ^^^^^^^^^^^^^^^^^^^^^^^^^^
  File "C:\Users\Sanjar\vscode_projects\namoz-bot\bot\middlewares\i18n.py", line 34, in __call__
    return await handler(event, data)
           ^^^^^^^^^^^^^^^^^^^^^^^^^^
  File "C:\Users\Sanjar\vscode_projects\.venv\Lib\site-packages\aiogram\dispatcher\event\handler.py", line 71, in call
    return await wrapped()
           ^^^^^^^^^^^^^^^
  File "C:\Users\Sanjar\vscode_projects\.venv\Lib\site-packages\aiogram\dispatcher\dispatcher.py", line 283, in _listen_update
    return await self.propagate_event(update_type=update_type, event=event, **kwargs)
           ^^^^^^^^^^^^^^^^^^^^^^^^^^^^^^^^^^^^^^^^^^^^^^^^^^^^^^^^^^^^^^^^^^^^^^^^^^
  File "C:\Users\Sanjar\vscode_projects\.venv\Lib\site-packages\aiogram\dispatcher\router.py", line 161, in propagate_event
    return await observer.wrap_outer_middleware(_wrapped, event=event, data=kwargs)
           ^^^^^^^^^^^^^^^^^^^^^^^^^^^^^^^^^^^^^^^^^^^^^^^^^^^^^^^^^^^^^^^^^^^^^^^^
  File "C:\Users\Sanjar\vscode_projects\.venv\Lib\site-packages\aiogram\dispatcher\router.py", line 153, in _wrapped
    return await self._propagate_event(
           ^^^^^^^^^^^^^^^^^^^^^^^^^^^^
    ...<4 lines>...
    )
    ^
  File "C:\Users\Sanjar\vscode_projects\.venv\Lib\site-packages\aiogram\dispatcher\router.py", line 189, in _propagate_event
    response = await router.propagate_event(update_type=update_type, event=event, **kwargs)
               ^^^^^^^^^^^^^^^^^^^^^^^^^^^^^^^^^^^^^^^^^^^^^^^^^^^^^^^^^^^^^^^^^^^^^^^^^^^^
  File "C:\Users\Sanjar\vscode_projects\.venv\Lib\site-packages\aiogram\dispatcher\router.py", line 161, in propagate_event
    return await observer.wrap_outer_middleware(_wrapped, event=event, data=kwargs)
           ^^^^^^^^^^^^^^^^^^^^^^^^^^^^^^^^^^^^^^^^^^^^^^^^^^^^^^^^^^^^^^^^^^^^^^^^
  File "C:\Users\Sanjar\vscode_projects\.venv\Lib\site-packages\aiogram\dispatcher\router.py", line 153, in _wrapped
    return await self._propagate_event(
           ^^^^^^^^^^^^^^^^^^^^^^^^^^^^
    ...<4 lines>...
    )
    ^
  File "C:\Users\Sanjar\vscode_projects\.venv\Lib\site-packages\aiogram\dispatcher\router.py", line 181, in _propagate_event
    response = await observer.trigger(event, **kwargs)
               ^^^^^^^^^^^^^^^^^^^^^^^^^^^^^^^^^^^^^^^
  File "C:\Users\Sanjar\vscode_projects\.venv\Lib\site-packages\aiogram\dispatcher\event\telegram.py", line 126, in trigger
    return await wrapped_inner(event, kwargs)
           ^^^^^^^^^^^^^^^^^^^^^^^^^^^^^^^^^^
  File "C:\Users\Sanjar\vscode_projects\.venv\Lib\site-packages\aiogram\dispatcher\event\handler.py", line 71, in call
    return await wrapped()
                 ~~~~~~~^^
TypeError: set_language_handler() missing 1 required positional argument: 'db_user'
2026-02-11 18:35:14,078 | INFO | aiogram.event | Update id=717650158 is handled. Duration 31 ms by bot id=8271511197
2026-02-11 18:35:58,529 | INFO | aiogram.dispatcher | Polling stopped
2026-02-11 18:35:58,531 | ERROR | aiogram.dispatcher | Failed to fetch updates - TelegramNetworkError: HTTP Client says - ServerDisconnectedError: Server disconnected
2026-02-11 18:35:58,531 | WARNING | aiogram.dispatcher | Sleep for 1.000000 seconds and try again... (tryings = 0, bot id = 8271511197)
2026-02-11 18:35:58,785 | INFO | aiogram.dispatcher | Polling stopped for bot @NamozPlusBot id=8271511197 - 'Namoz Time & Islamic Assistant Bot'
2026-02-11 18:36:03,997 | INFO | apscheduler.scheduler | Adding job tentatively -- it will be properly scheduled when the scheduler starts
2026-02-11 18:36:03,998 | INFO | apscheduler.scheduler | Added job "SchedulerService.refresh_all" to job store "default"
2026-02-11 18:36:03,998 | INFO | apscheduler.scheduler | Scheduler started
2026-02-11 18:36:04,093 | INFO | aiogram.dispatcher | Start polling
2026-02-11 18:36:04,443 | INFO | aiogram.dispatcher | Run polling for bot @NamozPlusBot id=8271511197 - 'Namoz Time & Islamic Assistant Bot'
2026-02-11 18:36:14,957 | INFO | aiogram.event | Update id=717650159 is handled. Duration 401 ms by bot id=8271511197
2026-02-11 18:36:16,931 | INFO | aiogram.event | Update id=717650160 is handled. Duration 790 ms by bot id=8271511197
2026-02-11 18:36:27,784 | INFO | aiogram.event | Update id=717650161 is handled. Duration 262 ms by bot id=8271511197
2026-02-11 18:36:31,567 | ERROR | bot.middlewares.db | DB session rolled back due to error
Traceback (most recent call last):
  File "C:\Users\Sanjar\vscode_projects\namoz-bot\bot\middlewares\db.py", line 26, in __call__
    result = await handler(event, data)
             ^^^^^^^^^^^^^^^^^^^^^^^^^^
  File "C:\Users\Sanjar\vscode_projects\namoz-bot\bot\middlewares\i18n.py", line 34, in __call__
    return await handler(event, data)
           ^^^^^^^^^^^^^^^^^^^^^^^^^^
  File "C:\Users\Sanjar\vscode_projects\.venv\Lib\site-packages\aiogram\dispatcher\event\handler.py", line 71, in call
    return await wrapped()
           ^^^^^^^^^^^^^^^
  File "C:\Users\Sanjar\vscode_projects\.venv\Lib\site-packages\aiogram\dispatcher\dispatcher.py", line 283, in _listen_update
    return await self.propagate_event(update_type=update_type, event=event, **kwargs)
           ^^^^^^^^^^^^^^^^^^^^^^^^^^^^^^^^^^^^^^^^^^^^^^^^^^^^^^^^^^^^^^^^^^^^^^^^^^
  File "C:\Users\Sanjar\vscode_projects\.venv\Lib\site-packages\aiogram\dispatcher\router.py", line 161, in propagate_event
    return await observer.wrap_outer_middleware(_wrapped, event=event, data=kwargs)
           ^^^^^^^^^^^^^^^^^^^^^^^^^^^^^^^^^^^^^^^^^^^^^^^^^^^^^^^^^^^^^^^^^^^^^^^^
  File "C:\Users\Sanjar\vscode_projects\.venv\Lib\site-packages\aiogram\dispatcher\router.py", line 153, in _wrapped
    return await self._propagate_event(
           ^^^^^^^^^^^^^^^^^^^^^^^^^^^^
    ...<4 lines>...
    )
    ^
  File "C:\Users\Sanjar\vscode_projects\.venv\Lib\site-packages\aiogram\dispatcher\router.py", line 189, in _propagate_event
    response = await router.propagate_event(update_type=update_type, event=event, **kwargs)
               ^^^^^^^^^^^^^^^^^^^^^^^^^^^^^^^^^^^^^^^^^^^^^^^^^^^^^^^^^^^^^^^^^^^^^^^^^^^^
  File "C:\Users\Sanjar\vscode_projects\.venv\Lib\site-packages\aiogram\dispatcher\router.py", line 161, in propagate_event
    return await observer.wrap_outer_middleware(_wrapped, event=event, data=kwargs)
           ^^^^^^^^^^^^^^^^^^^^^^^^^^^^^^^^^^^^^^^^^^^^^^^^^^^^^^^^^^^^^^^^^^^^^^^^
  File "C:\Users\Sanjar\vscode_projects\.venv\Lib\site-packages\aiogram\dispatcher\router.py", line 153, in _wrapped
    return await self._propagate_event(
           ^^^^^^^^^^^^^^^^^^^^^^^^^^^^
    ...<4 lines>...
    )
    ^
  File "C:\Users\Sanjar\vscode_projects\.venv\Lib\site-packages\aiogram\dispatcher\router.py", line 181, in _propagate_event
    response = await observer.trigger(event, **kwargs)
               ^^^^^^^^^^^^^^^^^^^^^^^^^^^^^^^^^^^^^^^
  File "C:\Users\Sanjar\vscode_projects\.venv\Lib\site-packages\aiogram\dispatcher\event\telegram.py", line 126, in trigger
    return await wrapped_inner(event, kwargs)
           ^^^^^^^^^^^^^^^^^^^^^^^^^^^^^^^^^^
  File "C:\Users\Sanjar\vscode_projects\.venv\Lib\site-packages\aiogram\dispatcher\event\handler.py", line 71, in call
    return await wrapped()
                 ~~~~~~~^^
TypeError: prayer_times_action() missing 1 required positional argument: 'db_user'
2026-02-11 18:36:31,577 | ERROR | bot.handlers.errors | Unhandled exception: update=Update(update_id=717650162, message=None, edited_message=None, channel_post=None, edited_channel_post=None, business_connection=None, business_message=None, edited_business_message=None, deleted_business_messages=None, message_reaction=None, message_reaction_count=None, inline_query=None, chosen_inline_result=None, callback_query=CallbackQuery(id='8180629270597858400', from_user=User(id=8347152122, is_bot=False, first_name='سنجر', last_name=None, username='raxmv77', language_code='en', is_premium=None, added_to_attachment_menu=None, can_join_groups=None, can_read_all_group_messages=None, supports_inline_queries=None, can_connect_to_business=None, has_main_web_app=None, has_topics_enabled=None, allows_users_to_create_topics=None), chat_instance='-3702739898278178400', message=Message(message_id=8, date=datetime.datetime(2026, 2, 11, 13, 36, 17, tzinfo=TzInfo(0)), chat=Chat(id=8347152122, type='private', title=None, username='raxmv77', first_name='سنجر', last_name=None, is_forum=None, is_direct_messages=None, accent_color_id=None, active_usernames=None, available_reactions=None, background_custom_emoji_id=None, bio=None, birthdate=None, business_intro=None, business_location=None, business_opening_hours=None, can_set_sticker_set=None, custom_emoji_sticker_set_name=None, description=None, emoji_status_custom_emoji_id=None, emoji_status_expiration_date=None, has_aggressive_anti_spam_enabled=None, has_hidden_members=None, has_private_forwards=None, has_protected_content=None, has_restricted_voice_and_video_messages=None, has_visible_history=None, invite_link=None, join_by_request=None, join_to_send_messages=None, linked_chat_id=None, location=None, message_auto_delete_time=None, permissions=None, personal_chat=None, photo=None, pinned_message=None, profile_accent_color_id=None, profile_background_custom_emoji_id=None, slow_mode_delay=None, sticker_set_name=None, unrestrict_boost_count=None), message_thread_id=None, direct_messages_topic=None, from_user=User(id=8271511197, is_bot=True, first_name='Namoz Time & Islamic Assistant Bot', last_name=None, username='NamozPlusBot', language_code=None, is_premium=None, added_to_attachment_menu=None, can_join_groups=None, can_read_all_group_messages=None, supports_inline_queries=None, can_connect_to_business=None, has_main_web_app=None, has_topics_enabled=None, allows_users_to_create_topics=None), sender_chat=None, sender_boost_count=None, sender_business_bot=None, business_connection_id=None, forward_origin=None, is_topic_message=None, is_automatic_forward=None, reply_to_message=None, external_reply=None, quote=None, reply_to_story=None, reply_to_checklist_task_id=None, via_bot=None, edit_date=1770816987, has_protected_content=None, is_from_offline=None, is_paid_post=None, media_group_id=None, author_signature=None, paid_star_count=None, text='Davrni tanlang:', entities=None, link_preview_options=None, suggested_post_info=None, effect_id=None, animation=None, audio=None, document=None, paid_media=None, photo=None, sticker=None, story=None, video=None, video_note=None, voice=None, caption=None, caption_entities=None, show_caption_above_media=None, has_media_spoiler=None, checklist=None, contact=None, dice=None, game=None, poll=None, venue=None, location=None, new_chat_members=None, left_chat_member=None, chat_owner_left=None, chat_owner_changed=None, new_chat_title=None, new_chat_photo=None, delete_chat_photo=None, group_chat_created=None, supergroup_chat_created=None, channel_chat_created=None, message_auto_delete_timer_changed=None, migrate_to_chat_id=None, migrate_from_chat_id=None, pinned_message=None, invoice=None, successful_payment=None, refunded_payment=None, users_shared=None, chat_shared=None, gift=None, unique_gift=None, gift_upgrade_sent=None, connected_website=None, write_access_allowed=None, passport_data=None, proximity_alert_triggered=None, boost_added=None, chat_background_set=None, checklist_tasks_done=None, checklist_tasks_added=None, direct_message_price_changed=None, forum_topic_created=None, forum_topic_edited=None, forum_topic_closed=None, forum_topic_reopened=None, general_forum_topic_hidden=None, general_forum_topic_unhidden=None, giveaway_created=None, giveaway=None, giveaway_winners=None, giveaway_completed=None, paid_message_price_changed=None, suggested_post_approved=None, suggested_post_approval_failed=None, suggested_post_declined=None, suggested_post_paid=None, suggested_post_refunded=None, video_chat_scheduled=None, video_chat_started=None, video_chat_ended=None, video_chat_participants_invited=None, web_app_data=None, reply_markup=InlineKeyboardMarkup(inline_keyboard=[[InlineKeyboardButton(text='Bugun', icon_custom_emoji_id=None, style=None, url=None, callback_data='prayer:today', web_app=None, login_url=None, switch_inline_query=None, switch_inline_query_current_chat=None, switch_inline_query_chosen_chat=None, copy_text=None, callback_game=None, pay=None), InlineKeyboardButton(text='Ertaga', icon_custom_emoji_id=None, style=None, url=None, callback_data='prayer:tomorrow', web_app=None, login_url=None, switch_inline_query=None, switch_inline_query_current_chat=None, switch_inline_query_chosen_chat=None, copy_text=None, callback_game=None, pay=None), InlineKeyboardButton(text='Haftalik', icon_custom_emoji_id=None, style=None, url=None, callback_data='prayer:week', web_app=None, login_url=None, switch_inline_query=None, switch_inline_query_current_chat=None, switch_inline_query_chosen_chat=None, copy_text=None, callback_game=None, pay=None)]]), forward_date=None, forward_from=None, forward_from_chat=None, forward_from_message_id=None, forward_sender_name=None, forward_signature=None, user_shared=None), inline_message_id=None, data='prayer:today', game_short_name=None), shipping_query=None, pre_checkout_query=None, purchased_paid_media=None, poll=None, poll_answer=None, my_chat_member=None, chat_member=None, chat_join_request=None, chat_boost=None, removed_chat_boost=None) exception=TypeError("prayer_times_action() missing 1 required positional argument: 'db_user'")
Traceback (most recent call last):
  File "C:\Users\Sanjar\vscode_projects\.venv\Lib\site-packages\aiogram\dispatcher\middlewares\error.py", line 27, in __call__
    return await handler(event, data)
           ^^^^^^^^^^^^^^^^^^^^^^^^^^
  File "C:\Users\Sanjar\vscode_projects\.venv\Lib\site-packages\aiogram\dispatcher\middlewares\user_context.py", line 58, in __call__
    return await handler(event, data)
           ^^^^^^^^^^^^^^^^^^^^^^^^^^
  File "C:\Users\Sanjar\vscode_projects\.venv\Lib\site-packages\aiogram\fsm\middleware.py", line 43, in __call__
    return await handler(event, data)
           ^^^^^^^^^^^^^^^^^^^^^^^^^^
  File "C:\Users\Sanjar\vscode_projects\.venv\Lib\site-packages\aiogram\dispatcher\event\telegram.py", line 126, in trigger
    return await wrapped_inner(event, kwargs)
           ^^^^^^^^^^^^^^^^^^^^^^^^^^^^^^^^^^
  File "C:\Users\Sanjar\vscode_projects\namoz-bot\bot\middlewares\db.py", line 26, in __call__
    result = await handler(event, data)
             ^^^^^^^^^^^^^^^^^^^^^^^^^^
  File "C:\Users\Sanjar\vscode_projects\namoz-bot\bot\middlewares\i18n.py", line 34, in __call__
    return await handler(event, data)
           ^^^^^^^^^^^^^^^^^^^^^^^^^^
  File "C:\Users\Sanjar\vscode_projects\.venv\Lib\site-packages\aiogram\dispatcher\event\handler.py", line 71, in call
    return await wrapped()
           ^^^^^^^^^^^^^^^
  File "C:\Users\Sanjar\vscode_projects\.venv\Lib\site-packages\aiogram\dispatcher\dispatcher.py", line 283, in _listen_update
    return await self.propagate_event(update_type=update_type, event=event, **kwargs)
           ^^^^^^^^^^^^^^^^^^^^^^^^^^^^^^^^^^^^^^^^^^^^^^^^^^^^^^^^^^^^^^^^^^^^^^^^^^
  File "C:\Users\Sanjar\vscode_projects\.venv\Lib\site-packages\aiogram\dispatcher\router.py", line 161, in propagate_event
    return await observer.wrap_outer_middleware(_wrapped, event=event, data=kwargs)
           ^^^^^^^^^^^^^^^^^^^^^^^^^^^^^^^^^^^^^^^^^^^^^^^^^^^^^^^^^^^^^^^^^^^^^^^^
  File "C:\Users\Sanjar\vscode_projects\.venv\Lib\site-packages\aiogram\dispatcher\router.py", line 153, in _wrapped
    return await self._propagate_event(
           ^^^^^^^^^^^^^^^^^^^^^^^^^^^^
    ...<4 lines>...
    )
    ^
  File "C:\Users\Sanjar\vscode_projects\.venv\Lib\site-packages\aiogram\dispatcher\router.py", line 189, in _propagate_event
    response = await router.propagate_event(update_type=update_type, event=event, **kwargs)
               ^^^^^^^^^^^^^^^^^^^^^^^^^^^^^^^^^^^^^^^^^^^^^^^^^^^^^^^^^^^^^^^^^^^^^^^^^^^^
  File "C:\Users\Sanjar\vscode_projects\.venv\Lib\site-packages\aiogram\dispatcher\router.py", line 161, in propagate_event
    return await observer.wrap_outer_middleware(_wrapped, event=event, data=kwargs)
           ^^^^^^^^^^^^^^^^^^^^^^^^^^^^^^^^^^^^^^^^^^^^^^^^^^^^^^^^^^^^^^^^^^^^^^^^
  File "C:\Users\Sanjar\vscode_projects\.venv\Lib\site-packages\aiogram\dispatcher\router.py", line 153, in _wrapped
    return await self._propagate_event(
           ^^^^^^^^^^^^^^^^^^^^^^^^^^^^
    ...<4 lines>...
    )
    ^
  File "C:\Users\Sanjar\vscode_projects\.venv\Lib\site-packages\aiogram\dispatcher\router.py", line 181, in _propagate_event
    response = await observer.trigger(event, **kwargs)
               ^^^^^^^^^^^^^^^^^^^^^^^^^^^^^^^^^^^^^^^
  File "C:\Users\Sanjar\vscode_projects\.venv\Lib\site-packages\aiogram\dispatcher\event\telegram.py", line 126, in trigger
    return await wrapped_inner(event, kwargs)
           ^^^^^^^^^^^^^^^^^^^^^^^^^^^^^^^^^^
  File "C:\Users\Sanjar\vscode_projects\.venv\Lib\site-packages\aiogram\dispatcher\event\handler.py", line 71, in call
    return await wrapped()
                 ~~~~~~~^^
TypeError: prayer_times_action() missing 1 required positional argument: 'db_user'
2026-02-11 18:36:31,593 | INFO | aiogram.event | Update id=717650162 is handled. Duration 29 ms by bot id=8271511197
2026-02-11 18:36:43,703 | ERROR | bot.middlewares.db | DB session rolled back due to error
Traceback (most recent call last):
  File "C:\Users\Sanjar\vscode_projects\namoz-bot\bot\middlewares\db.py", line 26, in __call__
    result = await handler(event, data)
             ^^^^^^^^^^^^^^^^^^^^^^^^^^
  File "C:\Users\Sanjar\vscode_projects\namoz-bot\bot\middlewares\i18n.py", line 34, in __call__
    return await handler(event, data)
           ^^^^^^^^^^^^^^^^^^^^^^^^^^
  File "C:\Users\Sanjar\vscode_projects\.venv\Lib\site-packages\aiogram\dispatcher\event\handler.py", line 71, in call
    return await wrapped()
           ^^^^^^^^^^^^^^^
  File "C:\Users\Sanjar\vscode_projects\.venv\Lib\site-packages\aiogram\dispatcher\dispatcher.py", line 283, in _listen_update
    return await self.propagate_event(update_type=update_type, event=event, **kwargs)
           ^^^^^^^^^^^^^^^^^^^^^^^^^^^^^^^^^^^^^^^^^^^^^^^^^^^^^^^^^^^^^^^^^^^^^^^^^^
  File "C:\Users\Sanjar\vscode_projects\.venv\Lib\site-packages\aiogram\dispatcher\router.py", line 161, in propagate_event
    return await observer.wrap_outer_middleware(_wrapped, event=event, data=kwargs)
           ^^^^^^^^^^^^^^^^^^^^^^^^^^^^^^^^^^^^^^^^^^^^^^^^^^^^^^^^^^^^^^^^^^^^^^^^
  File "C:\Users\Sanjar\vscode_projects\.venv\Lib\site-packages\aiogram\dispatcher\router.py", line 153, in _wrapped
    return await self._propagate_event(
           ^^^^^^^^^^^^^^^^^^^^^^^^^^^^
    ...<4 lines>...
    )
    ^
  File "C:\Users\Sanjar\vscode_projects\.venv\Lib\site-packages\aiogram\dispatcher\router.py", line 189, in _propagate_event
    response = await router.propagate_event(update_type=update_type, event=event, **kwargs)
               ^^^^^^^^^^^^^^^^^^^^^^^^^^^^^^^^^^^^^^^^^^^^^^^^^^^^^^^^^^^^^^^^^^^^^^^^^^^^
  File "C:\Users\Sanjar\vscode_projects\.venv\Lib\site-packages\aiogram\dispatcher\router.py", line 161, in propagate_event
    return await observer.wrap_outer_middleware(_wrapped, event=event, data=kwargs)
           ^^^^^^^^^^^^^^^^^^^^^^^^^^^^^^^^^^^^^^^^^^^^^^^^^^^^^^^^^^^^^^^^^^^^^^^^
  File "C:\Users\Sanjar\vscode_projects\.venv\Lib\site-packages\aiogram\dispatcher\router.py", line 153, in _wrapped
    return await self._propagate_event(
           ^^^^^^^^^^^^^^^^^^^^^^^^^^^^
    ...<4 lines>...
    )
    ^
  File "C:\Users\Sanjar\vscode_projects\.venv\Lib\site-packages\aiogram\dispatcher\router.py", line 181, in _propagate_event
    response = await observer.trigger(event, **kwargs)
               ^^^^^^^^^^^^^^^^^^^^^^^^^^^^^^^^^^^^^^^
  File "C:\Users\Sanjar\vscode_projects\.venv\Lib\site-packages\aiogram\dispatcher\event\telegram.py", line 126, in trigger
    return await wrapped_inner(event, kwargs)
           ^^^^^^^^^^^^^^^^^^^^^^^^^^^^^^^^^^
  File "C:\Users\Sanjar\vscode_projects\.venv\Lib\site-packages\aiogram\dispatcher\event\handler.py", line 71, in call
    return await wrapped()
                 ~~~~~~~^^
TypeError: prayer_times_action() missing 1 required positional argument: 'db_user'
2026-02-11 18:36:43,708 | ERROR | bot.handlers.errors | Unhandled exception: update=Update(update_id=717650163, message=None, edited_message=None, channel_post=None, edited_channel_post=None, business_connection=None, business_message=None, edited_business_message=None, deleted_business_messages=None, message_reaction=None, message_reaction_count=None, inline_query=None, chosen_inline_result=None, callback_query=CallbackQuery(id='8180629271807675077', from_user=User(id=8347152122, is_bot=False, first_name='سنجر', last_name=None, username='raxmv77', language_code='en', is_premium=None, added_to_attachment_menu=None, can_join_groups=None, can_read_all_group_messages=None, supports_inline_queries=None, can_connect_to_business=None, has_main_web_app=None, has_topics_enabled=None, allows_users_to_create_topics=None), chat_instance='-3702739898278178400', message=Message(message_id=8, date=datetime.datetime(2026, 2, 11, 13, 36, 17, tzinfo=TzInfo(0)), chat=Chat(id=8347152122, type='private', title=None, username='raxmv77', first_name='سنجر', last_name=None, is_forum=None, is_direct_messages=None, accent_color_id=None, active_usernames=None, available_reactions=None, background_custom_emoji_id=None, bio=None, birthdate=None, business_intro=None, business_location=None, business_opening_hours=None, can_set_sticker_set=None, custom_emoji_sticker_set_name=None, description=None, emoji_status_custom_emoji_id=None, emoji_status_expiration_date=None, has_aggressive_anti_spam_enabled=None, has_hidden_members=None, has_private_forwards=None, has_protected_content=None, has_restricted_voice_and_video_messages=None, has_visible_history=None, invite_link=None, join_by_request=None, join_to_send_messages=None, linked_chat_id=None, location=None, message_auto_delete_time=None, permissions=None, personal_chat=None, photo=None, pinned_message=None, profile_accent_color_id=None, profile_background_custom_emoji_id=None, slow_mode_delay=None, sticker_set_name=None, unrestrict_boost_count=None), message_thread_id=None, direct_messages_topic=None, from_user=User(id=8271511197, is_bot=True, first_name='Namoz Time & Islamic Assistant Bot', last_name=None, username='NamozPlusBot', language_code=None, is_premium=None, added_to_attachment_menu=None, can_join_groups=None, can_read_all_group_messages=None, supports_inline_queries=None, can_connect_to_business=None, has_main_web_app=None, has_topics_enabled=None, allows_users_to_create_topics=None), sender_chat=None, sender_boost_count=None, sender_business_bot=None, business_connection_id=None, forward_origin=None, is_topic_message=None, is_automatic_forward=None, reply_to_message=None, external_reply=None, quote=None, reply_to_story=None, reply_to_checklist_task_id=None, via_bot=None, edit_date=1770816987, has_protected_content=None, is_from_offline=None, is_paid_post=None, media_group_id=None, author_signature=None, paid_star_count=None, text='Davrni tanlang:', entities=None, link_preview_options=None, suggested_post_info=None, effect_id=None, animation=None, audio=None, document=None, paid_media=None, photo=None, sticker=None, story=None, video=None, video_note=None, voice=None, caption=None, caption_entities=None, show_caption_above_media=None, has_media_spoiler=None, checklist=None, contact=None, dice=None, game=None, poll=None, venue=None, location=None, new_chat_members=None, left_chat_member=None, chat_owner_left=None, chat_owner_changed=None, new_chat_title=None, new_chat_photo=None, delete_chat_photo=None, group_chat_created=None, supergroup_chat_created=None, channel_chat_created=None, message_auto_delete_timer_changed=None, migrate_to_chat_id=None, migrate_from_chat_id=None, pinned_message=None, invoice=None, successful_payment=None, refunded_payment=None, users_shared=None, chat_shared=None, gift=None, unique_gift=None, gift_upgrade_sent=None, connected_website=None, write_access_allowed=None, passport_data=None, proximity_alert_triggered=None, boost_added=None, chat_background_set=None, checklist_tasks_done=None, checklist_tasks_added=None, direct_message_price_changed=None, forum_topic_created=None, forum_topic_edited=None, forum_topic_closed=None, forum_topic_reopened=None, general_forum_topic_hidden=None, general_forum_topic_unhidden=None, giveaway_created=None, giveaway=None, giveaway_winners=None, giveaway_completed=None, paid_message_price_changed=None, suggested_post_approved=None, suggested_post_approval_failed=None, suggested_post_declined=None, suggested_post_paid=None, suggested_post_refunded=None, video_chat_scheduled=None, video_chat_started=None, video_chat_ended=None, video_chat_participants_invited=None, web_app_data=None, reply_markup=InlineKeyboardMarkup(inline_keyboard=[[InlineKeyboardButton(text='Bugun', icon_custom_emoji_id=None, style=None, url=None, callback_data='prayer:today', web_app=None, login_url=None, switch_inline_query=None, switch_inline_query_current_chat=None, switch_inline_query_chosen_chat=None, copy_text=None, callback_game=None, pay=None), InlineKeyboardButton(text='Ertaga', icon_custom_emoji_id=None, style=None, url=None, callback_data='prayer:tomorrow', web_app=None, login_url=None, switch_inline_query=None, switch_inline_query_current_chat=None, switch_inline_query_chosen_chat=None, copy_text=None, callback_game=None, pay=None), InlineKeyboardButton(text='Haftalik', icon_custom_emoji_id=None, style=None, url=None, callback_data='prayer:week', web_app=None, login_url=None, switch_inline_query=None, switch_inline_query_current_chat=None, switch_inline_query_chosen_chat=None, copy_text=None, callback_game=None, pay=None)]]), forward_date=None, forward_from=None, forward_from_chat=None, forward_from_message_id=None, forward_sender_name=None, forward_signature=None, user_shared=None), inline_message_id=None, data='prayer:today', game_short_name=None), shipping_query=None, pre_checkout_query=None, purchased_paid_media=None, poll=None, poll_answer=None, my_chat_member=None, chat_member=None, chat_join_request=None, chat_boost=None, removed_chat_boost=None) exception=TypeError("prayer_times_action() missing 1 required positional argument: 'db_user'")
Traceback (most recent call last):
  File "C:\Users\Sanjar\vscode_projects\.venv\Lib\site-packages\aiogram\dispatcher\middlewares\error.py", line 27, in __call__
    return await handler(event, data)
           ^^^^^^^^^^^^^^^^^^^^^^^^^^
  File "C:\Users\Sanjar\vscode_projects\.venv\Lib\site-packages\aiogram\dispatcher\middlewares\user_context.py", line 58, in __call__
    return await handler(event, data)
           ^^^^^^^^^^^^^^^^^^^^^^^^^^
  File "C:\Users\Sanjar\vscode_projects\.venv\Lib\site-packages\aiogram\fsm\middleware.py", line 43, in __call__
    return await handler(event, data)
           ^^^^^^^^^^^^^^^^^^^^^^^^^^
  File "C:\Users\Sanjar\vscode_projects\.venv\Lib\site-packages\aiogram\dispatcher\event\telegram.py", line 126, in trigger
    return await wrapped_inner(event, kwargs)
           ^^^^^^^^^^^^^^^^^^^^^^^^^^^^^^^^^^
  File "C:\Users\Sanjar\vscode_projects\namoz-bot\bot\middlewares\db.py", line 26, in __call__
    result = await handler(event, data)
             ^^^^^^^^^^^^^^^^^^^^^^^^^^
  File "C:\Users\Sanjar\vscode_projects\namoz-bot\bot\middlewares\i18n.py", line 34, in __call__
    return await handler(event, data)
           ^^^^^^^^^^^^^^^^^^^^^^^^^^
  File "C:\Users\Sanjar\vscode_projects\.venv\Lib\site-packages\aiogram\dispatcher\event\handler.py", line 71, in call
    return await wrapped()
           ^^^^^^^^^^^^^^^
  File "C:\Users\Sanjar\vscode_projects\.venv\Lib\site-packages\aiogram\dispatcher\dispatcher.py", line 283, in _listen_update
    return await self.propagate_event(update_type=update_type, event=event, **kwargs)
           ^^^^^^^^^^^^^^^^^^^^^^^^^^^^^^^^^^^^^^^^^^^^^^^^^^^^^^^^^^^^^^^^^^^^^^^^^^
  File "C:\Users\Sanjar\vscode_projects\.venv\Lib\site-packages\aiogram\dispatcher\router.py", line 161, in propagate_event
    return await observer.wrap_outer_middleware(_wrapped, event=event, data=kwargs)
           ^^^^^^^^^^^^^^^^^^^^^^^^^^^^^^^^^^^^^^^^^^^^^^^^^^^^^^^^^^^^^^^^^^^^^^^^
  File "C:\Users\Sanjar\vscode_projects\.venv\Lib\site-packages\aiogram\dispatcher\router.py", line 153, in _wrapped
    return await self._propagate_event(
           ^^^^^^^^^^^^^^^^^^^^^^^^^^^^
    ...<4 lines>...
    )
    ^
  File "C:\Users\Sanjar\vscode_projects\.venv\Lib\site-packages\aiogram\dispatcher\router.py", line 189, in _propagate_event
    response = await router.propagate_event(update_type=update_type, event=event, **kwargs)
               ^^^^^^^^^^^^^^^^^^^^^^^^^^^^^^^^^^^^^^^^^^^^^^^^^^^^^^^^^^^^^^^^^^^^^^^^^^^^
  File "C:\Users\Sanjar\vscode_projects\.venv\Lib\site-packages\aiogram\dispatcher\router.py", line 161, in propagate_event
    return await observer.wrap_outer_middleware(_wrapped, event=event, data=kwargs)
           ^^^^^^^^^^^^^^^^^^^^^^^^^^^^^^^^^^^^^^^^^^^^^^^^^^^^^^^^^^^^^^^^^^^^^^^^
  File "C:\Users\Sanjar\vscode_projects\.venv\Lib\site-packages\aiogram\dispatcher\router.py", line 153, in _wrapped
    return await self._propagate_event(
           ^^^^^^^^^^^^^^^^^^^^^^^^^^^^
    ...<4 lines>...
    )
    ^
  File "C:\Users\Sanjar\vscode_projects\.venv\Lib\site-packages\aiogram\dispatcher\router.py", line 181, in _propagate_event
    response = await observer.trigger(event, **kwargs)
               ^^^^^^^^^^^^^^^^^^^^^^^^^^^^^^^^^^^^^^^
  File "C:\Users\Sanjar\vscode_projects\.venv\Lib\site-packages\aiogram\dispatcher\event\telegram.py", line 126, in trigger
    return await wrapped_inner(event, kwargs)
           ^^^^^^^^^^^^^^^^^^^^^^^^^^^^^^^^^^
  File "C:\Users\Sanjar\vscode_projects\.venv\Lib\site-packages\aiogram\dispatcher\event\handler.py", line 71, in call
    return await wrapped()
                 ~~~~~~~^^
TypeError: prayer_times_action() missing 1 required positional argument: 'db_user'
2026-02-11 18:36:43,725 | INFO | aiogram.event | Update id=717650163 is handled. Duration 22 ms by bot id=8271511197
2026-02-11 18:37:48,418 | INFO | aiogram.dispatcher | Polling stopped
2026-02-11 18:37:48,420 | ERROR | aiogram.dispatcher | Failed to fetch updates - TelegramNetworkError: HTTP Client says - ServerDisconnectedError: Server disconnected
2026-02-11 18:37:48,420 | WARNING | aiogram.dispatcher | Sleep for 1.000000 seconds and try again... (tryings = 0, bot id = 8271511197)
2026-02-11 18:37:48,673 | INFO | aiogram.dispatcher | Polling stopped for bot @NamozPlusBot id=8271511197 - 'Namoz Time & Islamic Assistant Bot'
2026-02-11 18:37:54,604 | INFO | apscheduler.scheduler | Adding job tentatively -- it will be properly scheduled when the scheduler starts
2026-02-11 18:37:54,605 | INFO | apscheduler.scheduler | Added job "SchedulerService.refresh_all" to job store "default"
2026-02-11 18:37:54,606 | INFO | apscheduler.scheduler | Scheduler started
2026-02-11 18:37:54,699 | INFO | aiogram.dispatcher | Start polling
2026-02-11 18:37:55,051 | INFO | aiogram.dispatcher | Run polling for bot @NamozPlusBot id=8271511197 - 'Namoz Time & Islamic Assistant Bot'
2026-02-11 18:38:03,329 | INFO | aiogram.event | Update id=717650164 is handled. Duration 393 ms by bot id=8271511197
2026-02-11 18:38:06,734 | INFO | aiogram.event | Update id=717650165 is handled. Duration 1131 ms by bot id=8271511197
2026-02-11 18:38:08,604 | INFO | aiogram.event | Update id=717650166 is handled. Duration 265 ms by bot id=8271511197
2026-02-11 18:38:10,331 | ERROR | bot.middlewares.db | DB session rolled back due to error
Traceback (most recent call last):
  File "C:\Users\Sanjar\vscode_projects\namoz-bot\bot\middlewares\db.py", line 26, in __call__
    result = await handler(event, data)
             ^^^^^^^^^^^^^^^^^^^^^^^^^^
  File "C:\Users\Sanjar\vscode_projects\namoz-bot\bot\middlewares\i18n.py", line 35, in __call__
    return await handler(event, data)
           ^^^^^^^^^^^^^^^^^^^^^^^^^^
  File "C:\Users\Sanjar\vscode_projects\.venv\Lib\site-packages\aiogram\dispatcher\event\handler.py", line 71, in call
    return await wrapped()
           ^^^^^^^^^^^^^^^
  File "C:\Users\Sanjar\vscode_projects\.venv\Lib\site-packages\aiogram\dispatcher\dispatcher.py", line 283, in _listen_update
    return await self.propagate_event(update_type=update_type, event=event, **kwargs)
           ^^^^^^^^^^^^^^^^^^^^^^^^^^^^^^^^^^^^^^^^^^^^^^^^^^^^^^^^^^^^^^^^^^^^^^^^^^
  File "C:\Users\Sanjar\vscode_projects\.venv\Lib\site-packages\aiogram\dispatcher\router.py", line 161, in propagate_event
    return await observer.wrap_outer_middleware(_wrapped, event=event, data=kwargs)
           ^^^^^^^^^^^^^^^^^^^^^^^^^^^^^^^^^^^^^^^^^^^^^^^^^^^^^^^^^^^^^^^^^^^^^^^^
  File "C:\Users\Sanjar\vscode_projects\.venv\Lib\site-packages\aiogram\dispatcher\router.py", line 153, in _wrapped
    return await self._propagate_event(
           ^^^^^^^^^^^^^^^^^^^^^^^^^^^^
    ...<4 lines>...
    )
    ^
  File "C:\Users\Sanjar\vscode_projects\.venv\Lib\site-packages\aiogram\dispatcher\router.py", line 189, in _propagate_event
    response = await router.propagate_event(update_type=update_type, event=event, **kwargs)
               ^^^^^^^^^^^^^^^^^^^^^^^^^^^^^^^^^^^^^^^^^^^^^^^^^^^^^^^^^^^^^^^^^^^^^^^^^^^^
  File "C:\Users\Sanjar\vscode_projects\.venv\Lib\site-packages\aiogram\dispatcher\router.py", line 161, in propagate_event
    return await observer.wrap_outer_middleware(_wrapped, event=event, data=kwargs)
           ^^^^^^^^^^^^^^^^^^^^^^^^^^^^^^^^^^^^^^^^^^^^^^^^^^^^^^^^^^^^^^^^^^^^^^^^
  File "C:\Users\Sanjar\vscode_projects\.venv\Lib\site-packages\aiogram\dispatcher\router.py", line 153, in _wrapped
    return await self._propagate_event(
           ^^^^^^^^^^^^^^^^^^^^^^^^^^^^
    ...<4 lines>...
    )
    ^
  File "C:\Users\Sanjar\vscode_projects\.venv\Lib\site-packages\aiogram\dispatcher\router.py", line 181, in _propagate_event
    response = await observer.trigger(event, **kwargs)
               ^^^^^^^^^^^^^^^^^^^^^^^^^^^^^^^^^^^^^^^
  File "C:\Users\Sanjar\vscode_projects\.venv\Lib\site-packages\aiogram\dispatcher\event\telegram.py", line 126, in trigger
    return await wrapped_inner(event, kwargs)
           ^^^^^^^^^^^^^^^^^^^^^^^^^^^^^^^^^^
  File "C:\Users\Sanjar\vscode_projects\.venv\Lib\site-packages\aiogram\dispatcher\event\handler.py", line 71, in call
    return await wrapped()
           ^^^^^^^^^^^^^^^
  File "C:\Users\Sanjar\vscode_projects\namoz-bot\bot\handlers\prayer_times.py", line 31, in prayer_times_action
    if not (db_user.city or (db_user.lat is not None and db_user.lon is not None)):
            ^^^^^^^^^^^^
AttributeError: 'NoneType' object has no attribute 'city'
2026-02-11 18:38:10,355 | ERROR | bot.handlers.errors | Unhandled exception: update=Update(update_id=717650167, message=None, edited_message=None, channel_post=None, edited_channel_post=None, business_connection=None, business_message=None, edited_business_message=None, deleted_business_messages=None, message_reaction=None, message_reaction_count=None, inline_query=None, chosen_inline_result=None, callback_query=CallbackQuery(id='8180629269626511309', from_user=User(id=8347152122, is_bot=False, first_name='سنجر', last_name=None, username='raxmv77', language_code='en', is_premium=None, added_to_attachment_menu=None, can_join_groups=None, can_read_all_group_messages=None, supports_inline_queries=None, can_connect_to_business=None, has_main_web_app=None, has_topics_enabled=None, allows_users_to_create_topics=None), chat_instance='-3702739898278178400', message=Message(message_id=11, date=datetime.datetime(2026, 2, 11, 13, 38, 6, tzinfo=TzInfo(0)), chat=Chat(id=8347152122, type='private', title=None, username='raxmv77', first_name='سنجر', last_name=None, is_forum=None, is_direct_messages=None, accent_color_id=None, active_usernames=None, available_reactions=None, background_custom_emoji_id=None, bio=None, birthdate=None, business_intro=None, business_location=None, business_opening_hours=None, can_set_sticker_set=None, custom_emoji_sticker_set_name=None, description=None, emoji_status_custom_emoji_id=None, emoji_status_expiration_date=None, has_aggressive_anti_spam_enabled=None, has_hidden_members=None, has_private_forwards=None, has_protected_content=None, has_restricted_voice_and_video_messages=None, has_visible_history=None, invite_link=None, join_by_request=None, join_to_send_messages=None, linked_chat_id=None, location=None, message_auto_delete_time=None, permissions=None, personal_chat=None, photo=None, pinned_message=None, profile_accent_color_id=None, profile_background_custom_emoji_id=None, slow_mode_delay=None, sticker_set_name=None, unrestrict_boost_count=None), message_thread_id=None, direct_messages_topic=None, from_user=User(id=8271511197, is_bot=True, first_name='Namoz Time & Islamic Assistant Bot', last_name=None, username='NamozPlusBot', language_code=None, is_premium=None, added_to_attachment_menu=None, can_join_groups=None, can_read_all_group_messages=None, supports_inline_queries=None, can_connect_to_business=None, has_main_web_app=None, has_topics_enabled=None, allows_users_to_create_topics=None), sender_chat=None, sender_boost_count=None, sender_business_bot=None, business_connection_id=None, forward_origin=None, is_topic_message=None, is_automatic_forward=None, reply_to_message=None, external_reply=None, quote=None, reply_to_story=None, reply_to_checklist_task_id=None, via_bot=None, edit_date=1770817088, has_protected_content=None, is_from_offline=None, is_paid_post=None, media_group_id=None, author_signature=None, paid_star_count=None, text='Davrni tanlang:', entities=None, link_preview_options=None, suggested_post_info=None, effect_id=None, animation=None, audio=None, document=None, paid_media=None, photo=None, sticker=None, story=None, video=None, video_note=None, voice=None, caption=None, caption_entities=None, show_caption_above_media=None, has_media_spoiler=None, checklist=None, contact=None, dice=None, game=None, poll=None, venue=None, location=None, new_chat_members=None, left_chat_member=None, chat_owner_left=None, chat_owner_changed=None, new_chat_title=None, new_chat_photo=None, delete_chat_photo=None, group_chat_created=None, supergroup_chat_created=None, channel_chat_created=None, message_auto_delete_timer_changed=None, migrate_to_chat_id=None, migrate_from_chat_id=None, pinned_message=None, invoice=None, successful_payment=None, refunded_payment=None, users_shared=None, chat_shared=None, gift=None, unique_gift=None, gift_upgrade_sent=None, connected_website=None, write_access_allowed=None, passport_data=None, proximity_alert_triggered=None, boost_added=None, chat_background_set=None, checklist_tasks_done=None, checklist_tasks_added=None, direct_message_price_changed=None, forum_topic_created=None, forum_topic_edited=None, forum_topic_closed=None, forum_topic_reopened=None, general_forum_topic_hidden=None, general_forum_topic_unhidden=None, giveaway_created=None, giveaway=None, giveaway_winners=None, giveaway_completed=None, paid_message_price_changed=None, suggested_post_approved=None, suggested_post_approval_failed=None, suggested_post_declined=None, suggested_post_paid=None, suggested_post_refunded=None, video_chat_scheduled=None, video_chat_started=None, video_chat_ended=None, video_chat_participants_invited=None, web_app_data=None, reply_markup=InlineKeyboardMarkup(inline_keyboard=[[InlineKeyboardButton(text='Bugun', icon_custom_emoji_id=None, style=None, url=None, callback_data='prayer:today', web_app=None, login_url=None, switch_inline_query=None, switch_inline_query_current_chat=None, switch_inline_query_chosen_chat=None, copy_text=None, callback_game=None, pay=None), InlineKeyboardButton(text='Ertaga', icon_custom_emoji_id=None, style=None, url=None, callback_data='prayer:tomorrow', web_app=None, login_url=None, switch_inline_query=None, switch_inline_query_current_chat=None, switch_inline_query_chosen_chat=None, copy_text=None, callback_game=None, pay=None), InlineKeyboardButton(text='Haftalik', icon_custom_emoji_id=None, style=None, url=None, callback_data='prayer:week', web_app=None, login_url=None, switch_inline_query=None, switch_inline_query_current_chat=None, switch_inline_query_chosen_chat=None, copy_text=None, callback_game=None, pay=None)]]), forward_date=None, forward_from=None, forward_from_chat=None, forward_from_message_id=None, forward_sender_name=None, forward_signature=None, user_shared=None), inline_message_id=None, data='prayer:today', game_short_name=None), shipping_query=None, pre_checkout_query=None, purchased_paid_media=None, poll=None, poll_answer=None, my_chat_member=None, chat_member=None, chat_join_request=None, chat_boost=None, removed_chat_boost=None) exception=AttributeError("'NoneType' object has no attribute 'city'")
Traceback (most recent call last):
  File "C:\Users\Sanjar\vscode_projects\.venv\Lib\site-packages\aiogram\dispatcher\middlewares\error.py", line 27, in __call__
    return await handler(event, data)
           ^^^^^^^^^^^^^^^^^^^^^^^^^^
  File "C:\Users\Sanjar\vscode_projects\.venv\Lib\site-packages\aiogram\dispatcher\middlewares\user_context.py", line 58, in __call__
    return await handler(event, data)
           ^^^^^^^^^^^^^^^^^^^^^^^^^^
  File "C:\Users\Sanjar\vscode_projects\.venv\Lib\site-packages\aiogram\fsm\middleware.py", line 43, in __call__
    return await handler(event, data)
           ^^^^^^^^^^^^^^^^^^^^^^^^^^
  File "C:\Users\Sanjar\vscode_projects\.venv\Lib\site-packages\aiogram\dispatcher\event\telegram.py", line 126, in trigger
    return await wrapped_inner(event, kwargs)
           ^^^^^^^^^^^^^^^^^^^^^^^^^^^^^^^^^^
  File "C:\Users\Sanjar\vscode_projects\namoz-bot\bot\middlewares\db.py", line 26, in __call__
    result = await handler(event, data)
             ^^^^^^^^^^^^^^^^^^^^^^^^^^
  File "C:\Users\Sanjar\vscode_projects\namoz-bot\bot\middlewares\i18n.py", line 35, in __call__
    return await handler(event, data)
           ^^^^^^^^^^^^^^^^^^^^^^^^^^
  File "C:\Users\Sanjar\vscode_projects\.venv\Lib\site-packages\aiogram\dispatcher\event\handler.py", line 71, in call
    return await wrapped()
           ^^^^^^^^^^^^^^^
  File "C:\Users\Sanjar\vscode_projects\.venv\Lib\site-packages\aiogram\dispatcher\dispatcher.py", line 283, in _listen_update
    return await self.propagate_event(update_type=update_type, event=event, **kwargs)
           ^^^^^^^^^^^^^^^^^^^^^^^^^^^^^^^^^^^^^^^^^^^^^^^^^^^^^^^^^^^^^^^^^^^^^^^^^^
  File "C:\Users\Sanjar\vscode_projects\.venv\Lib\site-packages\aiogram\dispatcher\router.py", line 161, in propagate_event
    return await observer.wrap_outer_middleware(_wrapped, event=event, data=kwargs)
           ^^^^^^^^^^^^^^^^^^^^^^^^^^^^^^^^^^^^^^^^^^^^^^^^^^^^^^^^^^^^^^^^^^^^^^^^
  File "C:\Users\Sanjar\vscode_projects\.venv\Lib\site-packages\aiogram\dispatcher\router.py", line 153, in _wrapped
    return await self._propagate_event(
           ^^^^^^^^^^^^^^^^^^^^^^^^^^^^
    ...<4 lines>...
    )
    ^
  File "C:\Users\Sanjar\vscode_projects\.venv\Lib\site-packages\aiogram\dispatcher\router.py", line 189, in _propagate_event
    response = await router.propagate_event(update_type=update_type, event=event, **kwargs)
               ^^^^^^^^^^^^^^^^^^^^^^^^^^^^^^^^^^^^^^^^^^^^^^^^^^^^^^^^^^^^^^^^^^^^^^^^^^^^
  File "C:\Users\Sanjar\vscode_projects\.venv\Lib\site-packages\aiogram\dispatcher\router.py", line 161, in propagate_event
    return await observer.wrap_outer_middleware(_wrapped, event=event, data=kwargs)
           ^^^^^^^^^^^^^^^^^^^^^^^^^^^^^^^^^^^^^^^^^^^^^^^^^^^^^^^^^^^^^^^^^^^^^^^^
  File "C:\Users\Sanjar\vscode_projects\.venv\Lib\site-packages\aiogram\dispatcher\router.py", line 153, in _wrapped
    return await self._propagate_event(
           ^^^^^^^^^^^^^^^^^^^^^^^^^^^^
    ...<4 lines>...
    )
    ^
  File "C:\Users\Sanjar\vscode_projects\.venv\Lib\site-packages\aiogram\dispatcher\router.py", line 181, in _propagate_event
    response = await observer.trigger(event, **kwargs)
               ^^^^^^^^^^^^^^^^^^^^^^^^^^^^^^^^^^^^^^^
  File "C:\Users\Sanjar\vscode_projects\.venv\Lib\site-packages\aiogram\dispatcher\event\telegram.py", line 126, in trigger
    return await wrapped_inner(event, kwargs)
           ^^^^^^^^^^^^^^^^^^^^^^^^^^^^^^^^^^
  File "C:\Users\Sanjar\vscode_projects\.venv\Lib\site-packages\aiogram\dispatcher\event\handler.py", line 71, in call
    return await wrapped()
           ^^^^^^^^^^^^^^^
  File "C:\Users\Sanjar\vscode_projects\namoz-bot\bot\handlers\prayer_times.py", line 31, in prayer_times_action
    if not (db_user.city or (db_user.lat is not None and db_user.lon is not None)):
            ^^^^^^^^^^^^
AttributeError: 'NoneType' object has no attribute 'city'
2026-02-11 18:38:10,370 | INFO | aiogram.event | Update id=717650167 is handled. Duration 42 ms by bot id=8271511197
2026-02-11 18:38:15,867 | ERROR | bot.middlewares.db | DB session rolled back due to error
Traceback (most recent call last):
  File "C:\Users\Sanjar\vscode_projects\namoz-bot\bot\middlewares\db.py", line 26, in __call__
    result = await handler(event, data)
             ^^^^^^^^^^^^^^^^^^^^^^^^^^
  File "C:\Users\Sanjar\vscode_projects\namoz-bot\bot\middlewares\i18n.py", line 35, in __call__
    return await handler(event, data)
           ^^^^^^^^^^^^^^^^^^^^^^^^^^
  File "C:\Users\Sanjar\vscode_projects\.venv\Lib\site-packages\aiogram\dispatcher\event\handler.py", line 71, in call
    return await wrapped()
           ^^^^^^^^^^^^^^^
  File "C:\Users\Sanjar\vscode_projects\.venv\Lib\site-packages\aiogram\dispatcher\dispatcher.py", line 283, in _listen_update
    return await self.propagate_event(update_type=update_type, event=event, **kwargs)
           ^^^^^^^^^^^^^^^^^^^^^^^^^^^^^^^^^^^^^^^^^^^^^^^^^^^^^^^^^^^^^^^^^^^^^^^^^^
  File "C:\Users\Sanjar\vscode_projects\.venv\Lib\site-packages\aiogram\dispatcher\router.py", line 161, in propagate_event
    return await observer.wrap_outer_middleware(_wrapped, event=event, data=kwargs)
           ^^^^^^^^^^^^^^^^^^^^^^^^^^^^^^^^^^^^^^^^^^^^^^^^^^^^^^^^^^^^^^^^^^^^^^^^
  File "C:\Users\Sanjar\vscode_projects\.venv\Lib\site-packages\aiogram\dispatcher\router.py", line 153, in _wrapped
    return await self._propagate_event(
           ^^^^^^^^^^^^^^^^^^^^^^^^^^^^
    ...<4 lines>...
    )
    ^
  File "C:\Users\Sanjar\vscode_projects\.venv\Lib\site-packages\aiogram\dispatcher\router.py", line 189, in _propagate_event
    response = await router.propagate_event(update_type=update_type, event=event, **kwargs)
               ^^^^^^^^^^^^^^^^^^^^^^^^^^^^^^^^^^^^^^^^^^^^^^^^^^^^^^^^^^^^^^^^^^^^^^^^^^^^
  File "C:\Users\Sanjar\vscode_projects\.venv\Lib\site-packages\aiogram\dispatcher\router.py", line 161, in propagate_event
    return await observer.wrap_outer_middleware(_wrapped, event=event, data=kwargs)
           ^^^^^^^^^^^^^^^^^^^^^^^^^^^^^^^^^^^^^^^^^^^^^^^^^^^^^^^^^^^^^^^^^^^^^^^^
  File "C:\Users\Sanjar\vscode_projects\.venv\Lib\site-packages\aiogram\dispatcher\router.py", line 153, in _wrapped
    return await self._propagate_event(
           ^^^^^^^^^^^^^^^^^^^^^^^^^^^^
    ...<4 lines>...
    )
    ^
  File "C:\Users\Sanjar\vscode_projects\.venv\Lib\site-packages\aiogram\dispatcher\router.py", line 181, in _propagate_event
    response = await observer.trigger(event, **kwargs)
               ^^^^^^^^^^^^^^^^^^^^^^^^^^^^^^^^^^^^^^^
  File "C:\Users\Sanjar\vscode_projects\.venv\Lib\site-packages\aiogram\dispatcher\event\telegram.py", line 126, in trigger
    return await wrapped_inner(event, kwargs)
           ^^^^^^^^^^^^^^^^^^^^^^^^^^^^^^^^^^
  File "C:\Users\Sanjar\vscode_projects\.venv\Lib\site-packages\aiogram\dispatcher\event\handler.py", line 71, in call
    return await wrapped()
           ^^^^^^^^^^^^^^^
  File "C:\Users\Sanjar\vscode_projects\namoz-bot\bot\handlers\prayer_times.py", line 31, in prayer_times_action
    if not (db_user.city or (db_user.lat is not None and db_user.lon is not None)):
            ^^^^^^^^^^^^
AttributeError: 'NoneType' object has no attribute 'city'
2026-02-11 18:38:15,875 | ERROR | bot.handlers.errors | Unhandled exception: update=Update(update_id=717650168, message=None, edited_message=None, channel_post=None, edited_channel_post=None, business_connection=None, business_message=None, edited_business_message=None, deleted_business_messages=None, message_reaction=None, message_reaction_count=None, inline_query=None, chosen_inline_result=None, callback_query=CallbackQuery(id='8180629269661880385', from_user=User(id=8347152122, is_bot=False, first_name='سنجر', last_name=None, username='raxmv77', language_code='en', is_premium=None, added_to_attachment_menu=None, can_join_groups=None, can_read_all_group_messages=None, supports_inline_queries=None, can_connect_to_business=None, has_main_web_app=None, has_topics_enabled=None, allows_users_to_create_topics=None), chat_instance='-3702739898278178400', message=Message(message_id=11, date=datetime.datetime(2026, 2, 11, 13, 38, 6, tzinfo=TzInfo(0)), chat=Chat(id=8347152122, type='private', title=None, username='raxmv77', first_name='سنجر', last_name=None, is_forum=None, is_direct_messages=None, accent_color_id=None, active_usernames=None, available_reactions=None, background_custom_emoji_id=None, bio=None, birthdate=None, business_intro=None, business_location=None, business_opening_hours=None, can_set_sticker_set=None, custom_emoji_sticker_set_name=None, description=None, emoji_status_custom_emoji_id=None, emoji_status_expiration_date=None, has_aggressive_anti_spam_enabled=None, has_hidden_members=None, has_private_forwards=None, has_protected_content=None, has_restricted_voice_and_video_messages=None, has_visible_history=None, invite_link=None, join_by_request=None, join_to_send_messages=None, linked_chat_id=None, location=None, message_auto_delete_time=None, permissions=None, personal_chat=None, photo=None, pinned_message=None, profile_accent_color_id=None, profile_background_custom_emoji_id=None, slow_mode_delay=None, sticker_set_name=None, unrestrict_boost_count=None), message_thread_id=None, direct_messages_topic=None, from_user=User(id=8271511197, is_bot=True, first_name='Namoz Time & Islamic Assistant Bot', last_name=None, username='NamozPlusBot', language_code=None, is_premium=None, added_to_attachment_menu=None, can_join_groups=None, can_read_all_group_messages=None, supports_inline_queries=None, can_connect_to_business=None, has_main_web_app=None, has_topics_enabled=None, allows_users_to_create_topics=None), sender_chat=None, sender_boost_count=None, sender_business_bot=None, business_connection_id=None, forward_origin=None, is_topic_message=None, is_automatic_forward=None, reply_to_message=None, external_reply=None, quote=None, reply_to_story=None, reply_to_checklist_task_id=None, via_bot=None, edit_date=1770817088, has_protected_content=None, is_from_offline=None, is_paid_post=None, media_group_id=None, author_signature=None, paid_star_count=None, text='Davrni tanlang:', entities=None, link_preview_options=None, suggested_post_info=None, effect_id=None, animation=None, audio=None, document=None, paid_media=None, photo=None, sticker=None, story=None, video=None, video_note=None, voice=None, caption=None, caption_entities=None, show_caption_above_media=None, has_media_spoiler=None, checklist=None, contact=None, dice=None, game=None, poll=None, venue=None, location=None, new_chat_members=None, left_chat_member=None, chat_owner_left=None, chat_owner_changed=None, new_chat_title=None, new_chat_photo=None, delete_chat_photo=None, group_chat_created=None, supergroup_chat_created=None, channel_chat_created=None, message_auto_delete_timer_changed=None, migrate_to_chat_id=None, migrate_from_chat_id=None, pinned_message=None, invoice=None, successful_payment=None, refunded_payment=None, users_shared=None, chat_shared=None, gift=None, unique_gift=None, gift_upgrade_sent=None, connected_website=None, write_access_allowed=None, passport_data=None, proximity_alert_triggered=None, boost_added=None, chat_background_set=None, checklist_tasks_done=None, checklist_tasks_added=None, direct_message_price_changed=None, forum_topic_created=None, forum_topic_edited=None, forum_topic_closed=None, forum_topic_reopened=None, general_forum_topic_hidden=None, general_forum_topic_unhidden=None, giveaway_created=None, giveaway=None, giveaway_winners=None, giveaway_completed=None, paid_message_price_changed=None, suggested_post_approved=None, suggested_post_approval_failed=None, suggested_post_declined=None, suggested_post_paid=None, suggested_post_refunded=None, video_chat_scheduled=None, video_chat_started=None, video_chat_ended=None, video_chat_participants_invited=None, web_app_data=None, reply_markup=InlineKeyboardMarkup(inline_keyboard=[[InlineKeyboardButton(text='Bugun', icon_custom_emoji_id=None, style=None, url=None, callback_data='prayer:today', web_app=None, login_url=None, switch_inline_query=None, switch_inline_query_current_chat=None, switch_inline_query_chosen_chat=None, copy_text=None, callback_game=None, pay=None), InlineKeyboardButton(text='Ertaga', icon_custom_emoji_id=None, style=None, url=None, callback_data='prayer:tomorrow', web_app=None, login_url=None, switch_inline_query=None, switch_inline_query_current_chat=None, switch_inline_query_chosen_chat=None, copy_text=None, callback_game=None, pay=None), InlineKeyboardButton(text='Haftalik', icon_custom_emoji_id=None, style=None, url=None, callback_data='prayer:week', web_app=None, login_url=None, switch_inline_query=None, switch_inline_query_current_chat=None, switch_inline_query_chosen_chat=None, copy_text=None, callback_game=None, pay=None)]]), forward_date=None, forward_from=None, forward_from_chat=None, forward_from_message_id=None, forward_sender_name=None, forward_signature=None, user_shared=None), inline_message_id=None, data='prayer:tomorrow', game_short_name=None), shipping_query=None, pre_checkout_query=None, purchased_paid_media=None, poll=None, poll_answer=None, my_chat_member=None, chat_member=None, chat_join_request=None, chat_boost=None, removed_chat_boost=None) exception=AttributeError("'NoneType' object has no attribute 'city'")
Traceback (most recent call last):
  File "C:\Users\Sanjar\vscode_projects\.venv\Lib\site-packages\aiogram\dispatcher\middlewares\error.py", line 27, in __call__
    return await handler(event, data)
           ^^^^^^^^^^^^^^^^^^^^^^^^^^
  File "C:\Users\Sanjar\vscode_projects\.venv\Lib\site-packages\aiogram\dispatcher\middlewares\user_context.py", line 58, in __call__
    return await handler(event, data)
           ^^^^^^^^^^^^^^^^^^^^^^^^^^
  File "C:\Users\Sanjar\vscode_projects\.venv\Lib\site-packages\aiogram\fsm\middleware.py", line 43, in __call__
    return await handler(event, data)
           ^^^^^^^^^^^^^^^^^^^^^^^^^^
  File "C:\Users\Sanjar\vscode_projects\.venv\Lib\site-packages\aiogram\dispatcher\event\telegram.py", line 126, in trigger
    return await wrapped_inner(event, kwargs)
           ^^^^^^^^^^^^^^^^^^^^^^^^^^^^^^^^^^
  File "C:\Users\Sanjar\vscode_projects\namoz-bot\bot\middlewares\db.py", line 26, in __call__
    result = await handler(event, data)
             ^^^^^^^^^^^^^^^^^^^^^^^^^^
  File "C:\Users\Sanjar\vscode_projects\namoz-bot\bot\middlewares\i18n.py", line 35, in __call__
    return await handler(event, data)
           ^^^^^^^^^^^^^^^^^^^^^^^^^^
  File "C:\Users\Sanjar\vscode_projects\.venv\Lib\site-packages\aiogram\dispatcher\event\handler.py", line 71, in call
    return await wrapped()
           ^^^^^^^^^^^^^^^
  File "C:\Users\Sanjar\vscode_projects\.venv\Lib\site-packages\aiogram\dispatcher\dispatcher.py", line 283, in _listen_update
    return await self.propagate_event(update_type=update_type, event=event, **kwargs)
           ^^^^^^^^^^^^^^^^^^^^^^^^^^^^^^^^^^^^^^^^^^^^^^^^^^^^^^^^^^^^^^^^^^^^^^^^^^
  File "C:\Users\Sanjar\vscode_projects\.venv\Lib\site-packages\aiogram\dispatcher\router.py", line 161, in propagate_event
    return await observer.wrap_outer_middleware(_wrapped, event=event, data=kwargs)
           ^^^^^^^^^^^^^^^^^^^^^^^^^^^^^^^^^^^^^^^^^^^^^^^^^^^^^^^^^^^^^^^^^^^^^^^^
  File "C:\Users\Sanjar\vscode_projects\.venv\Lib\site-packages\aiogram\dispatcher\router.py", line 153, in _wrapped
    return await self._propagate_event(
           ^^^^^^^^^^^^^^^^^^^^^^^^^^^^
    ...<4 lines>...
    )
    ^
  File "C:\Users\Sanjar\vscode_projects\.venv\Lib\site-packages\aiogram\dispatcher\router.py", line 189, in _propagate_event
    response = await router.propagate_event(update_type=update_type, event=event, **kwargs)
               ^^^^^^^^^^^^^^^^^^^^^^^^^^^^^^^^^^^^^^^^^^^^^^^^^^^^^^^^^^^^^^^^^^^^^^^^^^^^
  File "C:\Users\Sanjar\vscode_projects\.venv\Lib\site-packages\aiogram\dispatcher\router.py", line 161, in propagate_event
    return await observer.wrap_outer_middleware(_wrapped, event=event, data=kwargs)
           ^^^^^^^^^^^^^^^^^^^^^^^^^^^^^^^^^^^^^^^^^^^^^^^^^^^^^^^^^^^^^^^^^^^^^^^^
  File "C:\Users\Sanjar\vscode_projects\.venv\Lib\site-packages\aiogram\dispatcher\router.py", line 153, in _wrapped
    return await self._propagate_event(
           ^^^^^^^^^^^^^^^^^^^^^^^^^^^^
    ...<4 lines>...
    )
    ^
  File "C:\Users\Sanjar\vscode_projects\.venv\Lib\site-packages\aiogram\dispatcher\router.py", line 181, in _propagate_event
    response = await observer.trigger(event, **kwargs)
               ^^^^^^^^^^^^^^^^^^^^^^^^^^^^^^^^^^^^^^^
  File "C:\Users\Sanjar\vscode_projects\.venv\Lib\site-packages\aiogram\dispatcher\event\telegram.py", line 126, in trigger
    return await wrapped_inner(event, kwargs)
           ^^^^^^^^^^^^^^^^^^^^^^^^^^^^^^^^^^
  File "C:\Users\Sanjar\vscode_projects\.venv\Lib\site-packages\aiogram\dispatcher\event\handler.py", line 71, in call
    return await wrapped()
           ^^^^^^^^^^^^^^^
  File "C:\Users\Sanjar\vscode_projects\namoz-bot\bot\handlers\prayer_times.py", line 31, in prayer_times_action
    if not (db_user.city or (db_user.lat is not None and db_user.lon is not None)):
            ^^^^^^^^^^^^
AttributeError: 'NoneType' object has no attribute 'city'
2026-02-11 18:38:15,890 | INFO | aiogram.event | Update id=717650168 is handled. Duration 25 ms by bot id=8271511197
2026-02-11 18:38:17,280 | ERROR | bot.middlewares.db | DB session rolled back due to error
Traceback (most recent call last):
  File "C:\Users\Sanjar\vscode_projects\namoz-bot\bot\middlewares\db.py", line 26, in __call__
    result = await handler(event, data)
             ^^^^^^^^^^^^^^^^^^^^^^^^^^
  File "C:\Users\Sanjar\vscode_projects\namoz-bot\bot\middlewares\i18n.py", line 35, in __call__
    return await handler(event, data)
           ^^^^^^^^^^^^^^^^^^^^^^^^^^
  File "C:\Users\Sanjar\vscode_projects\.venv\Lib\site-packages\aiogram\dispatcher\event\handler.py", line 71, in call
    return await wrapped()
           ^^^^^^^^^^^^^^^
  File "C:\Users\Sanjar\vscode_projects\.venv\Lib\site-packages\aiogram\dispatcher\dispatcher.py", line 283, in _listen_update
    return await self.propagate_event(update_type=update_type, event=event, **kwargs)
           ^^^^^^^^^^^^^^^^^^^^^^^^^^^^^^^^^^^^^^^^^^^^^^^^^^^^^^^^^^^^^^^^^^^^^^^^^^
  File "C:\Users\Sanjar\vscode_projects\.venv\Lib\site-packages\aiogram\dispatcher\router.py", line 161, in propagate_event
    return await observer.wrap_outer_middleware(_wrapped, event=event, data=kwargs)
           ^^^^^^^^^^^^^^^^^^^^^^^^^^^^^^^^^^^^^^^^^^^^^^^^^^^^^^^^^^^^^^^^^^^^^^^^
  File "C:\Users\Sanjar\vscode_projects\.venv\Lib\site-packages\aiogram\dispatcher\router.py", line 153, in _wrapped
    return await self._propagate_event(
           ^^^^^^^^^^^^^^^^^^^^^^^^^^^^
    ...<4 lines>...
    )
    ^
  File "C:\Users\Sanjar\vscode_projects\.venv\Lib\site-packages\aiogram\dispatcher\router.py", line 189, in _propagate_event
    response = await router.propagate_event(update_type=update_type, event=event, **kwargs)
               ^^^^^^^^^^^^^^^^^^^^^^^^^^^^^^^^^^^^^^^^^^^^^^^^^^^^^^^^^^^^^^^^^^^^^^^^^^^^
  File "C:\Users\Sanjar\vscode_projects\.venv\Lib\site-packages\aiogram\dispatcher\router.py", line 161, in propagate_event
    return await observer.wrap_outer_middleware(_wrapped, event=event, data=kwargs)
           ^^^^^^^^^^^^^^^^^^^^^^^^^^^^^^^^^^^^^^^^^^^^^^^^^^^^^^^^^^^^^^^^^^^^^^^^
  File "C:\Users\Sanjar\vscode_projects\.venv\Lib\site-packages\aiogram\dispatcher\router.py", line 153, in _wrapped
    return await self._propagate_event(
           ^^^^^^^^^^^^^^^^^^^^^^^^^^^^
    ...<4 lines>...
    )
    ^
  File "C:\Users\Sanjar\vscode_projects\.venv\Lib\site-packages\aiogram\dispatcher\router.py", line 181, in _propagate_event
    response = await observer.trigger(event, **kwargs)
               ^^^^^^^^^^^^^^^^^^^^^^^^^^^^^^^^^^^^^^^
  File "C:\Users\Sanjar\vscode_projects\.venv\Lib\site-packages\aiogram\dispatcher\event\telegram.py", line 126, in trigger
    return await wrapped_inner(event, kwargs)
           ^^^^^^^^^^^^^^^^^^^^^^^^^^^^^^^^^^
  File "C:\Users\Sanjar\vscode_projects\.venv\Lib\site-packages\aiogram\dispatcher\event\handler.py", line 71, in call
    return await wrapped()
           ^^^^^^^^^^^^^^^
  File "C:\Users\Sanjar\vscode_projects\namoz-bot\bot\handlers\prayer_times.py", line 31, in prayer_times_action
    if not (db_user.city or (db_user.lat is not None and db_user.lon is not None)):
            ^^^^^^^^^^^^
AttributeError: 'NoneType' object has no attribute 'city'
2026-02-11 18:38:17,285 | ERROR | bot.handlers.errors | Unhandled exception: update=Update(update_id=717650169, message=None, edited_message=None, channel_post=None, edited_channel_post=None, business_connection=None, business_message=None, edited_business_message=None, deleted_business_messages=None, message_reaction=None, message_reaction_count=None, inline_query=None, chosen_inline_result=None, callback_query=CallbackQuery(id='8180629268395804168', from_user=User(id=8347152122, is_bot=False, first_name='سنجر', last_name=None, username='raxmv77', language_code='en', is_premium=None, added_to_attachment_menu=None, can_join_groups=None, can_read_all_group_messages=None, supports_inline_queries=None, can_connect_to_business=None, has_main_web_app=None, has_topics_enabled=None, allows_users_to_create_topics=None), chat_instance='-3702739898278178400', message=Message(message_id=11, date=datetime.datetime(2026, 2, 11, 13, 38, 6, tzinfo=TzInfo(0)), chat=Chat(id=8347152122, type='private', title=None, username='raxmv77', first_name='سنجر', last_name=None, is_forum=None, is_direct_messages=None, accent_color_id=None, active_usernames=None, available_reactions=None, background_custom_emoji_id=None, bio=None, birthdate=None, business_intro=None, business_location=None, business_opening_hours=None, can_set_sticker_set=None, custom_emoji_sticker_set_name=None, description=None, emoji_status_custom_emoji_id=None, emoji_status_expiration_date=None, has_aggressive_anti_spam_enabled=None, has_hidden_members=None, has_private_forwards=None, has_protected_content=None, has_restricted_voice_and_video_messages=None, has_visible_history=None, invite_link=None, join_by_request=None, join_to_send_messages=None, linked_chat_id=None, location=None, message_auto_delete_time=None, permissions=None, personal_chat=None, photo=None, pinned_message=None, profile_accent_color_id=None, profile_background_custom_emoji_id=None, slow_mode_delay=None, sticker_set_name=None, unrestrict_boost_count=None), message_thread_id=None, direct_messages_topic=None, from_user=User(id=8271511197, is_bot=True, first_name='Namoz Time & Islamic Assistant Bot', last_name=None, username='NamozPlusBot', language_code=None, is_premium=None, added_to_attachment_menu=None, can_join_groups=None, can_read_all_group_messages=None, supports_inline_queries=None, can_connect_to_business=None, has_main_web_app=None, has_topics_enabled=None, allows_users_to_create_topics=None), sender_chat=None, sender_boost_count=None, sender_business_bot=None, business_connection_id=None, forward_origin=None, is_topic_message=None, is_automatic_forward=None, reply_to_message=None, external_reply=None, quote=None, reply_to_story=None, reply_to_checklist_task_id=None, via_bot=None, edit_date=1770817088, has_protected_content=None, is_from_offline=None, is_paid_post=None, media_group_id=None, author_signature=None, paid_star_count=None, text='Davrni tanlang:', entities=None, link_preview_options=None, suggested_post_info=None, effect_id=None, animation=None, audio=None, document=None, paid_media=None, photo=None, sticker=None, story=None, video=None, video_note=None, voice=None, caption=None, caption_entities=None, show_caption_above_media=None, has_media_spoiler=None, checklist=None, contact=None, dice=None, game=None, poll=None, venue=None, location=None, new_chat_members=None, left_chat_member=None, chat_owner_left=None, chat_owner_changed=None, new_chat_title=None, new_chat_photo=None, delete_chat_photo=None, group_chat_created=None, supergroup_chat_created=None, channel_chat_created=None, message_auto_delete_timer_changed=None, migrate_to_chat_id=None, migrate_from_chat_id=None, pinned_message=None, invoice=None, successful_payment=None, refunded_payment=None, users_shared=None, chat_shared=None, gift=None, unique_gift=None, gift_upgrade_sent=None, connected_website=None, write_access_allowed=None, passport_data=None, proximity_alert_triggered=None, boost_added=None, chat_background_set=None, checklist_tasks_done=None, checklist_tasks_added=None, direct_message_price_changed=None, forum_topic_created=None, forum_topic_edited=None, forum_topic_closed=None, forum_topic_reopened=None, general_forum_topic_hidden=None, general_forum_topic_unhidden=None, giveaway_created=None, giveaway=None, giveaway_winners=None, giveaway_completed=None, paid_message_price_changed=None, suggested_post_approved=None, suggested_post_approval_failed=None, suggested_post_declined=None, suggested_post_paid=None, suggested_post_refunded=None, video_chat_scheduled=None, video_chat_started=None, video_chat_ended=None, video_chat_participants_invited=None, web_app_data=None, reply_markup=InlineKeyboardMarkup(inline_keyboard=[[InlineKeyboardButton(text='Bugun', icon_custom_emoji_id=None, style=None, url=None, callback_data='prayer:today', web_app=None, login_url=None, switch_inline_query=None, switch_inline_query_current_chat=None, switch_inline_query_chosen_chat=None, copy_text=None, callback_game=None, pay=None), InlineKeyboardButton(text='Ertaga', icon_custom_emoji_id=None, style=None, url=None, callback_data='prayer:tomorrow', web_app=None, login_url=None, switch_inline_query=None, switch_inline_query_current_chat=None, switch_inline_query_chosen_chat=None, copy_text=None, callback_game=None, pay=None), InlineKeyboardButton(text='Haftalik', icon_custom_emoji_id=None, style=None, url=None, callback_data='prayer:week', web_app=None, login_url=None, switch_inline_query=None, switch_inline_query_current_chat=None, switch_inline_query_chosen_chat=None, copy_text=None, callback_game=None, pay=None)]]), forward_date=None, forward_from=None, forward_from_chat=None, forward_from_message_id=None, forward_sender_name=None, forward_signature=None, user_shared=None), inline_message_id=None, data='prayer:week', game_short_name=None), shipping_query=None, pre_checkout_query=None, purchased_paid_media=None, poll=None, poll_answer=None, my_chat_member=None, chat_member=None, chat_join_request=None, chat_boost=None, removed_chat_boost=None) exception=AttributeError("'NoneType' object has no attribute 'city'")
Traceback (most recent call last):
  File "C:\Users\Sanjar\vscode_projects\.venv\Lib\site-packages\aiogram\dispatcher\middlewares\error.py", line 27, in __call__
    return await handler(event, data)
           ^^^^^^^^^^^^^^^^^^^^^^^^^^
  File "C:\Users\Sanjar\vscode_projects\.venv\Lib\site-packages\aiogram\dispatcher\middlewares\user_context.py", line 58, in __call__
    return await handler(event, data)
           ^^^^^^^^^^^^^^^^^^^^^^^^^^
  File "C:\Users\Sanjar\vscode_projects\.venv\Lib\site-packages\aiogram\fsm\middleware.py", line 43, in __call__
    return await handler(event, data)
           ^^^^^^^^^^^^^^^^^^^^^^^^^^
  File "C:\Users\Sanjar\vscode_projects\.venv\Lib\site-packages\aiogram\dispatcher\event\telegram.py", line 126, in trigger
    return await wrapped_inner(event, kwargs)
           ^^^^^^^^^^^^^^^^^^^^^^^^^^^^^^^^^^
  File "C:\Users\Sanjar\vscode_projects\namoz-bot\bot\middlewares\db.py", line 26, in __call__
    result = await handler(event, data)
             ^^^^^^^^^^^^^^^^^^^^^^^^^^
  File "C:\Users\Sanjar\vscode_projects\namoz-bot\bot\middlewares\i18n.py", line 35, in __call__
    return await handler(event, data)
           ^^^^^^^^^^^^^^^^^^^^^^^^^^
  File "C:\Users\Sanjar\vscode_projects\.venv\Lib\site-packages\aiogram\dispatcher\event\handler.py", line 71, in call
    return await wrapped()
           ^^^^^^^^^^^^^^^
  File "C:\Users\Sanjar\vscode_projects\.venv\Lib\site-packages\aiogram\dispatcher\dispatcher.py", line 283, in _listen_update
    return await self.propagate_event(update_type=update_type, event=event, **kwargs)
           ^^^^^^^^^^^^^^^^^^^^^^^^^^^^^^^^^^^^^^^^^^^^^^^^^^^^^^^^^^^^^^^^^^^^^^^^^^
  File "C:\Users\Sanjar\vscode_projects\.venv\Lib\site-packages\aiogram\dispatcher\router.py", line 161, in propagate_event
    return await observer.wrap_outer_middleware(_wrapped, event=event, data=kwargs)
           ^^^^^^^^^^^^^^^^^^^^^^^^^^^^^^^^^^^^^^^^^^^^^^^^^^^^^^^^^^^^^^^^^^^^^^^^
  File "C:\Users\Sanjar\vscode_projects\.venv\Lib\site-packages\aiogram\dispatcher\router.py", line 153, in _wrapped
    return await self._propagate_event(
           ^^^^^^^^^^^^^^^^^^^^^^^^^^^^
    ...<4 lines>...
    )
    ^
  File "C:\Users\Sanjar\vscode_projects\.venv\Lib\site-packages\aiogram\dispatcher\router.py", line 189, in _propagate_event
    response = await router.propagate_event(update_type=update_type, event=event, **kwargs)
               ^^^^^^^^^^^^^^^^^^^^^^^^^^^^^^^^^^^^^^^^^^^^^^^^^^^^^^^^^^^^^^^^^^^^^^^^^^^^
  File "C:\Users\Sanjar\vscode_projects\.venv\Lib\site-packages\aiogram\dispatcher\router.py", line 161, in propagate_event
    return await observer.wrap_outer_middleware(_wrapped, event=event, data=kwargs)
           ^^^^^^^^^^^^^^^^^^^^^^^^^^^^^^^^^^^^^^^^^^^^^^^^^^^^^^^^^^^^^^^^^^^^^^^^
  File "C:\Users\Sanjar\vscode_projects\.venv\Lib\site-packages\aiogram\dispatcher\router.py", line 153, in _wrapped
    return await self._propagate_event(
           ^^^^^^^^^^^^^^^^^^^^^^^^^^^^
    ...<4 lines>...
    )
    ^
  File "C:\Users\Sanjar\vscode_projects\.venv\Lib\site-packages\aiogram\dispatcher\router.py", line 181, in _propagate_event
    response = await observer.trigger(event, **kwargs)
               ^^^^^^^^^^^^^^^^^^^^^^^^^^^^^^^^^^^^^^^
  File "C:\Users\Sanjar\vscode_projects\.venv\Lib\site-packages\aiogram\dispatcher\event\telegram.py", line 126, in trigger
    return await wrapped_inner(event, kwargs)
           ^^^^^^^^^^^^^^^^^^^^^^^^^^^^^^^^^^
  File "C:\Users\Sanjar\vscode_projects\.venv\Lib\site-packages\aiogram\dispatcher\event\handler.py", line 71, in call
    return await wrapped()
           ^^^^^^^^^^^^^^^
  File "C:\Users\Sanjar\vscode_projects\namoz-bot\bot\handlers\prayer_times.py", line 31, in prayer_times_action
    if not (db_user.city or (db_user.lat is not None and db_user.lon is not None)):
            ^^^^^^^^^^^^
AttributeError: 'NoneType' object has no attribute 'city'
2026-02-11 18:38:17,299 | INFO | aiogram.event | Update id=717650169 is handled. Duration 19 ms by bot id=8271511197
2026-02-11 18:39:15,247 | INFO | aiogram.dispatcher | Polling stopped
2026-02-11 18:39:15,249 | ERROR | aiogram.dispatcher | Failed to fetch updates - TelegramNetworkError: HTTP Client says - ServerDisconnectedError: Server disconnected
2026-02-11 18:39:15,249 | WARNING | aiogram.dispatcher | Sleep for 1.000000 seconds and try again... (tryings = 0, bot id = 8271511197)
2026-02-11 18:39:15,510 | INFO | aiogram.dispatcher | Polling stopped for bot @NamozPlusBot id=8271511197 - 'Namoz Time & Islamic Assistant Bot'
2026-02-11 18:40:03,094 | INFO | apscheduler.scheduler | Adding job tentatively -- it will be properly scheduled when the scheduler starts
2026-02-11 18:40:03,095 | INFO | apscheduler.scheduler | Added job "SchedulerService.refresh_all" to job store "default"
2026-02-11 18:40:03,096 | INFO | apscheduler.scheduler | Scheduler started
2026-02-11 18:40:03,187 | INFO | aiogram.dispatcher | Start polling
2026-02-11 18:40:03,542 | INFO | aiogram.dispatcher | Run polling for bot @NamozPlusBot id=8271511197 - 'Namoz Time & Islamic Assistant Bot'
2026-02-11 18:40:08,765 | INFO | aiogram.event | Update id=717650170 is handled. Duration 372 ms by bot id=8271511197
2026-02-11 18:40:11,611 | INFO | aiogram.event | Update id=717650171 is handled. Duration 414 ms by bot id=8271511197
2026-02-11 18:40:18,036 | INFO | aiogram.event | Update id=717650172 is handled. Duration 264 ms by bot id=8271511197
2026-02-11 18:40:20,320 | INFO | aiogram.event | Update id=717650173 is handled. Duration 270 ms by bot id=8271511197
2026-02-11 18:40:32,530 | ERROR | bot.middlewares.db | DB session rolled back due to error
Traceback (most recent call last):
  File "C:\Users\Sanjar\vscode_projects\namoz-bot\bot\middlewares\db.py", line 26, in __call__
    result = await handler(event, data)
             ^^^^^^^^^^^^^^^^^^^^^^^^^^
  File "C:\Users\Sanjar\vscode_projects\namoz-bot\bot\middlewares\i18n.py", line 35, in __call__
    return await handler(event, data)
           ^^^^^^^^^^^^^^^^^^^^^^^^^^
  File "C:\Users\Sanjar\vscode_projects\.venv\Lib\site-packages\aiogram\dispatcher\event\handler.py", line 71, in call
    return await wrapped()
           ^^^^^^^^^^^^^^^
  File "C:\Users\Sanjar\vscode_projects\.venv\Lib\site-packages\aiogram\dispatcher\dispatcher.py", line 283, in _listen_update
    return await self.propagate_event(update_type=update_type, event=event, **kwargs)
           ^^^^^^^^^^^^^^^^^^^^^^^^^^^^^^^^^^^^^^^^^^^^^^^^^^^^^^^^^^^^^^^^^^^^^^^^^^
  File "C:\Users\Sanjar\vscode_projects\.venv\Lib\site-packages\aiogram\dispatcher\router.py", line 161, in propagate_event
    return await observer.wrap_outer_middleware(_wrapped, event=event, data=kwargs)
           ^^^^^^^^^^^^^^^^^^^^^^^^^^^^^^^^^^^^^^^^^^^^^^^^^^^^^^^^^^^^^^^^^^^^^^^^
  File "C:\Users\Sanjar\vscode_projects\.venv\Lib\site-packages\aiogram\dispatcher\router.py", line 153, in _wrapped
    return await self._propagate_event(
           ^^^^^^^^^^^^^^^^^^^^^^^^^^^^
    ...<4 lines>...
    )
    ^
  File "C:\Users\Sanjar\vscode_projects\.venv\Lib\site-packages\aiogram\dispatcher\router.py", line 189, in _propagate_event
    response = await router.propagate_event(update_type=update_type, event=event, **kwargs)
               ^^^^^^^^^^^^^^^^^^^^^^^^^^^^^^^^^^^^^^^^^^^^^^^^^^^^^^^^^^^^^^^^^^^^^^^^^^^^
  File "C:\Users\Sanjar\vscode_projects\.venv\Lib\site-packages\aiogram\dispatcher\router.py", line 161, in propagate_event
    return await observer.wrap_outer_middleware(_wrapped, event=event, data=kwargs)
           ^^^^^^^^^^^^^^^^^^^^^^^^^^^^^^^^^^^^^^^^^^^^^^^^^^^^^^^^^^^^^^^^^^^^^^^^
  File "C:\Users\Sanjar\vscode_projects\.venv\Lib\site-packages\aiogram\dispatcher\router.py", line 153, in _wrapped
    return await self._propagate_event(
           ^^^^^^^^^^^^^^^^^^^^^^^^^^^^
    ...<4 lines>...
    )
    ^
  File "C:\Users\Sanjar\vscode_projects\.venv\Lib\site-packages\aiogram\dispatcher\router.py", line 181, in _propagate_event
    response = await observer.trigger(event, **kwargs)
               ^^^^^^^^^^^^^^^^^^^^^^^^^^^^^^^^^^^^^^^
  File "C:\Users\Sanjar\vscode_projects\.venv\Lib\site-packages\aiogram\dispatcher\event\telegram.py", line 126, in trigger
    return await wrapped_inner(event, kwargs)
           ^^^^^^^^^^^^^^^^^^^^^^^^^^^^^^^^^^
  File "C:\Users\Sanjar\vscode_projects\.venv\Lib\site-packages\aiogram\dispatcher\event\handler.py", line 71, in call
    return await wrapped()
           ^^^^^^^^^^^^^^^
  File "C:\Users\Sanjar\vscode_projects\namoz-bot\bot\handlers\location.py", line 76, in location_any
    await update_user_coords(db, db_user.id, lat, lon, timezone)
                                 ^^^^^^^^^^
AttributeError: 'NoneType' object has no attribute 'id'
2026-02-11 18:40:32,547 | ERROR | bot.handlers.errors | Unhandled exception: update=Update(update_id=717650174, message=Message(message_id=16, date=datetime.datetime(2026, 2, 11, 13, 40, 32, tzinfo=TzInfo(0)), chat=Chat(id=8347152122, type='private', title=None, username='raxmv77', first_name='سنجر', last_name=None, is_forum=None, is_direct_messages=None, accent_color_id=None, active_usernames=None, available_reactions=None, background_custom_emoji_id=None, bio=None, birthdate=None, business_intro=None, business_location=None, business_opening_hours=None, can_set_sticker_set=None, custom_emoji_sticker_set_name=None, description=None, emoji_status_custom_emoji_id=None, emoji_status_expiration_date=None, has_aggressive_anti_spam_enabled=None, has_hidden_members=None, has_private_forwards=None, has_protected_content=None, has_restricted_voice_and_video_messages=None, has_visible_history=None, invite_link=None, join_by_request=None, join_to_send_messages=None, linked_chat_id=None, location=None, message_auto_delete_time=None, permissions=None, personal_chat=None, photo=None, pinned_message=None, profile_accent_color_id=None, profile_background_custom_emoji_id=None, slow_mode_delay=None, sticker_set_name=None, unrestrict_boost_count=None), message_thread_id=None, direct_messages_topic=None, from_user=User(id=8347152122, is_bot=False, first_name='سنجر', last_name=None, username='raxmv77', language_code='en', is_premium=None, added_to_attachment_menu=None, can_join_groups=None, can_read_all_group_messages=None, supports_inline_queries=None, can_connect_to_business=None, has_main_web_app=None, has_topics_enabled=None, allows_users_to_create_topics=None), sender_chat=None, sender_boost_count=None, sender_business_bot=None, business_connection_id=None, forward_origin=None, is_topic_message=None, is_automatic_forward=None, reply_to_message=None, external_reply=None, quote=None, reply_to_story=None, reply_to_checklist_task_id=None, via_bot=None, edit_date=None, has_protected_content=None, is_from_offline=None, is_paid_post=None, media_group_id=None, author_signature=None, paid_star_count=None, text=None, entities=None, link_preview_options=None, suggested_post_info=None, effect_id=None, animation=None, audio=None, document=None, paid_media=None, photo=None, sticker=None, story=None, video=None, video_note=None, voice=None, caption=None, caption_entities=None, show_caption_above_media=None, has_media_spoiler=None, checklist=None, contact=None, dice=None, game=None, poll=None, venue=None, location=Location(latitude=41.467608, longitude=69.467347, horizontal_accuracy=None, live_period=None, heading=None, proximity_alert_radius=None), new_chat_members=None, left_chat_member=None, chat_owner_left=None, chat_owner_changed=None, new_chat_title=None, new_chat_photo=None, delete_chat_photo=None, group_chat_created=None, supergroup_chat_created=None, channel_chat_created=None, message_auto_delete_timer_changed=None, migrate_to_chat_id=None, migrate_from_chat_id=None, pinned_message=None, invoice=None, successful_payment=None, refunded_payment=None, users_shared=None, chat_shared=None, gift=None, unique_gift=None, gift_upgrade_sent=None, connected_website=None, write_access_allowed=None, passport_data=None, proximity_alert_triggered=None, boost_added=None, chat_background_set=None, checklist_tasks_done=None, checklist_tasks_added=None, direct_message_price_changed=None, forum_topic_created=None, forum_topic_edited=None, forum_topic_closed=None, forum_topic_reopened=None, general_forum_topic_hidden=None, general_forum_topic_unhidden=None, giveaway_created=None, giveaway=None, giveaway_winners=None, giveaway_completed=None, paid_message_price_changed=None, suggested_post_approved=None, suggested_post_approval_failed=None, suggested_post_declined=None, suggested_post_paid=None, suggested_post_refunded=None, video_chat_scheduled=None, video_chat_started=None, video_chat_ended=None, video_chat_participants_invited=None, web_app_data=None, reply_markup=None, forward_date=None, forward_from=None, forward_from_chat=None, forward_from_message_id=None, forward_sender_name=None, forward_signature=None, user_shared=None), edited_message=None, channel_post=None, edited_channel_post=None, business_connection=None, business_message=None, edited_business_message=None, deleted_business_messages=None, message_reaction=None, message_reaction_count=None, inline_query=None, chosen_inline_result=None, callback_query=None, shipping_query=None, pre_checkout_query=None, purchased_paid_media=None, poll=None, poll_answer=None, my_chat_member=None, chat_member=None, chat_join_request=None, chat_boost=None, removed_chat_boost=None) exception=AttributeError("'NoneType' object has no attribute 'id'")
Traceback (most recent call last):
  File "C:\Users\Sanjar\vscode_projects\.venv\Lib\site-packages\aiogram\dispatcher\middlewares\error.py", line 27, in __call__
    return await handler(event, data)
           ^^^^^^^^^^^^^^^^^^^^^^^^^^
  File "C:\Users\Sanjar\vscode_projects\.venv\Lib\site-packages\aiogram\dispatcher\middlewares\user_context.py", line 58, in __call__
    return await handler(event, data)
           ^^^^^^^^^^^^^^^^^^^^^^^^^^
  File "C:\Users\Sanjar\vscode_projects\.venv\Lib\site-packages\aiogram\fsm\middleware.py", line 43, in __call__
    return await handler(event, data)
           ^^^^^^^^^^^^^^^^^^^^^^^^^^
  File "C:\Users\Sanjar\vscode_projects\.venv\Lib\site-packages\aiogram\dispatcher\event\telegram.py", line 126, in trigger
    return await wrapped_inner(event, kwargs)
           ^^^^^^^^^^^^^^^^^^^^^^^^^^^^^^^^^^
  File "C:\Users\Sanjar\vscode_projects\namoz-bot\bot\middlewares\db.py", line 26, in __call__
    result = await handler(event, data)
             ^^^^^^^^^^^^^^^^^^^^^^^^^^
  File "C:\Users\Sanjar\vscode_projects\namoz-bot\bot\middlewares\i18n.py", line 35, in __call__
    return await handler(event, data)
           ^^^^^^^^^^^^^^^^^^^^^^^^^^
  File "C:\Users\Sanjar\vscode_projects\.venv\Lib\site-packages\aiogram\dispatcher\event\handler.py", line 71, in call
    return await wrapped()
           ^^^^^^^^^^^^^^^
  File "C:\Users\Sanjar\vscode_projects\.venv\Lib\site-packages\aiogram\dispatcher\dispatcher.py", line 283, in _listen_update
    return await self.propagate_event(update_type=update_type, event=event, **kwargs)
           ^^^^^^^^^^^^^^^^^^^^^^^^^^^^^^^^^^^^^^^^^^^^^^^^^^^^^^^^^^^^^^^^^^^^^^^^^^
  File "C:\Users\Sanjar\vscode_projects\.venv\Lib\site-packages\aiogram\dispatcher\router.py", line 161, in propagate_event
    return await observer.wrap_outer_middleware(_wrapped, event=event, data=kwargs)
           ^^^^^^^^^^^^^^^^^^^^^^^^^^^^^^^^^^^^^^^^^^^^^^^^^^^^^^^^^^^^^^^^^^^^^^^^
  File "C:\Users\Sanjar\vscode_projects\.venv\Lib\site-packages\aiogram\dispatcher\router.py", line 153, in _wrapped
    return await self._propagate_event(
           ^^^^^^^^^^^^^^^^^^^^^^^^^^^^
    ...<4 lines>...
    )
    ^
  File "C:\Users\Sanjar\vscode_projects\.venv\Lib\site-packages\aiogram\dispatcher\router.py", line 189, in _propagate_event
    response = await router.propagate_event(update_type=update_type, event=event, **kwargs)
               ^^^^^^^^^^^^^^^^^^^^^^^^^^^^^^^^^^^^^^^^^^^^^^^^^^^^^^^^^^^^^^^^^^^^^^^^^^^^
  File "C:\Users\Sanjar\vscode_projects\.venv\Lib\site-packages\aiogram\dispatcher\router.py", line 161, in propagate_event
    return await observer.wrap_outer_middleware(_wrapped, event=event, data=kwargs)
           ^^^^^^^^^^^^^^^^^^^^^^^^^^^^^^^^^^^^^^^^^^^^^^^^^^^^^^^^^^^^^^^^^^^^^^^^
  File "C:\Users\Sanjar\vscode_projects\.venv\Lib\site-packages\aiogram\dispatcher\router.py", line 153, in _wrapped
    return await self._propagate_event(
           ^^^^^^^^^^^^^^^^^^^^^^^^^^^^
    ...<4 lines>...
    )
    ^
  File "C:\Users\Sanjar\vscode_projects\.venv\Lib\site-packages\aiogram\dispatcher\router.py", line 181, in _propagate_event
    response = await observer.trigger(event, **kwargs)
               ^^^^^^^^^^^^^^^^^^^^^^^^^^^^^^^^^^^^^^^
  File "C:\Users\Sanjar\vscode_projects\.venv\Lib\site-packages\aiogram\dispatcher\event\telegram.py", line 126, in trigger
    return await wrapped_inner(event, kwargs)
           ^^^^^^^^^^^^^^^^^^^^^^^^^^^^^^^^^^
  File "C:\Users\Sanjar\vscode_projects\.venv\Lib\site-packages\aiogram\dispatcher\event\handler.py", line 71, in call
    return await wrapped()
           ^^^^^^^^^^^^^^^
  File "C:\Users\Sanjar\vscode_projects\namoz-bot\bot\handlers\location.py", line 76, in location_any
    await update_user_coords(db, db_user.id, lat, lon, timezone)
                                 ^^^^^^^^^^
AttributeError: 'NoneType' object has no attribute 'id'
2026-02-11 18:40:32,561 | INFO | aiogram.event | Update id=717650174 is handled. Duration 848 ms by bot id=8271511197
2026-02-11 18:41:27,593 | INFO | aiogram.event | Update id=717650175 is handled. Duration 472 ms by bot id=8271511197
2026-02-11 18:41:29,181 | INFO | aiogram.event | Update id=717650176 is handled. Duration 357 ms by bot id=8271511197
2026-02-11 18:41:31,405 | INFO | aiogram.event | Update id=717650177 is handled. Duration 144 ms by bot id=8271511197
2026-02-11 18:41:33,107 | INFO | aiogram.event | Update id=717650178 is handled. Duration 481 ms by bot id=8271511197
2026-02-11 18:41:35,262 | INFO | aiogram.event | Update id=717650179 is handled. Duration 333 ms by bot id=8271511197
2026-02-11 18:41:37,347 | ERROR | bot.middlewares.db | DB session rolled back due to error
Traceback (most recent call last):
  File "C:\Users\Sanjar\vscode_projects\namoz-bot\bot\middlewares\db.py", line 26, in __call__
    result = await handler(event, data)
             ^^^^^^^^^^^^^^^^^^^^^^^^^^
  File "C:\Users\Sanjar\vscode_projects\namoz-bot\bot\middlewares\i18n.py", line 35, in __call__
    return await handler(event, data)
           ^^^^^^^^^^^^^^^^^^^^^^^^^^
  File "C:\Users\Sanjar\vscode_projects\.venv\Lib\site-packages\aiogram\dispatcher\event\handler.py", line 71, in call
    return await wrapped()
           ^^^^^^^^^^^^^^^
  File "C:\Users\Sanjar\vscode_projects\.venv\Lib\site-packages\aiogram\dispatcher\dispatcher.py", line 283, in _listen_update
    return await self.propagate_event(update_type=update_type, event=event, **kwargs)
           ^^^^^^^^^^^^^^^^^^^^^^^^^^^^^^^^^^^^^^^^^^^^^^^^^^^^^^^^^^^^^^^^^^^^^^^^^^
  File "C:\Users\Sanjar\vscode_projects\.venv\Lib\site-packages\aiogram\dispatcher\router.py", line 161, in propagate_event
    return await observer.wrap_outer_middleware(_wrapped, event=event, data=kwargs)
           ^^^^^^^^^^^^^^^^^^^^^^^^^^^^^^^^^^^^^^^^^^^^^^^^^^^^^^^^^^^^^^^^^^^^^^^^
  File "C:\Users\Sanjar\vscode_projects\.venv\Lib\site-packages\aiogram\dispatcher\router.py", line 153, in _wrapped
    return await self._propagate_event(
           ^^^^^^^^^^^^^^^^^^^^^^^^^^^^
    ...<4 lines>...
    )
    ^
  File "C:\Users\Sanjar\vscode_projects\.venv\Lib\site-packages\aiogram\dispatcher\router.py", line 189, in _propagate_event
    response = await router.propagate_event(update_type=update_type, event=event, **kwargs)
               ^^^^^^^^^^^^^^^^^^^^^^^^^^^^^^^^^^^^^^^^^^^^^^^^^^^^^^^^^^^^^^^^^^^^^^^^^^^^
  File "C:\Users\Sanjar\vscode_projects\.venv\Lib\site-packages\aiogram\dispatcher\router.py", line 161, in propagate_event
    return await observer.wrap_outer_middleware(_wrapped, event=event, data=kwargs)
           ^^^^^^^^^^^^^^^^^^^^^^^^^^^^^^^^^^^^^^^^^^^^^^^^^^^^^^^^^^^^^^^^^^^^^^^^
  File "C:\Users\Sanjar\vscode_projects\.venv\Lib\site-packages\aiogram\dispatcher\router.py", line 153, in _wrapped
    return await self._propagate_event(
           ^^^^^^^^^^^^^^^^^^^^^^^^^^^^
    ...<4 lines>...
    )
    ^
  File "C:\Users\Sanjar\vscode_projects\.venv\Lib\site-packages\aiogram\dispatcher\router.py", line 181, in _propagate_event
    response = await observer.trigger(event, **kwargs)
               ^^^^^^^^^^^^^^^^^^^^^^^^^^^^^^^^^^^^^^^
  File "C:\Users\Sanjar\vscode_projects\.venv\Lib\site-packages\aiogram\dispatcher\event\telegram.py", line 126, in trigger
    return await wrapped_inner(event, kwargs)
           ^^^^^^^^^^^^^^^^^^^^^^^^^^^^^^^^^^
  File "C:\Users\Sanjar\vscode_projects\.venv\Lib\site-packages\aiogram\dispatcher\event\handler.py", line 71, in call
    return await wrapped()
           ^^^^^^^^^^^^^^^
  File "C:\Users\Sanjar\vscode_projects\namoz-bot\bot\handlers\location.py", line 38, in location_received
    await update_user_coords(db, db_user.id, lat, lon, timezone)
                                 ^^^^^^^^^^
AttributeError: 'NoneType' object has no attribute 'id'
2026-02-11 18:41:37,380 | ERROR | bot.handlers.errors | Unhandled exception: update=Update(update_id=717650180, message=Message(message_id=23, date=datetime.datetime(2026, 2, 11, 13, 41, 37, tzinfo=TzInfo(0)), chat=Chat(id=8347152122, type='private', title=None, username='raxmv77', first_name='سنجر', last_name=None, is_forum=None, is_direct_messages=None, accent_color_id=None, active_usernames=None, available_reactions=None, background_custom_emoji_id=None, bio=None, birthdate=None, business_intro=None, business_location=None, business_opening_hours=None, can_set_sticker_set=None, custom_emoji_sticker_set_name=None, description=None, emoji_status_custom_emoji_id=None, emoji_status_expiration_date=None, has_aggressive_anti_spam_enabled=None, has_hidden_members=None, has_private_forwards=None, has_protected_content=None, has_restricted_voice_and_video_messages=None, has_visible_history=None, invite_link=None, join_by_request=None, join_to_send_messages=None, linked_chat_id=None, location=None, message_auto_delete_time=None, permissions=None, personal_chat=None, photo=None, pinned_message=None, profile_accent_color_id=None, profile_background_custom_emoji_id=None, slow_mode_delay=None, sticker_set_name=None, unrestrict_boost_count=None), message_thread_id=None, direct_messages_topic=None, from_user=User(id=8347152122, is_bot=False, first_name='سنجر', last_name=None, username='raxmv77', language_code='en', is_premium=None, added_to_attachment_menu=None, can_join_groups=None, can_read_all_group_messages=None, supports_inline_queries=None, can_connect_to_business=None, has_main_web_app=None, has_topics_enabled=None, allows_users_to_create_topics=None), sender_chat=None, sender_boost_count=None, sender_business_bot=None, business_connection_id=None, forward_origin=None, is_topic_message=None, is_automatic_forward=None, reply_to_message=None, external_reply=None, quote=None, reply_to_story=None, reply_to_checklist_task_id=None, via_bot=None, edit_date=None, has_protected_content=None, is_from_offline=None, is_paid_post=None, media_group_id=None, author_signature=None, paid_star_count=None, text=None, entities=None, link_preview_options=None, suggested_post_info=None, effect_id=None, animation=None, audio=None, document=None, paid_media=None, photo=None, sticker=None, story=None, video=None, video_note=None, voice=None, caption=None, caption_entities=None, show_caption_above_media=None, has_media_spoiler=None, checklist=None, contact=None, dice=None, game=None, poll=None, venue=None, location=Location(latitude=41.467608, longitude=69.467347, horizontal_accuracy=None, live_period=None, heading=None, proximity_alert_radius=None), new_chat_members=None, left_chat_member=None, chat_owner_left=None, chat_owner_changed=None, new_chat_title=None, new_chat_photo=None, delete_chat_photo=None, group_chat_created=None, supergroup_chat_created=None, channel_chat_created=None, message_auto_delete_timer_changed=None, migrate_to_chat_id=None, migrate_from_chat_id=None, pinned_message=None, invoice=None, successful_payment=None, refunded_payment=None, users_shared=None, chat_shared=None, gift=None, unique_gift=None, gift_upgrade_sent=None, connected_website=None, write_access_allowed=None, passport_data=None, proximity_alert_triggered=None, boost_added=None, chat_background_set=None, checklist_tasks_done=None, checklist_tasks_added=None, direct_message_price_changed=None, forum_topic_created=None, forum_topic_edited=None, forum_topic_closed=None, forum_topic_reopened=None, general_forum_topic_hidden=None, general_forum_topic_unhidden=None, giveaway_created=None, giveaway=None, giveaway_winners=None, giveaway_completed=None, paid_message_price_changed=None, suggested_post_approved=None, suggested_post_approval_failed=None, suggested_post_declined=None, suggested_post_paid=None, suggested_post_refunded=None, video_chat_scheduled=None, video_chat_started=None, video_chat_ended=None, video_chat_participants_invited=None, web_app_data=None, reply_markup=None, forward_date=None, forward_from=None, forward_from_chat=None, forward_from_message_id=None, forward_sender_name=None, forward_signature=None, user_shared=None), edited_message=None, channel_post=None, edited_channel_post=None, business_connection=None, business_message=None, edited_business_message=None, deleted_business_messages=None, message_reaction=None, message_reaction_count=None, inline_query=None, chosen_inline_result=None, callback_query=None, shipping_query=None, pre_checkout_query=None, purchased_paid_media=None, poll=None, poll_answer=None, my_chat_member=None, chat_member=None, chat_join_request=None, chat_boost=None, removed_chat_boost=None) exception=AttributeError("'NoneType' object has no attribute 'id'")
Traceback (most recent call last):
  File "C:\Users\Sanjar\vscode_projects\.venv\Lib\site-packages\aiogram\dispatcher\middlewares\error.py", line 27, in __call__
    return await handler(event, data)
           ^^^^^^^^^^^^^^^^^^^^^^^^^^
  File "C:\Users\Sanjar\vscode_projects\.venv\Lib\site-packages\aiogram\dispatcher\middlewares\user_context.py", line 58, in __call__
    return await handler(event, data)
           ^^^^^^^^^^^^^^^^^^^^^^^^^^
  File "C:\Users\Sanjar\vscode_projects\.venv\Lib\site-packages\aiogram\fsm\middleware.py", line 43, in __call__
    return await handler(event, data)
           ^^^^^^^^^^^^^^^^^^^^^^^^^^
  File "C:\Users\Sanjar\vscode_projects\.venv\Lib\site-packages\aiogram\dispatcher\event\telegram.py", line 126, in trigger
    return await wrapped_inner(event, kwargs)
           ^^^^^^^^^^^^^^^^^^^^^^^^^^^^^^^^^^
  File "C:\Users\Sanjar\vscode_projects\namoz-bot\bot\middlewares\db.py", line 26, in __call__
    result = await handler(event, data)
             ^^^^^^^^^^^^^^^^^^^^^^^^^^
  File "C:\Users\Sanjar\vscode_projects\namoz-bot\bot\middlewares\i18n.py", line 35, in __call__
    return await handler(event, data)
           ^^^^^^^^^^^^^^^^^^^^^^^^^^
  File "C:\Users\Sanjar\vscode_projects\.venv\Lib\site-packages\aiogram\dispatcher\event\handler.py", line 71, in call
    return await wrapped()
           ^^^^^^^^^^^^^^^
  File "C:\Users\Sanjar\vscode_projects\.venv\Lib\site-packages\aiogram\dispatcher\dispatcher.py", line 283, in _listen_update
    return await self.propagate_event(update_type=update_type, event=event, **kwargs)
           ^^^^^^^^^^^^^^^^^^^^^^^^^^^^^^^^^^^^^^^^^^^^^^^^^^^^^^^^^^^^^^^^^^^^^^^^^^
  File "C:\Users\Sanjar\vscode_projects\.venv\Lib\site-packages\aiogram\dispatcher\router.py", line 161, in propagate_event
    return await observer.wrap_outer_middleware(_wrapped, event=event, data=kwargs)
           ^^^^^^^^^^^^^^^^^^^^^^^^^^^^^^^^^^^^^^^^^^^^^^^^^^^^^^^^^^^^^^^^^^^^^^^^
  File "C:\Users\Sanjar\vscode_projects\.venv\Lib\site-packages\aiogram\dispatcher\router.py", line 153, in _wrapped
    return await self._propagate_event(
           ^^^^^^^^^^^^^^^^^^^^^^^^^^^^
    ...<4 lines>...
    )
    ^
  File "C:\Users\Sanjar\vscode_projects\.venv\Lib\site-packages\aiogram\dispatcher\router.py", line 189, in _propagate_event
    response = await router.propagate_event(update_type=update_type, event=event, **kwargs)
               ^^^^^^^^^^^^^^^^^^^^^^^^^^^^^^^^^^^^^^^^^^^^^^^^^^^^^^^^^^^^^^^^^^^^^^^^^^^^
  File "C:\Users\Sanjar\vscode_projects\.venv\Lib\site-packages\aiogram\dispatcher\router.py", line 161, in propagate_event
    return await observer.wrap_outer_middleware(_wrapped, event=event, data=kwargs)
           ^^^^^^^^^^^^^^^^^^^^^^^^^^^^^^^^^^^^^^^^^^^^^^^^^^^^^^^^^^^^^^^^^^^^^^^^
  File "C:\Users\Sanjar\vscode_projects\.venv\Lib\site-packages\aiogram\dispatcher\router.py", line 153, in _wrapped
    return await self._propagate_event(
           ^^^^^^^^^^^^^^^^^^^^^^^^^^^^
    ...<4 lines>...
    )
    ^
  File "C:\Users\Sanjar\vscode_projects\.venv\Lib\site-packages\aiogram\dispatcher\router.py", line 181, in _propagate_event
    response = await observer.trigger(event, **kwargs)
               ^^^^^^^^^^^^^^^^^^^^^^^^^^^^^^^^^^^^^^^
  File "C:\Users\Sanjar\vscode_projects\.venv\Lib\site-packages\aiogram\dispatcher\event\telegram.py", line 126, in trigger
    return await wrapped_inner(event, kwargs)
           ^^^^^^^^^^^^^^^^^^^^^^^^^^^^^^^^^^
  File "C:\Users\Sanjar\vscode_projects\.venv\Lib\site-packages\aiogram\dispatcher\event\handler.py", line 71, in call
    return await wrapped()
           ^^^^^^^^^^^^^^^
  File "C:\Users\Sanjar\vscode_projects\namoz-bot\bot\handlers\location.py", line 38, in location_received
    await update_user_coords(db, db_user.id, lat, lon, timezone)
                                 ^^^^^^^^^^
AttributeError: 'NoneType' object has no attribute 'id'
2026-02-11 18:41:37,411 | INFO | aiogram.event | Update id=717650180 is handled. Duration 66 ms by bot id=8271511197
2026-02-11 18:41:41,786 | ERROR | bot.middlewares.db | DB session rolled back due to error
Traceback (most recent call last):
  File "C:\Users\Sanjar\vscode_projects\namoz-bot\bot\middlewares\db.py", line 26, in __call__
    result = await handler(event, data)
             ^^^^^^^^^^^^^^^^^^^^^^^^^^
  File "C:\Users\Sanjar\vscode_projects\namoz-bot\bot\middlewares\i18n.py", line 35, in __call__
    return await handler(event, data)
           ^^^^^^^^^^^^^^^^^^^^^^^^^^
  File "C:\Users\Sanjar\vscode_projects\.venv\Lib\site-packages\aiogram\dispatcher\event\handler.py", line 71, in call
    return await wrapped()
           ^^^^^^^^^^^^^^^
  File "C:\Users\Sanjar\vscode_projects\.venv\Lib\site-packages\aiogram\dispatcher\dispatcher.py", line 283, in _listen_update
    return await self.propagate_event(update_type=update_type, event=event, **kwargs)
           ^^^^^^^^^^^^^^^^^^^^^^^^^^^^^^^^^^^^^^^^^^^^^^^^^^^^^^^^^^^^^^^^^^^^^^^^^^
  File "C:\Users\Sanjar\vscode_projects\.venv\Lib\site-packages\aiogram\dispatcher\router.py", line 161, in propagate_event
    return await observer.wrap_outer_middleware(_wrapped, event=event, data=kwargs)
           ^^^^^^^^^^^^^^^^^^^^^^^^^^^^^^^^^^^^^^^^^^^^^^^^^^^^^^^^^^^^^^^^^^^^^^^^
  File "C:\Users\Sanjar\vscode_projects\.venv\Lib\site-packages\aiogram\dispatcher\router.py", line 153, in _wrapped
    return await self._propagate_event(
           ^^^^^^^^^^^^^^^^^^^^^^^^^^^^
    ...<4 lines>...
    )
    ^
  File "C:\Users\Sanjar\vscode_projects\.venv\Lib\site-packages\aiogram\dispatcher\router.py", line 189, in _propagate_event
    response = await router.propagate_event(update_type=update_type, event=event, **kwargs)
               ^^^^^^^^^^^^^^^^^^^^^^^^^^^^^^^^^^^^^^^^^^^^^^^^^^^^^^^^^^^^^^^^^^^^^^^^^^^^
  File "C:\Users\Sanjar\vscode_projects\.venv\Lib\site-packages\aiogram\dispatcher\router.py", line 161, in propagate_event
    return await observer.wrap_outer_middleware(_wrapped, event=event, data=kwargs)
           ^^^^^^^^^^^^^^^^^^^^^^^^^^^^^^^^^^^^^^^^^^^^^^^^^^^^^^^^^^^^^^^^^^^^^^^^
  File "C:\Users\Sanjar\vscode_projects\.venv\Lib\site-packages\aiogram\dispatcher\router.py", line 153, in _wrapped
    return await self._propagate_event(
           ^^^^^^^^^^^^^^^^^^^^^^^^^^^^
    ...<4 lines>...
    )
    ^
  File "C:\Users\Sanjar\vscode_projects\.venv\Lib\site-packages\aiogram\dispatcher\router.py", line 181, in _propagate_event
    response = await observer.trigger(event, **kwargs)
               ^^^^^^^^^^^^^^^^^^^^^^^^^^^^^^^^^^^^^^^
  File "C:\Users\Sanjar\vscode_projects\.venv\Lib\site-packages\aiogram\dispatcher\event\telegram.py", line 126, in trigger
    return await wrapped_inner(event, kwargs)
           ^^^^^^^^^^^^^^^^^^^^^^^^^^^^^^^^^^
  File "C:\Users\Sanjar\vscode_projects\.venv\Lib\site-packages\aiogram\dispatcher\event\handler.py", line 71, in call
    return await wrapped()
           ^^^^^^^^^^^^^^^
  File "C:\Users\Sanjar\vscode_projects\namoz-bot\bot\handlers\location.py", line 38, in location_received
    await update_user_coords(db, db_user.id, lat, lon, timezone)
                                 ^^^^^^^^^^
AttributeError: 'NoneType' object has no attribute 'id'
2026-02-11 18:41:41,813 | ERROR | bot.handlers.errors | Unhandled exception: update=Update(update_id=717650181, message=Message(message_id=24, date=datetime.datetime(2026, 2, 11, 13, 41, 42, tzinfo=TzInfo(0)), chat=Chat(id=8347152122, type='private', title=None, username='raxmv77', first_name='سنجر', last_name=None, is_forum=None, is_direct_messages=None, accent_color_id=None, active_usernames=None, available_reactions=None, background_custom_emoji_id=None, bio=None, birthdate=None, business_intro=None, business_location=None, business_opening_hours=None, can_set_sticker_set=None, custom_emoji_sticker_set_name=None, description=None, emoji_status_custom_emoji_id=None, emoji_status_expiration_date=None, has_aggressive_anti_spam_enabled=None, has_hidden_members=None, has_private_forwards=None, has_protected_content=None, has_restricted_voice_and_video_messages=None, has_visible_history=None, invite_link=None, join_by_request=None, join_to_send_messages=None, linked_chat_id=None, location=None, message_auto_delete_time=None, permissions=None, personal_chat=None, photo=None, pinned_message=None, profile_accent_color_id=None, profile_background_custom_emoji_id=None, slow_mode_delay=None, sticker_set_name=None, unrestrict_boost_count=None), message_thread_id=None, direct_messages_topic=None, from_user=User(id=8347152122, is_bot=False, first_name='سنجر', last_name=None, username='raxmv77', language_code='en', is_premium=None, added_to_attachment_menu=None, can_join_groups=None, can_read_all_group_messages=None, supports_inline_queries=None, can_connect_to_business=None, has_main_web_app=None, has_topics_enabled=None, allows_users_to_create_topics=None), sender_chat=None, sender_boost_count=None, sender_business_bot=None, business_connection_id=None, forward_origin=None, is_topic_message=None, is_automatic_forward=None, reply_to_message=None, external_reply=None, quote=None, reply_to_story=None, reply_to_checklist_task_id=None, via_bot=None, edit_date=None, has_protected_content=None, is_from_offline=None, is_paid_post=None, media_group_id=None, author_signature=None, paid_star_count=None, text=None, entities=None, link_preview_options=None, suggested_post_info=None, effect_id=None, animation=None, audio=None, document=None, paid_media=None, photo=None, sticker=None, story=None, video=None, video_note=None, voice=None, caption=None, caption_entities=None, show_caption_above_media=None, has_media_spoiler=None, checklist=None, contact=None, dice=None, game=None, poll=None, venue=None, location=Location(latitude=41.467608, longitude=69.467347, horizontal_accuracy=None, live_period=None, heading=None, proximity_alert_radius=None), new_chat_members=None, left_chat_member=None, chat_owner_left=None, chat_owner_changed=None, new_chat_title=None, new_chat_photo=None, delete_chat_photo=None, group_chat_created=None, supergroup_chat_created=None, channel_chat_created=None, message_auto_delete_timer_changed=None, migrate_to_chat_id=None, migrate_from_chat_id=None, pinned_message=None, invoice=None, successful_payment=None, refunded_payment=None, users_shared=None, chat_shared=None, gift=None, unique_gift=None, gift_upgrade_sent=None, connected_website=None, write_access_allowed=None, passport_data=None, proximity_alert_triggered=None, boost_added=None, chat_background_set=None, checklist_tasks_done=None, checklist_tasks_added=None, direct_message_price_changed=None, forum_topic_created=None, forum_topic_edited=None, forum_topic_closed=None, forum_topic_reopened=None, general_forum_topic_hidden=None, general_forum_topic_unhidden=None, giveaway_created=None, giveaway=None, giveaway_winners=None, giveaway_completed=None, paid_message_price_changed=None, suggested_post_approved=None, suggested_post_approval_failed=None, suggested_post_declined=None, suggested_post_paid=None, suggested_post_refunded=None, video_chat_scheduled=None, video_chat_started=None, video_chat_ended=None, video_chat_participants_invited=None, web_app_data=None, reply_markup=None, forward_date=None, forward_from=None, forward_from_chat=None, forward_from_message_id=None, forward_sender_name=None, forward_signature=None, user_shared=None), edited_message=None, channel_post=None, edited_channel_post=None, business_connection=None, business_message=None, edited_business_message=None, deleted_business_messages=None, message_reaction=None, message_reaction_count=None, inline_query=None, chosen_inline_result=None, callback_query=None, shipping_query=None, pre_checkout_query=None, purchased_paid_media=None, poll=None, poll_answer=None, my_chat_member=None, chat_member=None, chat_join_request=None, chat_boost=None, removed_chat_boost=None) exception=AttributeError("'NoneType' object has no attribute 'id'")
Traceback (most recent call last):
  File "C:\Users\Sanjar\vscode_projects\.venv\Lib\site-packages\aiogram\dispatcher\middlewares\error.py", line 27, in __call__
    return await handler(event, data)
           ^^^^^^^^^^^^^^^^^^^^^^^^^^
  File "C:\Users\Sanjar\vscode_projects\.venv\Lib\site-packages\aiogram\dispatcher\middlewares\user_context.py", line 58, in __call__
    return await handler(event, data)
           ^^^^^^^^^^^^^^^^^^^^^^^^^^
  File "C:\Users\Sanjar\vscode_projects\.venv\Lib\site-packages\aiogram\fsm\middleware.py", line 43, in __call__
    return await handler(event, data)
           ^^^^^^^^^^^^^^^^^^^^^^^^^^
  File "C:\Users\Sanjar\vscode_projects\.venv\Lib\site-packages\aiogram\dispatcher\event\telegram.py", line 126, in trigger
    return await wrapped_inner(event, kwargs)
           ^^^^^^^^^^^^^^^^^^^^^^^^^^^^^^^^^^
  File "C:\Users\Sanjar\vscode_projects\namoz-bot\bot\middlewares\db.py", line 26, in __call__
    result = await handler(event, data)
             ^^^^^^^^^^^^^^^^^^^^^^^^^^
  File "C:\Users\Sanjar\vscode_projects\namoz-bot\bot\middlewares\i18n.py", line 35, in __call__
    return await handler(event, data)
           ^^^^^^^^^^^^^^^^^^^^^^^^^^
  File "C:\Users\Sanjar\vscode_projects\.venv\Lib\site-packages\aiogram\dispatcher\event\handler.py", line 71, in call
    return await wrapped()
           ^^^^^^^^^^^^^^^
  File "C:\Users\Sanjar\vscode_projects\.venv\Lib\site-packages\aiogram\dispatcher\dispatcher.py", line 283, in _listen_update
    return await self.propagate_event(update_type=update_type, event=event, **kwargs)
           ^^^^^^^^^^^^^^^^^^^^^^^^^^^^^^^^^^^^^^^^^^^^^^^^^^^^^^^^^^^^^^^^^^^^^^^^^^
  File "C:\Users\Sanjar\vscode_projects\.venv\Lib\site-packages\aiogram\dispatcher\router.py", line 161, in propagate_event
    return await observer.wrap_outer_middleware(_wrapped, event=event, data=kwargs)
           ^^^^^^^^^^^^^^^^^^^^^^^^^^^^^^^^^^^^^^^^^^^^^^^^^^^^^^^^^^^^^^^^^^^^^^^^
  File "C:\Users\Sanjar\vscode_projects\.venv\Lib\site-packages\aiogram\dispatcher\router.py", line 153, in _wrapped
    return await self._propagate_event(
           ^^^^^^^^^^^^^^^^^^^^^^^^^^^^
    ...<4 lines>...
    )
    ^
  File "C:\Users\Sanjar\vscode_projects\.venv\Lib\site-packages\aiogram\dispatcher\router.py", line 189, in _propagate_event
    response = await router.propagate_event(update_type=update_type, event=event, **kwargs)
               ^^^^^^^^^^^^^^^^^^^^^^^^^^^^^^^^^^^^^^^^^^^^^^^^^^^^^^^^^^^^^^^^^^^^^^^^^^^^
  File "C:\Users\Sanjar\vscode_projects\.venv\Lib\site-packages\aiogram\dispatcher\router.py", line 161, in propagate_event
    return await observer.wrap_outer_middleware(_wrapped, event=event, data=kwargs)
           ^^^^^^^^^^^^^^^^^^^^^^^^^^^^^^^^^^^^^^^^^^^^^^^^^^^^^^^^^^^^^^^^^^^^^^^^
  File "C:\Users\Sanjar\vscode_projects\.venv\Lib\site-packages\aiogram\dispatcher\router.py", line 153, in _wrapped
    return await self._propagate_event(
           ^^^^^^^^^^^^^^^^^^^^^^^^^^^^
    ...<4 lines>...
    )
    ^
  File "C:\Users\Sanjar\vscode_projects\.venv\Lib\site-packages\aiogram\dispatcher\router.py", line 181, in _propagate_event
    response = await observer.trigger(event, **kwargs)
               ^^^^^^^^^^^^^^^^^^^^^^^^^^^^^^^^^^^^^^^
  File "C:\Users\Sanjar\vscode_projects\.venv\Lib\site-packages\aiogram\dispatcher\event\telegram.py", line 126, in trigger
    return await wrapped_inner(event, kwargs)
           ^^^^^^^^^^^^^^^^^^^^^^^^^^^^^^^^^^
  File "C:\Users\Sanjar\vscode_projects\.venv\Lib\site-packages\aiogram\dispatcher\event\handler.py", line 71, in call
    return await wrapped()
           ^^^^^^^^^^^^^^^
  File "C:\Users\Sanjar\vscode_projects\namoz-bot\bot\handlers\location.py", line 38, in location_received
    await update_user_coords(db, db_user.id, lat, lon, timezone)
                                 ^^^^^^^^^^
AttributeError: 'NoneType' object has no attribute 'id'
2026-02-11 18:41:41,843 | INFO | aiogram.event | Update id=717650181 is handled. Duration 60 ms by bot id=8271511197
2026-02-11 18:41:45,369 | INFO | aiogram.event | Update id=717650182 is handled. Duration 261 ms by bot id=8271511197
2026-02-11 18:41:47,137 | ERROR | bot.middlewares.db | DB session rolled back due to error
Traceback (most recent call last):
  File "C:\Users\Sanjar\vscode_projects\namoz-bot\bot\middlewares\db.py", line 26, in __call__
    result = await handler(event, data)
             ^^^^^^^^^^^^^^^^^^^^^^^^^^
  File "C:\Users\Sanjar\vscode_projects\namoz-bot\bot\middlewares\i18n.py", line 35, in __call__
    return await handler(event, data)
           ^^^^^^^^^^^^^^^^^^^^^^^^^^
  File "C:\Users\Sanjar\vscode_projects\.venv\Lib\site-packages\aiogram\dispatcher\event\handler.py", line 71, in call
    return await wrapped()
           ^^^^^^^^^^^^^^^
  File "C:\Users\Sanjar\vscode_projects\.venv\Lib\site-packages\aiogram\dispatcher\dispatcher.py", line 283, in _listen_update
    return await self.propagate_event(update_type=update_type, event=event, **kwargs)
           ^^^^^^^^^^^^^^^^^^^^^^^^^^^^^^^^^^^^^^^^^^^^^^^^^^^^^^^^^^^^^^^^^^^^^^^^^^
  File "C:\Users\Sanjar\vscode_projects\.venv\Lib\site-packages\aiogram\dispatcher\router.py", line 161, in propagate_event
    return await observer.wrap_outer_middleware(_wrapped, event=event, data=kwargs)
           ^^^^^^^^^^^^^^^^^^^^^^^^^^^^^^^^^^^^^^^^^^^^^^^^^^^^^^^^^^^^^^^^^^^^^^^^
  File "C:\Users\Sanjar\vscode_projects\.venv\Lib\site-packages\aiogram\dispatcher\router.py", line 153, in _wrapped
    return await self._propagate_event(
           ^^^^^^^^^^^^^^^^^^^^^^^^^^^^
    ...<4 lines>...
    )
    ^
  File "C:\Users\Sanjar\vscode_projects\.venv\Lib\site-packages\aiogram\dispatcher\router.py", line 189, in _propagate_event
    response = await router.propagate_event(update_type=update_type, event=event, **kwargs)
               ^^^^^^^^^^^^^^^^^^^^^^^^^^^^^^^^^^^^^^^^^^^^^^^^^^^^^^^^^^^^^^^^^^^^^^^^^^^^
  File "C:\Users\Sanjar\vscode_projects\.venv\Lib\site-packages\aiogram\dispatcher\router.py", line 161, in propagate_event
    return await observer.wrap_outer_middleware(_wrapped, event=event, data=kwargs)
           ^^^^^^^^^^^^^^^^^^^^^^^^^^^^^^^^^^^^^^^^^^^^^^^^^^^^^^^^^^^^^^^^^^^^^^^^
  File "C:\Users\Sanjar\vscode_projects\.venv\Lib\site-packages\aiogram\dispatcher\router.py", line 153, in _wrapped
    return await self._propagate_event(
           ^^^^^^^^^^^^^^^^^^^^^^^^^^^^
    ...<4 lines>...
    )
    ^
  File "C:\Users\Sanjar\vscode_projects\.venv\Lib\site-packages\aiogram\dispatcher\router.py", line 181, in _propagate_event
    response = await observer.trigger(event, **kwargs)
               ^^^^^^^^^^^^^^^^^^^^^^^^^^^^^^^^^^^^^^^
  File "C:\Users\Sanjar\vscode_projects\.venv\Lib\site-packages\aiogram\dispatcher\event\telegram.py", line 126, in trigger
    return await wrapped_inner(event, kwargs)
           ^^^^^^^^^^^^^^^^^^^^^^^^^^^^^^^^^^
  File "C:\Users\Sanjar\vscode_projects\.venv\Lib\site-packages\aiogram\dispatcher\event\handler.py", line 71, in call
    return await wrapped()
           ^^^^^^^^^^^^^^^
  File "C:\Users\Sanjar\vscode_projects\namoz-bot\bot\handlers\menu.py", line 18, in help_menu
    await callback.message.edit_text(i18n.t("help_text", lang), reply_markup=main_menu_keyboard(i18n, lang))
  File "C:\Users\Sanjar\vscode_projects\.venv\Lib\site-packages\aiogram\methods\base.py", line 82, in emit
    return await bot(self)
           ^^^^^^^^^^^^^^^
  File "C:\Users\Sanjar\vscode_projects\.venv\Lib\site-packages\aiogram\client\bot.py", line 487, in __call__
    return await self.session(self, method, timeout=request_timeout)
           ^^^^^^^^^^^^^^^^^^^^^^^^^^^^^^^^^^^^^^^^^^^^^^^^^^^^^^^^^
  File "C:\Users\Sanjar\vscode_projects\.venv\Lib\site-packages\aiogram\client\session\base.py", line 259, in __call__
    return cast(TelegramType, await middleware(bot, method))
                              ^^^^^^^^^^^^^^^^^^^^^^^^^^^^^
  File "C:\Users\Sanjar\vscode_projects\.venv\Lib\site-packages\aiogram\client\session\aiohttp.py", line 177, in make_request
    response = self.check_response(
        bot=bot,
    ...<2 lines>...
        content=raw_result,
    )
  File "C:\Users\Sanjar\vscode_projects\.venv\Lib\site-packages\aiogram\client\session\base.py", line 121, in check_response
    raise TelegramBadRequest(method=method, message=description)
aiogram.exceptions.TelegramBadRequest: Telegram server says - Bad Request: message is not modified: specified new message content and reply markup are exactly the same as a current content and reply markup of the message
2026-02-11 18:41:47,184 | ERROR | bot.handlers.errors | Unhandled exception: update=Update(update_id=717650183, message=None, edited_message=None, channel_post=None, edited_channel_post=None, business_connection=None, business_message=None, edited_business_message=None, deleted_business_messages=None, message_reaction=None, message_reaction_count=None, inline_query=None, chosen_inline_result=None, callback_query=CallbackQuery(id='8180629272349686557', from_user=User(id=8347152122, is_bot=False, first_name='سنجر', last_name=None, username='raxmv77', language_code='en', is_premium=None, added_to_attachment_menu=None, can_join_groups=None, can_read_all_group_messages=None, supports_inline_queries=None, can_connect_to_business=None, has_main_web_app=None, has_topics_enabled=None, allows_users_to_create_topics=None), chat_instance='-3702739898278178400', message=Message(message_id=21, date=datetime.datetime(2026, 2, 11, 13, 41, 33, tzinfo=TzInfo(0)), chat=Chat(id=8347152122, type='private', title=None, username='raxmv77', first_name='سنجر', last_name=None, is_forum=None, is_direct_messages=None, accent_color_id=None, active_usernames=None, available_reactions=None, background_custom_emoji_id=None, bio=None, birthdate=None, business_intro=None, business_location=None, business_opening_hours=None, can_set_sticker_set=None, custom_emoji_sticker_set_name=None, description=None, emoji_status_custom_emoji_id=None, emoji_status_expiration_date=None, has_aggressive_anti_spam_enabled=None, has_hidden_members=None, has_private_forwards=None, has_protected_content=None, has_restricted_voice_and_video_messages=None, has_visible_history=None, invite_link=None, join_by_request=None, join_to_send_messages=None, linked_chat_id=None, location=None, message_auto_delete_time=None, permissions=None, personal_chat=None, photo=None, pinned_message=None, profile_accent_color_id=None, profile_background_custom_emoji_id=None, slow_mode_delay=None, sticker_set_name=None, unrestrict_boost_count=None), message_thread_id=None, direct_messages_topic=None, from_user=User(id=8271511197, is_bot=True, first_name='Namoz Time & Islamic Assistant Bot', last_name=None, username='NamozPlusBot', language_code=None, is_premium=None, added_to_attachment_menu=None, can_join_groups=None, can_read_all_group_messages=None, supports_inline_queries=None, can_connect_to_business=None, has_main_web_app=None, has_topics_enabled=None, allows_users_to_create_topics=None), sender_chat=None, sender_boost_count=None, sender_business_bot=None, business_connection_id=None, forward_origin=None, is_topic_message=None, is_automatic_forward=None, reply_to_message=None, external_reply=None, quote=None, reply_to_story=None, reply_to_checklist_task_id=None, via_bot=None, edit_date=1770817305, has_protected_content=None, is_from_offline=None, is_paid_post=None, media_group_id=None, author_signature=None, paid_star_count=None, text="Quyidagi menyu orqali namoz vaqtlari, eslatmalar, qibla, hijriy sana, duolar va tasbeh bo'limlariga kiring.", entities=None, link_preview_options=None, suggested_post_info=None, effect_id=None, animation=None, audio=None, document=None, paid_media=None, photo=None, sticker=None, story=None, video=None, video_note=None, voice=None, caption=None, caption_entities=None, show_caption_above_media=None, has_media_spoiler=None, checklist=None, contact=None, dice=None, game=None, poll=None, venue=None, location=None, new_chat_members=None, left_chat_member=None, chat_owner_left=None, chat_owner_changed=None, new_chat_title=None, new_chat_photo=None, delete_chat_photo=None, group_chat_created=None, supergroup_chat_created=None, channel_chat_created=None, message_auto_delete_timer_changed=None, migrate_to_chat_id=None, migrate_from_chat_id=None, pinned_message=None, invoice=None, successful_payment=None, refunded_payment=None, users_shared=None, chat_shared=None, gift=None, unique_gift=None, gift_upgrade_sent=None, connected_website=None, write_access_allowed=None, passport_data=None, proximity_alert_triggered=None, boost_added=None, chat_background_set=None, checklist_tasks_done=None, checklist_tasks_added=None, direct_message_price_changed=None, forum_topic_created=None, forum_topic_edited=None, forum_topic_closed=None, forum_topic_reopened=None, general_forum_topic_hidden=None, general_forum_topic_unhidden=None, giveaway_created=None, giveaway=None, giveaway_winners=None, giveaway_completed=None, paid_message_price_changed=None, suggested_post_approved=None, suggested_post_approval_failed=None, suggested_post_declined=None, suggested_post_paid=None, suggested_post_refunded=None, video_chat_scheduled=None, video_chat_started=None, video_chat_ended=None, video_chat_participants_invited=None, web_app_data=None, reply_markup=InlineKeyboardMarkup(inline_keyboard=[[InlineKeyboardButton(text='🕌 Namoz vaqtlari', icon_custom_emoji_id=None, style=None, url=None, callback_data='menu:prayer_times', web_app=None, login_url=None, switch_inline_query=None, switch_inline_query_current_chat=None, switch_inline_query_chosen_chat=None, copy_text=None, callback_game=None, pay=None), InlineKeyboardButton(text='📍 Shahar/GPS', icon_custom_emoji_id=None, style=None, url=None, callback_data='menu:location', web_app=None, login_url=None, switch_inline_query=None, switch_inline_query_current_chat=None, switch_inline_query_chosen_chat=None, copy_text=None, callback_game=None, pay=None)], [InlineKeyboardButton(text='🔔 Eslatmalar', icon_custom_emoji_id=None, style=None, url=None, callback_data='menu:reminders', web_app=None, login_url=None, switch_inline_query=None, switch_inline_query_current_chat=None, switch_inline_query_chosen_chat=None, copy_text=None, callback_game=None, pay=None), InlineKeyboardButton(text='🧭 Qibla', icon_custom_emoji_id=None, style=None, url=None, callback_data='menu:qibla', web_app=None, login_url=None, switch_inline_query=None, switch_inline_query_current_chat=None, switch_inline_query_chosen_chat=None, copy_text=None, callback_game=None, pay=None)], [InlineKeyboardButton(text='🗓 Hijriy sana', icon_custom_emoji_id=None, style=None, url=None, callback_data='menu:hijri', web_app=None, login_url=None, switch_inline_query=None, switch_inline_query_current_chat=None, switch_inline_query_chosen_chat=None, copy_text=None, callback_game=None, pay=None), InlineKeyboardButton(text='🤲 Duolar', icon_custom_emoji_id=None, style=None, url=None, callback_data='menu:duas', web_app=None, login_url=None, switch_inline_query=None, switch_inline_query_current_chat=None, switch_inline_query_chosen_chat=None, copy_text=None, callback_game=None, pay=None)], [InlineKeyboardButton(text='📿 Tasbeh', icon_custom_emoji_id=None, style=None, url=None, callback_data='menu:tasbeh', web_app=None, login_url=None, switch_inline_query=None, switch_inline_query_current_chat=None, switch_inline_query_chosen_chat=None, copy_text=None, callback_game=None, pay=None), InlineKeyboardButton(text='⚙️ Sozlamalar', icon_custom_emoji_id=None, style=None, url=None, callback_data='menu:settings', web_app=None, login_url=None, switch_inline_query=None, switch_inline_query_current_chat=None, switch_inline_query_chosen_chat=None, copy_text=None, callback_game=None, pay=None)], [InlineKeyboardButton(text='ℹ️ Yordam', icon_custom_emoji_id=None, style=None, url=None, callback_data='menu:help', web_app=None, login_url=None, switch_inline_query=None, switch_inline_query_current_chat=None, switch_inline_query_chosen_chat=None, copy_text=None, callback_game=None, pay=None)]]), forward_date=None, forward_from=None, forward_from_chat=None, forward_from_message_id=None, forward_sender_name=None, forward_signature=None, user_shared=None), inline_message_id=None, data='menu:help', game_short_name=None), shipping_query=None, pre_checkout_query=None, purchased_paid_media=None, poll=None, poll_answer=None, my_chat_member=None, chat_member=None, chat_join_request=None, chat_boost=None, removed_chat_boost=None) exception=TelegramBadRequest('Telegram server says - Bad Request: message is not modified: specified new message content and reply markup are exactly the same as a current content and reply markup of the message')
Traceback (most recent call last):
  File "C:\Users\Sanjar\vscode_projects\.venv\Lib\site-packages\aiogram\dispatcher\middlewares\error.py", line 27, in __call__
    return await handler(event, data)
           ^^^^^^^^^^^^^^^^^^^^^^^^^^
  File "C:\Users\Sanjar\vscode_projects\.venv\Lib\site-packages\aiogram\dispatcher\middlewares\user_context.py", line 58, in __call__
    return await handler(event, data)
           ^^^^^^^^^^^^^^^^^^^^^^^^^^
  File "C:\Users\Sanjar\vscode_projects\.venv\Lib\site-packages\aiogram\fsm\middleware.py", line 43, in __call__
    return await handler(event, data)
           ^^^^^^^^^^^^^^^^^^^^^^^^^^
  File "C:\Users\Sanjar\vscode_projects\.venv\Lib\site-packages\aiogram\dispatcher\event\telegram.py", line 126, in trigger
    return await wrapped_inner(event, kwargs)
           ^^^^^^^^^^^^^^^^^^^^^^^^^^^^^^^^^^
  File "C:\Users\Sanjar\vscode_projects\namoz-bot\bot\middlewares\db.py", line 26, in __call__
    result = await handler(event, data)
             ^^^^^^^^^^^^^^^^^^^^^^^^^^
  File "C:\Users\Sanjar\vscode_projects\namoz-bot\bot\middlewares\i18n.py", line 35, in __call__
    return await handler(event, data)
           ^^^^^^^^^^^^^^^^^^^^^^^^^^
  File "C:\Users\Sanjar\vscode_projects\.venv\Lib\site-packages\aiogram\dispatcher\event\handler.py", line 71, in call
    return await wrapped()
           ^^^^^^^^^^^^^^^
  File "C:\Users\Sanjar\vscode_projects\.venv\Lib\site-packages\aiogram\dispatcher\dispatcher.py", line 283, in _listen_update
    return await self.propagate_event(update_type=update_type, event=event, **kwargs)
           ^^^^^^^^^^^^^^^^^^^^^^^^^^^^^^^^^^^^^^^^^^^^^^^^^^^^^^^^^^^^^^^^^^^^^^^^^^
  File "C:\Users\Sanjar\vscode_projects\.venv\Lib\site-packages\aiogram\dispatcher\router.py", line 161, in propagate_event
    return await observer.wrap_outer_middleware(_wrapped, event=event, data=kwargs)
           ^^^^^^^^^^^^^^^^^^^^^^^^^^^^^^^^^^^^^^^^^^^^^^^^^^^^^^^^^^^^^^^^^^^^^^^^
  File "C:\Users\Sanjar\vscode_projects\.venv\Lib\site-packages\aiogram\dispatcher\router.py", line 153, in _wrapped
    return await self._propagate_event(
           ^^^^^^^^^^^^^^^^^^^^^^^^^^^^
    ...<4 lines>...
    )
    ^
  File "C:\Users\Sanjar\vscode_projects\.venv\Lib\site-packages\aiogram\dispatcher\router.py", line 189, in _propagate_event
    response = await router.propagate_event(update_type=update_type, event=event, **kwargs)
               ^^^^^^^^^^^^^^^^^^^^^^^^^^^^^^^^^^^^^^^^^^^^^^^^^^^^^^^^^^^^^^^^^^^^^^^^^^^^
  File "C:\Users\Sanjar\vscode_projects\.venv\Lib\site-packages\aiogram\dispatcher\router.py", line 161, in propagate_event
    return await observer.wrap_outer_middleware(_wrapped, event=event, data=kwargs)
           ^^^^^^^^^^^^^^^^^^^^^^^^^^^^^^^^^^^^^^^^^^^^^^^^^^^^^^^^^^^^^^^^^^^^^^^^
  File "C:\Users\Sanjar\vscode_projects\.venv\Lib\site-packages\aiogram\dispatcher\router.py", line 153, in _wrapped
    return await self._propagate_event(
           ^^^^^^^^^^^^^^^^^^^^^^^^^^^^
    ...<4 lines>...
    )
    ^
  File "C:\Users\Sanjar\vscode_projects\.venv\Lib\site-packages\aiogram\dispatcher\router.py", line 181, in _propagate_event
    response = await observer.trigger(event, **kwargs)
               ^^^^^^^^^^^^^^^^^^^^^^^^^^^^^^^^^^^^^^^
  File "C:\Users\Sanjar\vscode_projects\.venv\Lib\site-packages\aiogram\dispatcher\event\telegram.py", line 126, in trigger
    return await wrapped_inner(event, kwargs)
           ^^^^^^^^^^^^^^^^^^^^^^^^^^^^^^^^^^
  File "C:\Users\Sanjar\vscode_projects\.venv\Lib\site-packages\aiogram\dispatcher\event\handler.py", line 71, in call
    return await wrapped()
           ^^^^^^^^^^^^^^^
  File "C:\Users\Sanjar\vscode_projects\namoz-bot\bot\handlers\menu.py", line 18, in help_menu
    await callback.message.edit_text(i18n.t("help_text", lang), reply_markup=main_menu_keyboard(i18n, lang))
  File "C:\Users\Sanjar\vscode_projects\.venv\Lib\site-packages\aiogram\methods\base.py", line 82, in emit
    return await bot(self)
           ^^^^^^^^^^^^^^^
  File "C:\Users\Sanjar\vscode_projects\.venv\Lib\site-packages\aiogram\client\bot.py", line 487, in __call__
    return await self.session(self, method, timeout=request_timeout)
           ^^^^^^^^^^^^^^^^^^^^^^^^^^^^^^^^^^^^^^^^^^^^^^^^^^^^^^^^^
  File "C:\Users\Sanjar\vscode_projects\.venv\Lib\site-packages\aiogram\client\session\base.py", line 259, in __call__
    return cast(TelegramType, await middleware(bot, method))
                              ^^^^^^^^^^^^^^^^^^^^^^^^^^^^^
  File "C:\Users\Sanjar\vscode_projects\.venv\Lib\site-packages\aiogram\client\session\aiohttp.py", line 177, in make_request
    response = self.check_response(
        bot=bot,
    ...<2 lines>...
        content=raw_result,
    )
  File "C:\Users\Sanjar\vscode_projects\.venv\Lib\site-packages\aiogram\client\session\base.py", line 121, in check_response
    raise TelegramBadRequest(method=method, message=description)
aiogram.exceptions.TelegramBadRequest: Telegram server says - Bad Request: message is not modified: specified new message content and reply markup are exactly the same as a current content and reply markup of the message
2026-02-11 18:41:47,225 | INFO | aiogram.event | Update id=717650183 is handled. Duration 227 ms by bot id=8271511197
2026-02-11 18:41:49,733 | INFO | aiogram.event | Update id=717650184 is handled. Duration 272 ms by bot id=8271511197
2026-02-11 18:41:51,613 | INFO | aiogram.event | Update id=717650185 is handled. Duration 265 ms by bot id=8271511197
2026-02-11 18:41:53,942 | INFO | aiogram.event | Update id=717650186 is handled. Duration 428 ms by bot id=8271511197
2026-02-11 18:41:55,631 | INFO | aiogram.event | Update id=717650187 is handled. Duration 259 ms by bot id=8271511197
2026-02-11 18:41:59,941 | INFO | aiogram.event | Update id=717650188 is handled. Duration 329 ms by bot id=8271511197
2026-02-11 18:42:03,792 | INFO | aiogram.event | Update id=717650189 is handled. Duration 283 ms by bot id=8271511197
2026-02-11 18:42:05,443 | INFO | aiogram.event | Update id=717650190 is handled. Duration 296 ms by bot id=8271511197
2026-02-11 18:42:06,828 | INFO | aiogram.event | Update id=717650191 is handled. Duration 263 ms by bot id=8271511197
2026-02-11 18:42:08,291 | INFO | aiogram.event | Update id=717650192 is handled. Duration 268 ms by bot id=8271511197
2026-02-11 18:42:09,418 | INFO | aiogram.event | Update id=717650193 is handled. Duration 261 ms by bot id=8271511197
2026-02-11 18:42:10,461 | INFO | aiogram.event | Update id=717650194 is handled. Duration 285 ms by bot id=8271511197
2026-02-11 18:42:11,983 | INFO | aiogram.event | Update id=717650195 is handled. Duration 271 ms by bot id=8271511197
2026-02-11 18:42:13,072 | INFO | aiogram.event | Update id=717650196 is handled. Duration 280 ms by bot id=8271511197
2026-02-11 18:42:14,775 | INFO | aiogram.event | Update id=717650197 is handled. Duration 257 ms by bot id=8271511197
2026-02-11 18:42:15,811 | INFO | aiogram.event | Update id=717650198 is handled. Duration 257 ms by bot id=8271511197
2026-02-11 18:42:16,716 | INFO | aiogram.event | Update id=717650199 is handled. Duration 279 ms by bot id=8271511197
2026-02-11 18:42:17,942 | INFO | aiogram.event | Update id=717650200 is handled. Duration 681 ms by bot id=8271511197
2026-02-11 18:42:18,633 | INFO | aiogram.event | Update id=717650201 is handled. Duration 533 ms by bot id=8271511197
2026-02-11 18:42:19,883 | INFO | aiogram.event | Update id=717650202 is handled. Duration 458 ms by bot id=8271511197
2026-02-11 18:42:20,974 | INFO | aiogram.event | Update id=717650203 is handled. Duration 278 ms by bot id=8271511197
2026-02-11 18:42:23,428 | ERROR | bot.middlewares.db | DB session rolled back due to error
Traceback (most recent call last):
  File "C:\Users\Sanjar\vscode_projects\namoz-bot\bot\middlewares\db.py", line 26, in __call__
    result = await handler(event, data)
             ^^^^^^^^^^^^^^^^^^^^^^^^^^
  File "C:\Users\Sanjar\vscode_projects\namoz-bot\bot\middlewares\i18n.py", line 35, in __call__
    return None
           ^^^^
  File "C:\Users\Sanjar\vscode_projects\.venv\Lib\site-packages\aiogram\dispatcher\event\handler.py", line 71, in call
    return await wrapped()
           ^^^^^^^^^^^^^^^
  File "C:\Users\Sanjar\vscode_projects\.venv\Lib\site-packages\aiogram\dispatcher\dispatcher.py", line 283, in _listen_update
    return await self.propagate_event(update_type=update_type, event=event, **kwargs)
           ^^^^^^^^^^^^^^^^^^^^^^^^^^^^^^^^^^^^^^^^^^^^^^^^^^^^^^^^^^^^^^^^^^^^^^^^^^
  File "C:\Users\Sanjar\vscode_projects\.venv\Lib\site-packages\aiogram\dispatcher\router.py", line 161, in propagate_event
    return await observer.wrap_outer_middleware(_wrapped, event=event, data=kwargs)
           ^^^^^^^^^^^^^^^^^^^^^^^^^^^^^^^^^^^^^^^^^^^^^^^^^^^^^^^^^^^^^^^^^^^^^^^^
  File "C:\Users\Sanjar\vscode_projects\.venv\Lib\site-packages\aiogram\dispatcher\router.py", line 153, in _wrapped
    return await self._propagate_event(
           ^^^^^^^^^^^^^^^^^^^^^^^^^^^^
    ...<4 lines>...
    )
    ^
  File "C:\Users\Sanjar\vscode_projects\.venv\Lib\site-packages\aiogram\dispatcher\router.py", line 189, in _propagate_event
    response = await router.propagate_event(update_type=update_type, event=event, **kwargs)
               ^^^^^^^^^^^^^^^^^^^^^^^^^^^^^^^^^^^^^^^^^^^^^^^^^^^^^^^^^^^^^^^^^^^^^^^^^^^^
  File "C:\Users\Sanjar\vscode_projects\.venv\Lib\site-packages\aiogram\dispatcher\router.py", line 161, in propagate_event
    return await observer.wrap_outer_middleware(_wrapped, event=event, data=kwargs)
           ^^^^^^^^^^^^^^^^^^^^^^^^^^^^^^^^^^^^^^^^^^^^^^^^^^^^^^^^^^^^^^^^^^^^^^^^
  File "C:\Users\Sanjar\vscode_projects\.venv\Lib\site-packages\aiogram\dispatcher\router.py", line 153, in _wrapped
    return await self._propagate_event(
           ^^^^^^^^^^^^^^^^^^^^^^^^^^^^
    ...<4 lines>...
    )
    ^
  File "C:\Users\Sanjar\vscode_projects\.venv\Lib\site-packages\aiogram\dispatcher\router.py", line 181, in _propagate_event
    response = await observer.trigger(event, **kwargs)
               ^^^^^^^^^^^^^^^^^^^^^^^^^^^^^^^^^^^^^^^
  File "C:\Users\Sanjar\vscode_projects\.venv\Lib\site-packages\aiogram\dispatcher\event\telegram.py", line 126, in trigger
    return await wrapped_inner(event, kwargs)
           ^^^^^^^^^^^^^^^^^^^^^^^^^^^^^^^^^^
  File "C:\Users\Sanjar\vscode_projects\.venv\Lib\site-packages\aiogram\dispatcher\event\handler.py", line 71, in call
    return await wrapped()
           ^^^^^^^^^^^^^^^
  File "C:\Users\Sanjar\vscode_projects\namoz-bot\bot\handlers\location.py", line 38, in location_received
    await update_user_coords(db, db_user.id, lat, lon, timezone)
                                 ^^^^^^^^^^
AttributeError: 'NoneType' object has no attribute 'id'
2026-02-11 18:42:23,464 | ERROR | bot.handlers.errors | Unhandled exception: update=Update(update_id=717650204, message=Message(message_id=27, date=datetime.datetime(2026, 2, 11, 13, 42, 23, tzinfo=TzInfo(0)), chat=Chat(id=8347152122, type='private', title=None, username='raxmv77', first_name='سنجر', last_name=None, is_forum=None, is_direct_messages=None, accent_color_id=None, active_usernames=None, available_reactions=None, background_custom_emoji_id=None, bio=None, birthdate=None, business_intro=None, business_location=None, business_opening_hours=None, can_set_sticker_set=None, custom_emoji_sticker_set_name=None, description=None, emoji_status_custom_emoji_id=None, emoji_status_expiration_date=None, has_aggressive_anti_spam_enabled=None, has_hidden_members=None, has_private_forwards=None, has_protected_content=None, has_restricted_voice_and_video_messages=None, has_visible_history=None, invite_link=None, join_by_request=None, join_to_send_messages=None, linked_chat_id=None, location=None, message_auto_delete_time=None, permissions=None, personal_chat=None, photo=None, pinned_message=None, profile_accent_color_id=None, profile_background_custom_emoji_id=None, slow_mode_delay=None, sticker_set_name=None, unrestrict_boost_count=None), message_thread_id=None, direct_messages_topic=None, from_user=User(id=8347152122, is_bot=False, first_name='سنجر', last_name=None, username='raxmv77', language_code='en', is_premium=None, added_to_attachment_menu=None, can_join_groups=None, can_read_all_group_messages=None, supports_inline_queries=None, can_connect_to_business=None, has_main_web_app=None, has_topics_enabled=None, allows_users_to_create_topics=None), sender_chat=None, sender_boost_count=None, sender_business_bot=None, business_connection_id=None, forward_origin=None, is_topic_message=None, is_automatic_forward=None, reply_to_message=None, external_reply=None, quote=None, reply_to_story=None, reply_to_checklist_task_id=None, via_bot=None, edit_date=None, has_protected_content=None, is_from_offline=None, is_paid_post=None, media_group_id=None, author_signature=None, paid_star_count=None, text=None, entities=None, link_preview_options=None, suggested_post_info=None, effect_id=None, animation=None, audio=None, document=None, paid_media=None, photo=None, sticker=None, story=None, video=None, video_note=None, voice=None, caption=None, caption_entities=None, show_caption_above_media=None, has_media_spoiler=None, checklist=None, contact=None, dice=None, game=None, poll=None, venue=None, location=Location(latitude=41.467608, longitude=69.467347, horizontal_accuracy=None, live_period=None, heading=None, proximity_alert_radius=None), new_chat_members=None, left_chat_member=None, chat_owner_left=None, chat_owner_changed=None, new_chat_title=None, new_chat_photo=None, delete_chat_photo=None, group_chat_created=None, supergroup_chat_created=None, channel_chat_created=None, message_auto_delete_timer_changed=None, migrate_to_chat_id=None, migrate_from_chat_id=None, pinned_message=None, invoice=None, successful_payment=None, refunded_payment=None, users_shared=None, chat_shared=None, gift=None, unique_gift=None, gift_upgrade_sent=None, connected_website=None, write_access_allowed=None, passport_data=None, proximity_alert_triggered=None, boost_added=None, chat_background_set=None, checklist_tasks_done=None, checklist_tasks_added=None, direct_message_price_changed=None, forum_topic_created=None, forum_topic_edited=None, forum_topic_closed=None, forum_topic_reopened=None, general_forum_topic_hidden=None, general_forum_topic_unhidden=None, giveaway_created=None, giveaway=None, giveaway_winners=None, giveaway_completed=None, paid_message_price_changed=None, suggested_post_approved=None, suggested_post_approval_failed=None, suggested_post_declined=None, suggested_post_paid=None, suggested_post_refunded=None, video_chat_scheduled=None, video_chat_started=None, video_chat_ended=None, video_chat_participants_invited=None, web_app_data=None, reply_markup=None, forward_date=None, forward_from=None, forward_from_chat=None, forward_from_message_id=None, forward_sender_name=None, forward_signature=None, user_shared=None), edited_message=None, channel_post=None, edited_channel_post=None, business_connection=None, business_message=None, edited_business_message=None, deleted_business_messages=None, message_reaction=None, message_reaction_count=None, inline_query=None, chosen_inline_result=None, callback_query=None, shipping_query=None, pre_checkout_query=None, purchased_paid_media=None, poll=None, poll_answer=None, my_chat_member=None, chat_member=None, chat_join_request=None, chat_boost=None, removed_chat_boost=None) exception=AttributeError("'NoneType' object has no attribute 'id'")
Traceback (most recent call last):
  File "C:\Users\Sanjar\vscode_projects\.venv\Lib\site-packages\aiogram\dispatcher\middlewares\error.py", line 27, in __call__
    return await handler(event, data)
           ^^^^^^^^^^^^^^^^^^^^^^^^^^
  File "C:\Users\Sanjar\vscode_projects\.venv\Lib\site-packages\aiogram\dispatcher\middlewares\user_context.py", line 58, in __call__
    return await handler(event, data)
           ^^^^^^^^^^^^^^^^^^^^^^^^^^
  File "C:\Users\Sanjar\vscode_projects\.venv\Lib\site-packages\aiogram\fsm\middleware.py", line 43, in __call__
    return await handler(event, data)
           ^^^^^^^^^^^^^^^^^^^^^^^^^^
  File "C:\Users\Sanjar\vscode_projects\.venv\Lib\site-packages\aiogram\dispatcher\event\telegram.py", line 126, in trigger
    return await wrapped_inner(event, kwargs)
           ^^^^^^^^^^^^^^^^^^^^^^^^^^^^^^^^^^
  File "C:\Users\Sanjar\vscode_projects\namoz-bot\bot\middlewares\db.py", line 26, in __call__
    result = await handler(event, data)
             ^^^^^^^^^^^^^^^^^^^^^^^^^^
  File "C:\Users\Sanjar\vscode_projects\namoz-bot\bot\middlewares\i18n.py", line 35, in __call__
    return None
           ^^^^
  File "C:\Users\Sanjar\vscode_projects\.venv\Lib\site-packages\aiogram\dispatcher\event\handler.py", line 71, in call
    return await wrapped()
           ^^^^^^^^^^^^^^^
  File "C:\Users\Sanjar\vscode_projects\.venv\Lib\site-packages\aiogram\dispatcher\dispatcher.py", line 283, in _listen_update
    return await self.propagate_event(update_type=update_type, event=event, **kwargs)
           ^^^^^^^^^^^^^^^^^^^^^^^^^^^^^^^^^^^^^^^^^^^^^^^^^^^^^^^^^^^^^^^^^^^^^^^^^^
  File "C:\Users\Sanjar\vscode_projects\.venv\Lib\site-packages\aiogram\dispatcher\router.py", line 161, in propagate_event
    return await observer.wrap_outer_middleware(_wrapped, event=event, data=kwargs)
           ^^^^^^^^^^^^^^^^^^^^^^^^^^^^^^^^^^^^^^^^^^^^^^^^^^^^^^^^^^^^^^^^^^^^^^^^
  File "C:\Users\Sanjar\vscode_projects\.venv\Lib\site-packages\aiogram\dispatcher\router.py", line 153, in _wrapped
    return await self._propagate_event(
           ^^^^^^^^^^^^^^^^^^^^^^^^^^^^
    ...<4 lines>...
    )
    ^
  File "C:\Users\Sanjar\vscode_projects\.venv\Lib\site-packages\aiogram\dispatcher\router.py", line 189, in _propagate_event
    response = await router.propagate_event(update_type=update_type, event=event, **kwargs)
               ^^^^^^^^^^^^^^^^^^^^^^^^^^^^^^^^^^^^^^^^^^^^^^^^^^^^^^^^^^^^^^^^^^^^^^^^^^^^
  File "C:\Users\Sanjar\vscode_projects\.venv\Lib\site-packages\aiogram\dispatcher\router.py", line 161, in propagate_event
    return await observer.wrap_outer_middleware(_wrapped, event=event, data=kwargs)
           ^^^^^^^^^^^^^^^^^^^^^^^^^^^^^^^^^^^^^^^^^^^^^^^^^^^^^^^^^^^^^^^^^^^^^^^^
  File "C:\Users\Sanjar\vscode_projects\.venv\Lib\site-packages\aiogram\dispatcher\router.py", line 153, in _wrapped
    return await self._propagate_event(
           ^^^^^^^^^^^^^^^^^^^^^^^^^^^^
    ...<4 lines>...
    )
    ^
  File "C:\Users\Sanjar\vscode_projects\.venv\Lib\site-packages\aiogram\dispatcher\router.py", line 181, in _propagate_event
    response = await observer.trigger(event, **kwargs)
               ^^^^^^^^^^^^^^^^^^^^^^^^^^^^^^^^^^^^^^^
  File "C:\Users\Sanjar\vscode_projects\.venv\Lib\site-packages\aiogram\dispatcher\event\telegram.py", line 126, in trigger
    return await wrapped_inner(event, kwargs)
           ^^^^^^^^^^^^^^^^^^^^^^^^^^^^^^^^^^
  File "C:\Users\Sanjar\vscode_projects\.venv\Lib\site-packages\aiogram\dispatcher\event\handler.py", line 71, in call
    return await wrapped()
           ^^^^^^^^^^^^^^^
  File "C:\Users\Sanjar\vscode_projects\namoz-bot\bot\handlers\location.py", line 38, in location_received
    await update_user_coords(db, db_user.id, lat, lon, timezone)
                                 ^^^^^^^^^^
AttributeError: 'NoneType' object has no attribute 'id'
2026-02-11 18:42:23,498 | INFO | aiogram.event | Update id=717650204 is handled. Duration 72 ms by bot id=8271511197
2026-02-11 18:42:25,936 | INFO | aiogram.event | Update id=717650205 is handled. Duration 311 ms by bot id=8271511197
2026-02-11 18:42:37,169 | INFO | aiogram.dispatcher | Polling stopped
2026-02-11 18:42:37,172 | ERROR | aiogram.dispatcher | Failed to fetch updates - TelegramNetworkError: HTTP Client says - ServerDisconnectedError: Server disconnected
2026-02-11 18:42:37,172 | WARNING | aiogram.dispatcher | Sleep for 1.000000 seconds and try again... (tryings = 0, bot id = 8271511197)
2026-02-11 18:42:37,432 | INFO | aiogram.dispatcher | Polling stopped for bot @NamozPlusBot id=8271511197 - 'Namoz Time & Islamic Assistant Bot'
2026-02-11 18:42:42,300 | INFO | apscheduler.scheduler | Adding job tentatively -- it will be properly scheduled when the scheduler starts
2026-02-11 18:42:42,302 | INFO | apscheduler.scheduler | Added job "SchedulerService.refresh_all" to job store "default"
2026-02-11 18:42:42,302 | INFO | apscheduler.scheduler | Scheduler started
2026-02-11 18:42:42,389 | INFO | aiogram.dispatcher | Start polling
2026-02-11 18:42:42,736 | INFO | aiogram.dispatcher | Run polling for bot @NamozPlusBot id=8271511197 - 'Namoz Time & Islamic Assistant Bot'
2026-02-11 18:42:46,738 | INFO | aiogram.event | Update id=717650206 is handled. Duration 468 ms by bot id=8271511197
2026-02-11 18:42:48,394 | INFO | aiogram.event | Update id=717650207 is handled. Duration 443 ms by bot id=8271511197
2026-02-11 18:42:49,885 | INFO | aiogram.event | Update id=717650208 is handled. Duration 259 ms by bot id=8271511197
2026-02-11 18:42:51,079 | INFO | aiogram.event | Update id=717650209 is handled. Duration 318 ms by bot id=8271511197
2026-02-11 18:42:54,586 | INFO | aiogram.event | Update id=717650210 is handled. Duration 1119 ms by bot id=8271511197
2026-02-11 18:42:59,100 | INFO | aiogram.event | Update id=717650211 is handled. Duration 142 ms by bot id=8271511197
2026-02-11 18:43:00,568 | INFO | aiogram.event | Update id=717650212 is handled. Duration 455 ms by bot id=8271511197
2026-02-11 18:43:02,071 | INFO | aiogram.event | Update id=717650213 is handled. Duration 346 ms by bot id=8271511197
2026-02-11 18:43:03,314 | INFO | aiogram.event | Update id=717650214 is handled. Duration 310 ms by bot id=8271511197
2026-02-11 18:43:12,633 | INFO | aiogram.event | Update id=717650215 is handled. Duration 146 ms by bot id=8271511197
2026-02-11 18:43:14,086 | INFO | aiogram.event | Update id=717650216 is handled. Duration 385 ms by bot id=8271511197
2026-02-11 18:43:15,873 | INFO | aiogram.event | Update id=717650217 is handled. Duration 270 ms by bot id=8271511197
2026-02-11 18:43:17,704 | INFO | aiogram.event | Update id=717650218 is handled. Duration 140 ms by bot id=8271511197
2026-02-11 18:43:21,092 | INFO | aiogram.event | Update id=717650219 is handled. Duration 341 ms by bot id=8271511197
2026-02-11 18:43:25,439 | INFO | aiogram.event | Update id=717650220 is handled. Duration 263 ms by bot id=8271511197
2026-02-11 18:43:32,591 | ERROR | bot.middlewares.db | DB session rolled back due to error
Traceback (most recent call last):
  File "C:\Users\Sanjar\vscode_projects\namoz-bot\bot\middlewares\db.py", line 26, in __call__
    result = await handler(event, data)
             ^^^^^^^^^^^^^^^^^^^^^^^^^^
  File "C:\Users\Sanjar\vscode_projects\namoz-bot\bot\middlewares\i18n.py", line 57, in __call__
    return await handler(event, data)
           ^^^^^^^^^^^^^^^^^^^^^^^^^^
  File "C:\Users\Sanjar\vscode_projects\.venv\Lib\site-packages\aiogram\dispatcher\event\handler.py", line 71, in call
    return await wrapped()
           ^^^^^^^^^^^^^^^
  File "C:\Users\Sanjar\vscode_projects\.venv\Lib\site-packages\aiogram\dispatcher\dispatcher.py", line 283, in _listen_update
    return await self.propagate_event(update_type=update_type, event=event, **kwargs)
           ^^^^^^^^^^^^^^^^^^^^^^^^^^^^^^^^^^^^^^^^^^^^^^^^^^^^^^^^^^^^^^^^^^^^^^^^^^
  File "C:\Users\Sanjar\vscode_projects\.venv\Lib\site-packages\aiogram\dispatcher\router.py", line 161, in propagate_event
    return await observer.wrap_outer_middleware(_wrapped, event=event, data=kwargs)
           ^^^^^^^^^^^^^^^^^^^^^^^^^^^^^^^^^^^^^^^^^^^^^^^^^^^^^^^^^^^^^^^^^^^^^^^^
  File "C:\Users\Sanjar\vscode_projects\.venv\Lib\site-packages\aiogram\dispatcher\router.py", line 153, in _wrapped
    return await self._propagate_event(
           ^^^^^^^^^^^^^^^^^^^^^^^^^^^^
    ...<4 lines>...
    )
    ^
  File "C:\Users\Sanjar\vscode_projects\.venv\Lib\site-packages\aiogram\dispatcher\router.py", line 189, in _propagate_event
    response = await router.propagate_event(update_type=update_type, event=event, **kwargs)
               ^^^^^^^^^^^^^^^^^^^^^^^^^^^^^^^^^^^^^^^^^^^^^^^^^^^^^^^^^^^^^^^^^^^^^^^^^^^^
  File "C:\Users\Sanjar\vscode_projects\.venv\Lib\site-packages\aiogram\dispatcher\router.py", line 161, in propagate_event
    return await observer.wrap_outer_middleware(_wrapped, event=event, data=kwargs)
           ^^^^^^^^^^^^^^^^^^^^^^^^^^^^^^^^^^^^^^^^^^^^^^^^^^^^^^^^^^^^^^^^^^^^^^^^
  File "C:\Users\Sanjar\vscode_projects\.venv\Lib\site-packages\aiogram\dispatcher\router.py", line 153, in _wrapped
    return await self._propagate_event(
           ^^^^^^^^^^^^^^^^^^^^^^^^^^^^
    ...<4 lines>...
    )
    ^
  File "C:\Users\Sanjar\vscode_projects\.venv\Lib\site-packages\aiogram\dispatcher\router.py", line 181, in _propagate_event
    response = await observer.trigger(event, **kwargs)
               ^^^^^^^^^^^^^^^^^^^^^^^^^^^^^^^^^^^^^^^
  File "C:\Users\Sanjar\vscode_projects\.venv\Lib\site-packages\aiogram\dispatcher\event\telegram.py", line 126, in trigger
    return await wrapped_inner(event, kwargs)
           ^^^^^^^^^^^^^^^^^^^^^^^^^^^^^^^^^^
  File "C:\Users\Sanjar\vscode_projects\.venv\Lib\site-packages\aiogram\dispatcher\event\handler.py", line 71, in call
    return await wrapped()
           ^^^^^^^^^^^^^^^
  File "C:\Users\Sanjar\vscode_projects\namoz-bot\bot\handlers\reminders.py", line 55, in reminders_all_on
    await callback.message.edit_reply_markup(reply_markup=reminders_keyboard(i18n, lang, reminder))
  File "C:\Users\Sanjar\vscode_projects\.venv\Lib\site-packages\aiogram\methods\base.py", line 82, in emit
    return await bot(self)
           ^^^^^^^^^^^^^^^
  File "C:\Users\Sanjar\vscode_projects\.venv\Lib\site-packages\aiogram\client\bot.py", line 487, in __call__
    return await self.session(self, method, timeout=request_timeout)
           ^^^^^^^^^^^^^^^^^^^^^^^^^^^^^^^^^^^^^^^^^^^^^^^^^^^^^^^^^
  File "C:\Users\Sanjar\vscode_projects\.venv\Lib\site-packages\aiogram\client\session\base.py", line 259, in __call__
    return cast(TelegramType, await middleware(bot, method))
                              ^^^^^^^^^^^^^^^^^^^^^^^^^^^^^
  File "C:\Users\Sanjar\vscode_projects\.venv\Lib\site-packages\aiogram\client\session\aiohttp.py", line 177, in make_request
    response = self.check_response(
        bot=bot,
    ...<2 lines>...
        content=raw_result,
    )
  File "C:\Users\Sanjar\vscode_projects\.venv\Lib\site-packages\aiogram\client\session\base.py", line 121, in check_response
    raise TelegramBadRequest(method=method, message=description)
aiogram.exceptions.TelegramBadRequest: Telegram server says - Bad Request: message is not modified: specified new message content and reply markup are exactly the same as a current content and reply markup of the message
2026-02-11 18:43:32,621 | ERROR | bot.handlers.errors | Unhandled exception: update=Update(update_id=717650221, message=None, edited_message=None, channel_post=None, edited_channel_post=None, business_connection=None, business_message=None, edited_business_message=None, deleted_business_messages=None, message_reaction=None, message_reaction_count=None, inline_query=None, chosen_inline_result=None, callback_query=CallbackQuery(id='8180629269562842014', from_user=User(id=8347152122, is_bot=False, first_name='سنجر', last_name=None, username='raxmv77', language_code='en', is_premium=None, added_to_attachment_menu=None, can_join_groups=None, can_read_all_group_messages=None, supports_inline_queries=None, can_connect_to_business=None, has_main_web_app=None, has_topics_enabled=None, allows_users_to_create_topics=None), chat_instance='-3702739898278178400', message=Message(message_id=40, date=datetime.datetime(2026, 2, 11, 13, 43, 14, tzinfo=TzInfo(0)), chat=Chat(id=8347152122, type='private', title=None, username='raxmv77', first_name='سنجر', last_name=None, is_forum=None, is_direct_messages=None, accent_color_id=None, active_usernames=None, available_reactions=None, background_custom_emoji_id=None, bio=None, birthdate=None, business_intro=None, business_location=None, business_opening_hours=None, can_set_sticker_set=None, custom_emoji_sticker_set_name=None, description=None, emoji_status_custom_emoji_id=None, emoji_status_expiration_date=None, has_aggressive_anti_spam_enabled=None, has_hidden_members=None, has_private_forwards=None, has_protected_content=None, has_restricted_voice_and_video_messages=None, has_visible_history=None, invite_link=None, join_by_request=None, join_to_send_messages=None, linked_chat_id=None, location=None, message_auto_delete_time=None, permissions=None, personal_chat=None, photo=None, pinned_message=None, profile_accent_color_id=None, profile_background_custom_emoji_id=None, slow_mode_delay=None, sticker_set_name=None, unrestrict_boost_count=None), message_thread_id=None, direct_messages_topic=None, from_user=User(id=8271511197, is_bot=True, first_name='Namoz Time & Islamic Assistant Bot', last_name=None, username='NamozPlusBot', language_code=None, is_premium=None, added_to_attachment_menu=None, can_join_groups=None, can_read_all_group_messages=None, supports_inline_queries=None, can_connect_to_business=None, has_main_web_app=None, has_topics_enabled=None, allows_users_to_create_topics=None), sender_chat=None, sender_boost_count=None, sender_business_bot=None, business_connection_id=None, forward_origin=None, is_topic_message=None, is_automatic_forward=None, reply_to_message=None, external_reply=None, quote=None, reply_to_story=None, reply_to_checklist_task_id=None, via_bot=None, edit_date=1770817405, has_protected_content=None, is_from_offline=None, is_paid_post=None, media_group_id=None, author_signature=None, paid_star_count=None, text='Eslatmalar sozlamalari:', entities=None, link_preview_options=None, suggested_post_info=None, effect_id=None, animation=None, audio=None, document=None, paid_media=None, photo=None, sticker=None, story=None, video=None, video_note=None, voice=None, caption=None, caption_entities=None, show_caption_above_media=None, has_media_spoiler=None, checklist=None, contact=None, dice=None, game=None, poll=None, venue=None, location=None, new_chat_members=None, left_chat_member=None, chat_owner_left=None, chat_owner_changed=None, new_chat_title=None, new_chat_photo=None, delete_chat_photo=None, group_chat_created=None, supergroup_chat_created=None, channel_chat_created=None, message_auto_delete_timer_changed=None, migrate_to_chat_id=None, migrate_from_chat_id=None, pinned_message=None, invoice=None, successful_payment=None, refunded_payment=None, users_shared=None, chat_shared=None, gift=None, unique_gift=None, gift_upgrade_sent=None, connected_website=None, write_access_allowed=None, passport_data=None, proximity_alert_triggered=None, boost_added=None, chat_background_set=None, checklist_tasks_done=None, checklist_tasks_added=None, direct_message_price_changed=None, forum_topic_created=None, forum_topic_edited=None, forum_topic_closed=None, forum_topic_reopened=None, general_forum_topic_hidden=None, general_forum_topic_unhidden=None, giveaway_created=None, giveaway=None, giveaway_winners=None, giveaway_completed=None, paid_message_price_changed=None, suggested_post_approved=None, suggested_post_approval_failed=None, suggested_post_declined=None, suggested_post_paid=None, suggested_post_refunded=None, video_chat_scheduled=None, video_chat_started=None, video_chat_ended=None, video_chat_participants_invited=None, web_app_data=None, reply_markup=InlineKeyboardMarkup(inline_keyboard=[[InlineKeyboardButton(text='✅ Bomdod', icon_custom_emoji_id=None, style=None, url=None, callback_data='rem:toggle:fajr', web_app=None, login_url=None, switch_inline_query=None, switch_inline_query_current_chat=None, switch_inline_query_chosen_chat=None, copy_text=None, callback_game=None, pay=None), InlineKeyboardButton(text='✅ Peshin', icon_custom_emoji_id=None, style=None, url=None, callback_data='rem:toggle:dhuhr', web_app=None, login_url=None, switch_inline_query=None, switch_inline_query_current_chat=None, switch_inline_query_chosen_chat=None, copy_text=None, callback_game=None, pay=None)], [InlineKeyboardButton(text='✅ Asr', icon_custom_emoji_id=None, style=None, url=None, callback_data='rem:toggle:asr', web_app=None, login_url=None, switch_inline_query=None, switch_inline_query_current_chat=None, switch_inline_query_chosen_chat=None, copy_text=None, callback_game=None, pay=None), InlineKeyboardButton(text='✅ Shom', icon_custom_emoji_id=None, style=None, url=None, callback_data='rem:toggle:maghrib', web_app=None, login_url=None, switch_inline_query=None, switch_inline_query_current_chat=None, switch_inline_query_chosen_chat=None, copy_text=None, callback_game=None, pay=None)], [InlineKeyboardButton(text='✅ Xufton', icon_custom_emoji_id=None, style=None, url=None, callback_data='rem:toggle:isha', web_app=None, login_url=None, switch_inline_query=None, switch_inline_query_current_chat=None, switch_inline_query_chosen_chat=None, copy_text=None, callback_game=None, pay=None)], [InlineKeyboardButton(text='Hammasini yoqish', icon_custom_emoji_id=None, style=None, url=None, callback_data='rem:all_on', web_app=None, login_url=None, switch_inline_query=None, switch_inline_query_current_chat=None, switch_inline_query_chosen_chat=None, copy_text=None, callback_game=None, pay=None), InlineKeyboardButton(text="Hammasini o'chirish", icon_custom_emoji_id=None, style=None, url=None, callback_data='rem:all_off', web_app=None, login_url=None, switch_inline_query=None, switch_inline_query_current_chat=None, switch_inline_query_chosen_chat=None, copy_text=None, callback_game=None, pay=None)], [InlineKeyboardButton(text="Offsetni o'zgartirish", icon_custom_emoji_id=None, style=None, url=None, callback_data='rem:offset', web_app=None, login_url=None, switch_inline_query=None, switch_inline_query_current_chat=None, switch_inline_query_chosen_chat=None, copy_text=None, callback_game=None, pay=None)]]), forward_date=None, forward_from=None, forward_from_chat=None, forward_from_message_id=None, forward_sender_name=None, forward_signature=None, user_shared=None), inline_message_id=None, data='rem:all_on', game_short_name=None), shipping_query=None, pre_checkout_query=None, purchased_paid_media=None, poll=None, poll_answer=None, my_chat_member=None, chat_member=None, chat_join_request=None, chat_boost=None, removed_chat_boost=None) exception=TelegramBadRequest('Telegram server says - Bad Request: message is not modified: specified new message content and reply markup are exactly the same as a current content and reply markup of the message')
Traceback (most recent call last):
  File "C:\Users\Sanjar\vscode_projects\.venv\Lib\site-packages\aiogram\dispatcher\middlewares\error.py", line 27, in __call__
    return await handler(event, data)
           ^^^^^^^^^^^^^^^^^^^^^^^^^^
  File "C:\Users\Sanjar\vscode_projects\.venv\Lib\site-packages\aiogram\dispatcher\middlewares\user_context.py", line 58, in __call__
    return await handler(event, data)
           ^^^^^^^^^^^^^^^^^^^^^^^^^^
  File "C:\Users\Sanjar\vscode_projects\.venv\Lib\site-packages\aiogram\fsm\middleware.py", line 43, in __call__
    return await handler(event, data)
           ^^^^^^^^^^^^^^^^^^^^^^^^^^
  File "C:\Users\Sanjar\vscode_projects\.venv\Lib\site-packages\aiogram\dispatcher\event\telegram.py", line 126, in trigger
    return await wrapped_inner(event, kwargs)
           ^^^^^^^^^^^^^^^^^^^^^^^^^^^^^^^^^^
  File "C:\Users\Sanjar\vscode_projects\namoz-bot\bot\middlewares\db.py", line 26, in __call__
    result = await handler(event, data)
             ^^^^^^^^^^^^^^^^^^^^^^^^^^
  File "C:\Users\Sanjar\vscode_projects\namoz-bot\bot\middlewares\i18n.py", line 57, in __call__
    return await handler(event, data)
           ^^^^^^^^^^^^^^^^^^^^^^^^^^
  File "C:\Users\Sanjar\vscode_projects\.venv\Lib\site-packages\aiogram\dispatcher\event\handler.py", line 71, in call
    return await wrapped()
           ^^^^^^^^^^^^^^^
  File "C:\Users\Sanjar\vscode_projects\.venv\Lib\site-packages\aiogram\dispatcher\dispatcher.py", line 283, in _listen_update
    return await self.propagate_event(update_type=update_type, event=event, **kwargs)
           ^^^^^^^^^^^^^^^^^^^^^^^^^^^^^^^^^^^^^^^^^^^^^^^^^^^^^^^^^^^^^^^^^^^^^^^^^^
  File "C:\Users\Sanjar\vscode_projects\.venv\Lib\site-packages\aiogram\dispatcher\router.py", line 161, in propagate_event
    return await observer.wrap_outer_middleware(_wrapped, event=event, data=kwargs)
           ^^^^^^^^^^^^^^^^^^^^^^^^^^^^^^^^^^^^^^^^^^^^^^^^^^^^^^^^^^^^^^^^^^^^^^^^
  File "C:\Users\Sanjar\vscode_projects\.venv\Lib\site-packages\aiogram\dispatcher\router.py", line 153, in _wrapped
    return await self._propagate_event(
           ^^^^^^^^^^^^^^^^^^^^^^^^^^^^
    ...<4 lines>...
    )
    ^
  File "C:\Users\Sanjar\vscode_projects\.venv\Lib\site-packages\aiogram\dispatcher\router.py", line 189, in _propagate_event
    response = await router.propagate_event(update_type=update_type, event=event, **kwargs)
               ^^^^^^^^^^^^^^^^^^^^^^^^^^^^^^^^^^^^^^^^^^^^^^^^^^^^^^^^^^^^^^^^^^^^^^^^^^^^
  File "C:\Users\Sanjar\vscode_projects\.venv\Lib\site-packages\aiogram\dispatcher\router.py", line 161, in propagate_event
    return await observer.wrap_outer_middleware(_wrapped, event=event, data=kwargs)
           ^^^^^^^^^^^^^^^^^^^^^^^^^^^^^^^^^^^^^^^^^^^^^^^^^^^^^^^^^^^^^^^^^^^^^^^^
  File "C:\Users\Sanjar\vscode_projects\.venv\Lib\site-packages\aiogram\dispatcher\router.py", line 153, in _wrapped
    return await self._propagate_event(
           ^^^^^^^^^^^^^^^^^^^^^^^^^^^^
    ...<4 lines>...
    )
    ^
  File "C:\Users\Sanjar\vscode_projects\.venv\Lib\site-packages\aiogram\dispatcher\router.py", line 181, in _propagate_event
    response = await observer.trigger(event, **kwargs)
               ^^^^^^^^^^^^^^^^^^^^^^^^^^^^^^^^^^^^^^^
  File "C:\Users\Sanjar\vscode_projects\.venv\Lib\site-packages\aiogram\dispatcher\event\telegram.py", line 126, in trigger
    return await wrapped_inner(event, kwargs)
           ^^^^^^^^^^^^^^^^^^^^^^^^^^^^^^^^^^
  File "C:\Users\Sanjar\vscode_projects\.venv\Lib\site-packages\aiogram\dispatcher\event\handler.py", line 71, in call
    return await wrapped()
           ^^^^^^^^^^^^^^^
  File "C:\Users\Sanjar\vscode_projects\namoz-bot\bot\handlers\reminders.py", line 55, in reminders_all_on
    await callback.message.edit_reply_markup(reply_markup=reminders_keyboard(i18n, lang, reminder))
  File "C:\Users\Sanjar\vscode_projects\.venv\Lib\site-packages\aiogram\methods\base.py", line 82, in emit
    return await bot(self)
           ^^^^^^^^^^^^^^^
  File "C:\Users\Sanjar\vscode_projects\.venv\Lib\site-packages\aiogram\client\bot.py", line 487, in __call__
    return await self.session(self, method, timeout=request_timeout)
           ^^^^^^^^^^^^^^^^^^^^^^^^^^^^^^^^^^^^^^^^^^^^^^^^^^^^^^^^^
  File "C:\Users\Sanjar\vscode_projects\.venv\Lib\site-packages\aiogram\client\session\base.py", line 259, in __call__
    return cast(TelegramType, await middleware(bot, method))
                              ^^^^^^^^^^^^^^^^^^^^^^^^^^^^^
  File "C:\Users\Sanjar\vscode_projects\.venv\Lib\site-packages\aiogram\client\session\aiohttp.py", line 177, in make_request
    response = self.check_response(
        bot=bot,
    ...<2 lines>...
        content=raw_result,
    )
  File "C:\Users\Sanjar\vscode_projects\.venv\Lib\site-packages\aiogram\client\session\base.py", line 121, in check_response
    raise TelegramBadRequest(method=method, message=description)
aiogram.exceptions.TelegramBadRequest: Telegram server says - Bad Request: message is not modified: specified new message content and reply markup are exactly the same as a current content and reply markup of the message
2026-02-11 18:43:32,655 | INFO | aiogram.event | Update id=717650221 is handled. Duration 195 ms by bot id=8271511197
2026-02-11 18:43:37,088 | INFO | aiogram.event | Update id=717650222 is handled. Duration 278 ms by bot id=8271511197
2026-02-11 18:43:40,862 | INFO | apscheduler.scheduler | Added job "SchedulerService._send_reminder" to job store "default"
2026-02-11 18:43:42,046 | INFO | apscheduler.scheduler | Added job "SchedulerService._send_reminder" to job store "default"
2026-02-11 18:43:42,047 | INFO | apscheduler.scheduler | Added job "SchedulerService._send_reminder" to job store "default"
2026-02-11 18:43:42,049 | INFO | apscheduler.scheduler | Added job "SchedulerService._send_reminder" to job store "default"
2026-02-11 18:43:42,050 | INFO | apscheduler.scheduler | Added job "SchedulerService._send_reminder" to job store "default"
2026-02-11 18:43:42,052 | INFO | apscheduler.scheduler | Added job "SchedulerService._send_reminder" to job store "default"
2026-02-11 18:43:42,176 | INFO | aiogram.event | Update id=717650223 is handled. Duration 1465 ms by bot id=8271511197
2026-02-11 18:43:50,308 | INFO | aiogram.event | Update id=717650224 is handled. Duration 133 ms by bot id=8271511197
2026-02-11 18:43:51,806 | INFO | aiogram.event | Update id=717650225 is handled. Duration 441 ms by bot id=8271511197
2026-02-11 18:43:53,547 | INFO | aiogram.event | Update id=717650226 is handled. Duration 265 ms by bot id=8271511197
2026-02-11 18:43:57,197 | INFO | aiogram.event | Update id=717650227 is handled. Duration 1210 ms by bot id=8271511197
2026-02-11 18:44:04,181 | INFO | aiogram.event | Update id=717650228 is handled. Duration 300 ms by bot id=8271511197
2026-02-11 18:44:05,741 | INFO | aiogram.event | Update id=717650229 is handled. Duration 263 ms by bot id=8271511197
2026-02-11 18:44:06,588 | INFO | aiogram.event | Update id=717650230 is handled. Duration 159 ms by bot id=8271511197
2026-02-11 18:44:08,065 | INFO | aiogram.event | Update id=717650231 is handled. Duration 417 ms by bot id=8271511197
2026-02-11 18:44:10,243 | INFO | aiogram.event | Update id=717650232 is handled. Duration 251 ms by bot id=8271511197
2026-02-11 18:44:13,178 | INFO | aiogram.event | Update id=717650233 is handled. Duration 278 ms by bot id=8271511197
2026-02-11 18:44:14,473 | INFO | aiogram.event | Update id=717650234 is handled. Duration 252 ms by bot id=8271511197
2026-02-11 18:44:15,570 | INFO | aiogram.event | Update id=717650235 is handled. Duration 271 ms by bot id=8271511197
2026-02-11 18:44:16,623 | INFO | aiogram.event | Update id=717650236 is handled. Duration 246 ms by bot id=8271511197
2026-02-11 18:44:17,612 | INFO | aiogram.event | Update id=717650237 is handled. Duration 270 ms by bot id=8271511197
2026-02-11 18:44:18,448 | INFO | aiogram.event | Update id=717650238 is handled. Duration 258 ms by bot id=8271511197
2026-02-11 18:44:21,022 | INFO | aiogram.event | Update id=717650239 is handled. Duration 376 ms by bot id=8271511197
2026-02-11 18:44:23,577 | INFO | aiogram.event | Update id=717650240 is handled. Duration 227 ms by bot id=8271511197
2026-02-11 18:44:25,293 | INFO | aiogram.event | Update id=717650241 is handled. Duration 531 ms by bot id=8271511197
2026-02-11 18:44:27,150 | INFO | aiogram.event | Update id=717650242 is handled. Duration 367 ms by bot id=8271511197
2026-02-11 18:44:29,277 | INFO | aiogram.event | Update id=717650243 is handled. Duration 354 ms by bot id=8271511197
2026-02-11 18:44:34,262 | INFO | aiogram.event | Update id=717650244 is handled. Duration 314 ms by bot id=8271511197
2026-02-11 18:44:36,072 | INFO | aiogram.event | Update id=717650245 is handled. Duration 162 ms by bot id=8271511197
2026-02-11 18:44:37,625 | INFO | aiogram.event | Update id=717650246 is handled. Duration 433 ms by bot id=8271511197
2026-02-11 18:44:39,302 | INFO | aiogram.event | Update id=717650247 is handled. Duration 514 ms by bot id=8271511197
2026-02-11 18:44:44,638 | INFO | aiogram.event | Update id=717650248 is handled. Duration 132 ms by bot id=8271511197
2026-02-11 18:44:46,808 | INFO | aiogram.event | Update id=717650249 is handled. Duration 460 ms by bot id=8271511197
2026-02-11 18:44:48,279 | INFO | aiogram.event | Update id=717650250 is handled. Duration 240 ms by bot id=8271511197
2026-02-11 18:46:13,706 | INFO | aiogram.event | Update id=717650251 is handled. Duration 172 ms by bot id=8271511197
2026-02-11 18:46:14,930 | INFO | aiogram.event | Update id=717650252 is handled. Duration 402 ms by bot id=8271511197
2026-02-11 18:46:19,633 | INFO | aiogram.event | Update id=717650253 is handled. Duration 275 ms by bot id=8271511197
2026-02-11 18:46:25,758 | INFO | aiogram.event | Update id=717650254 is handled. Duration 267 ms by bot id=8271511197
2026-02-11 18:46:28,366 | INFO | aiogram.event | Update id=717650255 is handled. Duration 193 ms by bot id=8271511197
2026-02-11 18:46:30,039 | INFO | aiogram.event | Update id=717650256 is handled. Duration 398 ms by bot id=8271511197
2026-02-11 18:46:31,678 | INFO | aiogram.event | Update id=717650257 is handled. Duration 291 ms by bot id=8271511197
2026-02-11 18:46:33,295 | INFO | aiogram.event | Update id=717650258 is handled. Duration 320 ms by bot id=8271511197
2026-02-11 18:46:34,631 | INFO | aiogram.event | Update id=717650259 is handled. Duration 386 ms by bot id=8271511197
2026-02-11 18:46:35,703 | INFO | aiogram.event | Update id=717650260 is handled. Duration 289 ms by bot id=8271511197
2026-02-11 18:46:37,432 | INFO | aiogram.event | Update id=717650261 is handled. Duration 157 ms by bot id=8271511197
2026-02-11 18:46:38,952 | INFO | aiogram.event | Update id=717650262 is handled. Duration 424 ms by bot id=8271511197
2026-02-11 18:46:40,957 | INFO | aiogram.event | Update id=717650263 is handled. Duration 459 ms by bot id=8271511197
2026-02-11 18:46:43,489 | ERROR | bot.middlewares.db | DB session rolled back due to error
Traceback (most recent call last):
  File "C:\Users\Sanjar\vscode_projects\namoz-bot\bot\middlewares\db.py", line 26, in __call__
    result = await handler(event, data)
             ^^^^^^^^^^^^^^^^^^^^^^^^^^
  File "C:\Users\Sanjar\vscode_projects\namoz-bot\bot\middlewares\i18n.py", line 57, in __call__
    return await handler(event, data)
           ^^^^^^^^^^^^^^^^^^^^^^^^^^
  File "C:\Users\Sanjar\vscode_projects\.venv\Lib\site-packages\aiogram\dispatcher\event\handler.py", line 71, in call
    return await wrapped()
           ^^^^^^^^^^^^^^^
  File "C:\Users\Sanjar\vscode_projects\.venv\Lib\site-packages\aiogram\dispatcher\dispatcher.py", line 283, in _listen_update
    return await self.propagate_event(update_type=update_type, event=event, **kwargs)
           ^^^^^^^^^^^^^^^^^^^^^^^^^^^^^^^^^^^^^^^^^^^^^^^^^^^^^^^^^^^^^^^^^^^^^^^^^^
  File "C:\Users\Sanjar\vscode_projects\.venv\Lib\site-packages\aiogram\dispatcher\router.py", line 161, in propagate_event
    return await observer.wrap_outer_middleware(_wrapped, event=event, data=kwargs)
           ^^^^^^^^^^^^^^^^^^^^^^^^^^^^^^^^^^^^^^^^^^^^^^^^^^^^^^^^^^^^^^^^^^^^^^^^
  File "C:\Users\Sanjar\vscode_projects\.venv\Lib\site-packages\aiogram\dispatcher\router.py", line 153, in _wrapped
    return await self._propagate_event(
           ^^^^^^^^^^^^^^^^^^^^^^^^^^^^
    ...<4 lines>...
    )
    ^
  File "C:\Users\Sanjar\vscode_projects\.venv\Lib\site-packages\aiogram\dispatcher\router.py", line 189, in _propagate_event
    response = await router.propagate_event(update_type=update_type, event=event, **kwargs)
               ^^^^^^^^^^^^^^^^^^^^^^^^^^^^^^^^^^^^^^^^^^^^^^^^^^^^^^^^^^^^^^^^^^^^^^^^^^^^
  File "C:\Users\Sanjar\vscode_projects\.venv\Lib\site-packages\aiogram\dispatcher\router.py", line 161, in propagate_event
    return await observer.wrap_outer_middleware(_wrapped, event=event, data=kwargs)
           ^^^^^^^^^^^^^^^^^^^^^^^^^^^^^^^^^^^^^^^^^^^^^^^^^^^^^^^^^^^^^^^^^^^^^^^^
  File "C:\Users\Sanjar\vscode_projects\.venv\Lib\site-packages\aiogram\dispatcher\router.py", line 153, in _wrapped
    return await self._propagate_event(
           ^^^^^^^^^^^^^^^^^^^^^^^^^^^^
    ...<4 lines>...
    )
    ^
  File "C:\Users\Sanjar\vscode_projects\.venv\Lib\site-packages\aiogram\dispatcher\router.py", line 181, in _propagate_event
    response = await observer.trigger(event, **kwargs)
               ^^^^^^^^^^^^^^^^^^^^^^^^^^^^^^^^^^^^^^^
  File "C:\Users\Sanjar\vscode_projects\.venv\Lib\site-packages\aiogram\dispatcher\event\telegram.py", line 126, in trigger
    return await wrapped_inner(event, kwargs)
           ^^^^^^^^^^^^^^^^^^^^^^^^^^^^^^^^^^
  File "C:\Users\Sanjar\vscode_projects\.venv\Lib\site-packages\aiogram\dispatcher\event\handler.py", line 71, in call
    return await wrapped()
           ^^^^^^^^^^^^^^^
  File "C:\Users\Sanjar\vscode_projects\namoz-bot\bot\handlers\reminders.py", line 55, in reminders_all_on
    await callback.message.edit_reply_markup(reply_markup=reminders_keyboard(i18n, lang, reminder))
  File "C:\Users\Sanjar\vscode_projects\.venv\Lib\site-packages\aiogram\methods\base.py", line 82, in emit
    return await bot(self)
           ^^^^^^^^^^^^^^^
  File "C:\Users\Sanjar\vscode_projects\.venv\Lib\site-packages\aiogram\client\bot.py", line 487, in __call__
    return await self.session(self, method, timeout=request_timeout)
           ^^^^^^^^^^^^^^^^^^^^^^^^^^^^^^^^^^^^^^^^^^^^^^^^^^^^^^^^^
  File "C:\Users\Sanjar\vscode_projects\.venv\Lib\site-packages\aiogram\client\session\base.py", line 259, in __call__
    return cast(TelegramType, await middleware(bot, method))
                              ^^^^^^^^^^^^^^^^^^^^^^^^^^^^^
  File "C:\Users\Sanjar\vscode_projects\.venv\Lib\site-packages\aiogram\client\session\aiohttp.py", line 177, in make_request
    response = self.check_response(
        bot=bot,
    ...<2 lines>...
        content=raw_result,
    )
  File "C:\Users\Sanjar\vscode_projects\.venv\Lib\site-packages\aiogram\client\session\base.py", line 121, in check_response
    raise TelegramBadRequest(method=method, message=description)
aiogram.exceptions.TelegramBadRequest: Telegram server says - Bad Request: message is not modified: specified new message content and reply markup are exactly the same as a current content and reply markup of the message
2026-02-11 18:46:43,539 | ERROR | bot.handlers.errors | Unhandled exception: update=Update(update_id=717650264, message=None, edited_message=None, channel_post=None, edited_channel_post=None, business_connection=None, business_message=None, edited_business_message=None, deleted_business_messages=None, message_reaction=None, message_reaction_count=None, inline_query=None, chosen_inline_result=None, callback_query=CallbackQuery(id='8180629271181632135', from_user=User(id=8347152122, is_bot=False, first_name='سنجر', last_name=None, username='raxmv77', language_code='en', is_premium=None, added_to_attachment_menu=None, can_join_groups=None, can_read_all_group_messages=None, supports_inline_queries=None, can_connect_to_business=None, has_main_web_app=None, has_topics_enabled=None, allows_users_to_create_topics=None), chat_instance='-3702739898278178400', message=Message(message_id=78, date=datetime.datetime(2026, 2, 11, 13, 46, 39, tzinfo=TzInfo(0)), chat=Chat(id=8347152122, type='private', title=None, username='raxmv77', first_name='سنجر', last_name=None, is_forum=None, is_direct_messages=None, accent_color_id=None, active_usernames=None, available_reactions=None, background_custom_emoji_id=None, bio=None, birthdate=None, business_intro=None, business_location=None, business_opening_hours=None, can_set_sticker_set=None, custom_emoji_sticker_set_name=None, description=None, emoji_status_custom_emoji_id=None, emoji_status_expiration_date=None, has_aggressive_anti_spam_enabled=None, has_hidden_members=None, has_private_forwards=None, has_protected_content=None, has_restricted_voice_and_video_messages=None, has_visible_history=None, invite_link=None, join_by_request=None, join_to_send_messages=None, linked_chat_id=None, location=None, message_auto_delete_time=None, permissions=None, personal_chat=None, photo=None, pinned_message=None, profile_accent_color_id=None, profile_background_custom_emoji_id=None, slow_mode_delay=None, sticker_set_name=None, unrestrict_boost_count=None), message_thread_id=None, direct_messages_topic=None, from_user=User(id=8271511197, is_bot=True, first_name='Namoz Time & Islamic Assistant Bot', last_name=None, username='NamozPlusBot', language_code=None, is_premium=None, added_to_attachment_menu=None, can_join_groups=None, can_read_all_group_messages=None, supports_inline_queries=None, can_connect_to_business=None, has_main_web_app=None, has_topics_enabled=None, allows_users_to_create_topics=None), sender_chat=None, sender_boost_count=None, sender_business_bot=None, business_connection_id=None, forward_origin=None, is_topic_message=None, is_automatic_forward=None, reply_to_message=None, external_reply=None, quote=None, reply_to_story=None, reply_to_checklist_task_id=None, via_bot=None, edit_date=1770817601, has_protected_content=None, is_from_offline=None, is_paid_post=None, media_group_id=None, author_signature=None, paid_star_count=None, text='Eslatmalar sozlamalari:', entities=None, link_preview_options=None, suggested_post_info=None, effect_id=None, animation=None, audio=None, document=None, paid_media=None, photo=None, sticker=None, story=None, video=None, video_note=None, voice=None, caption=None, caption_entities=None, show_caption_above_media=None, has_media_spoiler=None, checklist=None, contact=None, dice=None, game=None, poll=None, venue=None, location=None, new_chat_members=None, left_chat_member=None, chat_owner_left=None, chat_owner_changed=None, new_chat_title=None, new_chat_photo=None, delete_chat_photo=None, group_chat_created=None, supergroup_chat_created=None, channel_chat_created=None, message_auto_delete_timer_changed=None, migrate_to_chat_id=None, migrate_from_chat_id=None, pinned_message=None, invoice=None, successful_payment=None, refunded_payment=None, users_shared=None, chat_shared=None, gift=None, unique_gift=None, gift_upgrade_sent=None, connected_website=None, write_access_allowed=None, passport_data=None, proximity_alert_triggered=None, boost_added=None, chat_background_set=None, checklist_tasks_done=None, checklist_tasks_added=None, direct_message_price_changed=None, forum_topic_created=None, forum_topic_edited=None, forum_topic_closed=None, forum_topic_reopened=None, general_forum_topic_hidden=None, general_forum_topic_unhidden=None, giveaway_created=None, giveaway=None, giveaway_winners=None, giveaway_completed=None, paid_message_price_changed=None, suggested_post_approved=None, suggested_post_approval_failed=None, suggested_post_declined=None, suggested_post_paid=None, suggested_post_refunded=None, video_chat_scheduled=None, video_chat_started=None, video_chat_ended=None, video_chat_participants_invited=None, web_app_data=None, reply_markup=InlineKeyboardMarkup(inline_keyboard=[[InlineKeyboardButton(text='✅ Bomdod', icon_custom_emoji_id=None, style=None, url=None, callback_data='rem:toggle:fajr', web_app=None, login_url=None, switch_inline_query=None, switch_inline_query_current_chat=None, switch_inline_query_chosen_chat=None, copy_text=None, callback_game=None, pay=None), InlineKeyboardButton(text='✅ Peshin', icon_custom_emoji_id=None, style=None, url=None, callback_data='rem:toggle:dhuhr', web_app=None, login_url=None, switch_inline_query=None, switch_inline_query_current_chat=None, switch_inline_query_chosen_chat=None, copy_text=None, callback_game=None, pay=None)], [InlineKeyboardButton(text='✅ Asr', icon_custom_emoji_id=None, style=None, url=None, callback_data='rem:toggle:asr', web_app=None, login_url=None, switch_inline_query=None, switch_inline_query_current_chat=None, switch_inline_query_chosen_chat=None, copy_text=None, callback_game=None, pay=None), InlineKeyboardButton(text='✅ Shom', icon_custom_emoji_id=None, style=None, url=None, callback_data='rem:toggle:maghrib', web_app=None, login_url=None, switch_inline_query=None, switch_inline_query_current_chat=None, switch_inline_query_chosen_chat=None, copy_text=None, callback_game=None, pay=None)], [InlineKeyboardButton(text='✅ Xufton', icon_custom_emoji_id=None, style=None, url=None, callback_data='rem:toggle:isha', web_app=None, login_url=None, switch_inline_query=None, switch_inline_query_current_chat=None, switch_inline_query_chosen_chat=None, copy_text=None, callback_game=None, pay=None)], [InlineKeyboardButton(text='Hammasini yoqish', icon_custom_emoji_id=None, style=None, url=None, callback_data='rem:all_on', web_app=None, login_url=None, switch_inline_query=None, switch_inline_query_current_chat=None, switch_inline_query_chosen_chat=None, copy_text=None, callback_game=None, pay=None), InlineKeyboardButton(text="Hammasini o'chirish", icon_custom_emoji_id=None, style=None, url=None, callback_data='rem:all_off', web_app=None, login_url=None, switch_inline_query=None, switch_inline_query_current_chat=None, switch_inline_query_chosen_chat=None, copy_text=None, callback_game=None, pay=None)], [InlineKeyboardButton(text="Offsetni o'zgartirish", icon_custom_emoji_id=None, style=None, url=None, callback_data='rem:offset', web_app=None, login_url=None, switch_inline_query=None, switch_inline_query_current_chat=None, switch_inline_query_chosen_chat=None, copy_text=None, callback_game=None, pay=None)]]), forward_date=None, forward_from=None, forward_from_chat=None, forward_from_message_id=None, forward_sender_name=None, forward_signature=None, user_shared=None), inline_message_id=None, data='rem:all_on', game_short_name=None), shipping_query=None, pre_checkout_query=None, purchased_paid_media=None, poll=None, poll_answer=None, my_chat_member=None, chat_member=None, chat_join_request=None, chat_boost=None, removed_chat_boost=None) exception=TelegramBadRequest('Telegram server says - Bad Request: message is not modified: specified new message content and reply markup are exactly the same as a current content and reply markup of the message')
Traceback (most recent call last):
  File "C:\Users\Sanjar\vscode_projects\.venv\Lib\site-packages\aiogram\dispatcher\middlewares\error.py", line 27, in __call__
    return await handler(event, data)
           ^^^^^^^^^^^^^^^^^^^^^^^^^^
  File "C:\Users\Sanjar\vscode_projects\.venv\Lib\site-packages\aiogram\dispatcher\middlewares\user_context.py", line 58, in __call__
    return await handler(event, data)
           ^^^^^^^^^^^^^^^^^^^^^^^^^^
  File "C:\Users\Sanjar\vscode_projects\.venv\Lib\site-packages\aiogram\fsm\middleware.py", line 43, in __call__
    return await handler(event, data)
           ^^^^^^^^^^^^^^^^^^^^^^^^^^
  File "C:\Users\Sanjar\vscode_projects\.venv\Lib\site-packages\aiogram\dispatcher\event\telegram.py", line 126, in trigger
    return await wrapped_inner(event, kwargs)
           ^^^^^^^^^^^^^^^^^^^^^^^^^^^^^^^^^^
  File "C:\Users\Sanjar\vscode_projects\namoz-bot\bot\middlewares\db.py", line 26, in __call__
    result = await handler(event, data)
             ^^^^^^^^^^^^^^^^^^^^^^^^^^
  File "C:\Users\Sanjar\vscode_projects\namoz-bot\bot\middlewares\i18n.py", line 57, in __call__
    return await handler(event, data)
           ^^^^^^^^^^^^^^^^^^^^^^^^^^
  File "C:\Users\Sanjar\vscode_projects\.venv\Lib\site-packages\aiogram\dispatcher\event\handler.py", line 71, in call
    return await wrapped()
           ^^^^^^^^^^^^^^^
  File "C:\Users\Sanjar\vscode_projects\.venv\Lib\site-packages\aiogram\dispatcher\dispatcher.py", line 283, in _listen_update
    return await self.propagate_event(update_type=update_type, event=event, **kwargs)
           ^^^^^^^^^^^^^^^^^^^^^^^^^^^^^^^^^^^^^^^^^^^^^^^^^^^^^^^^^^^^^^^^^^^^^^^^^^
  File "C:\Users\Sanjar\vscode_projects\.venv\Lib\site-packages\aiogram\dispatcher\router.py", line 161, in propagate_event
    return await observer.wrap_outer_middleware(_wrapped, event=event, data=kwargs)
           ^^^^^^^^^^^^^^^^^^^^^^^^^^^^^^^^^^^^^^^^^^^^^^^^^^^^^^^^^^^^^^^^^^^^^^^^
  File "C:\Users\Sanjar\vscode_projects\.venv\Lib\site-packages\aiogram\dispatcher\router.py", line 153, in _wrapped
    return await self._propagate_event(
           ^^^^^^^^^^^^^^^^^^^^^^^^^^^^
    ...<4 lines>...
    )
    ^
  File "C:\Users\Sanjar\vscode_projects\.venv\Lib\site-packages\aiogram\dispatcher\router.py", line 189, in _propagate_event
    response = await router.propagate_event(update_type=update_type, event=event, **kwargs)
               ^^^^^^^^^^^^^^^^^^^^^^^^^^^^^^^^^^^^^^^^^^^^^^^^^^^^^^^^^^^^^^^^^^^^^^^^^^^^
  File "C:\Users\Sanjar\vscode_projects\.venv\Lib\site-packages\aiogram\dispatcher\router.py", line 161, in propagate_event
    return await observer.wrap_outer_middleware(_wrapped, event=event, data=kwargs)
           ^^^^^^^^^^^^^^^^^^^^^^^^^^^^^^^^^^^^^^^^^^^^^^^^^^^^^^^^^^^^^^^^^^^^^^^^
  File "C:\Users\Sanjar\vscode_projects\.venv\Lib\site-packages\aiogram\dispatcher\router.py", line 153, in _wrapped
    return await self._propagate_event(
           ^^^^^^^^^^^^^^^^^^^^^^^^^^^^
    ...<4 lines>...
    )
    ^
  File "C:\Users\Sanjar\vscode_projects\.venv\Lib\site-packages\aiogram\dispatcher\router.py", line 181, in _propagate_event
    response = await observer.trigger(event, **kwargs)
               ^^^^^^^^^^^^^^^^^^^^^^^^^^^^^^^^^^^^^^^
  File "C:\Users\Sanjar\vscode_projects\.venv\Lib\site-packages\aiogram\dispatcher\event\telegram.py", line 126, in trigger
    return await wrapped_inner(event, kwargs)
           ^^^^^^^^^^^^^^^^^^^^^^^^^^^^^^^^^^
  File "C:\Users\Sanjar\vscode_projects\.venv\Lib\site-packages\aiogram\dispatcher\event\handler.py", line 71, in call
    return await wrapped()
           ^^^^^^^^^^^^^^^
  File "C:\Users\Sanjar\vscode_projects\namoz-bot\bot\handlers\reminders.py", line 55, in reminders_all_on
    await callback.message.edit_reply_markup(reply_markup=reminders_keyboard(i18n, lang, reminder))
  File "C:\Users\Sanjar\vscode_projects\.venv\Lib\site-packages\aiogram\methods\base.py", line 82, in emit
    return await bot(self)
           ^^^^^^^^^^^^^^^
  File "C:\Users\Sanjar\vscode_projects\.venv\Lib\site-packages\aiogram\client\bot.py", line 487, in __call__
    return await self.session(self, method, timeout=request_timeout)
           ^^^^^^^^^^^^^^^^^^^^^^^^^^^^^^^^^^^^^^^^^^^^^^^^^^^^^^^^^
  File "C:\Users\Sanjar\vscode_projects\.venv\Lib\site-packages\aiogram\client\session\base.py", line 259, in __call__
    return cast(TelegramType, await middleware(bot, method))
                              ^^^^^^^^^^^^^^^^^^^^^^^^^^^^^
  File "C:\Users\Sanjar\vscode_projects\.venv\Lib\site-packages\aiogram\client\session\aiohttp.py", line 177, in make_request
    response = self.check_response(
        bot=bot,
    ...<2 lines>...
        content=raw_result,
    )
  File "C:\Users\Sanjar\vscode_projects\.venv\Lib\site-packages\aiogram\client\session\base.py", line 121, in check_response
    raise TelegramBadRequest(method=method, message=description)
aiogram.exceptions.TelegramBadRequest: Telegram server says - Bad Request: message is not modified: specified new message content and reply markup are exactly the same as a current content and reply markup of the message
2026-02-11 18:46:43,567 | INFO | aiogram.event | Update id=717650264 is handled. Duration 219 ms by bot id=8271511197
2026-02-11 18:46:46,306 | INFO | apscheduler.scheduler | Removed job 8347152122:Isha:2026-02-11
2026-02-11 18:46:46,322 | INFO | apscheduler.scheduler | Removed job 8347152122:Fajr:2026-02-12
2026-02-11 18:46:46,323 | INFO | apscheduler.scheduler | Removed job 8347152122:Dhuhr:2026-02-12
2026-02-11 18:46:46,364 | INFO | apscheduler.scheduler | Removed job 8347152122:Asr:2026-02-12
2026-02-11 18:46:46,377 | INFO | apscheduler.scheduler | Removed job 8347152122:Maghrib:2026-02-12
2026-02-11 18:46:46,423 | INFO | apscheduler.scheduler | Removed job 8347152122:Isha:2026-02-12
2026-02-11 18:46:46,560 | INFO | aiogram.event | Update id=717650265 is handled. Duration 556 ms by bot id=8271511197
2026-02-11 18:46:49,410 | INFO | aiogram.event | Update id=717650266 is handled. Duration 267 ms by bot id=8271511197
2026-02-11 18:46:50,900 | INFO | apscheduler.scheduler | Added job "SchedulerService._send_reminder" to job store "default"
2026-02-11 18:46:50,902 | INFO | apscheduler.scheduler | Added job "SchedulerService._send_reminder" to job store "default"
2026-02-11 18:46:50,908 | INFO | apscheduler.scheduler | Added job "SchedulerService._send_reminder" to job store "default"
2026-02-11 18:46:50,910 | INFO | apscheduler.scheduler | Added job "SchedulerService._send_reminder" to job store "default"
2026-02-11 18:46:50,912 | INFO | apscheduler.scheduler | Added job "SchedulerService._send_reminder" to job store "default"
2026-02-11 18:46:50,914 | INFO | apscheduler.scheduler | Added job "SchedulerService._send_reminder" to job store "default"
2026-02-11 18:46:51,067 | INFO | aiogram.event | Update id=717650267 is handled. Duration 325 ms by bot id=8271511197
2026-02-11 18:46:51,993 | INFO | aiogram.event | Update id=717650268 is handled. Duration 270 ms by bot id=8271511197
2026-02-11 18:46:53,233 | INFO | aiogram.event | Update id=717650269 is handled. Duration 368 ms by bot id=8271511197
2026-02-11 18:46:55,081 | INFO | aiogram.event | Update id=717650270 is handled. Duration 524 ms by bot id=8271511197
2026-02-11 18:47:23,282 | INFO | aiogram.dispatcher | Polling stopped
2026-02-11 18:47:23,285 | ERROR | aiogram.dispatcher | Failed to fetch updates - TelegramNetworkError: HTTP Client says - ServerDisconnectedError: Server disconnected
2026-02-11 18:47:23,286 | WARNING | aiogram.dispatcher | Sleep for 1.000000 seconds and try again... (tryings = 0, bot id = 8271511197)
2026-02-11 18:47:23,539 | INFO | aiogram.dispatcher | Polling stopped for bot @NamozPlusBot id=8271511197 - 'Namoz Time & Islamic Assistant Bot'
2026-02-11 18:47:30,983 | INFO | apscheduler.scheduler | Adding job tentatively -- it will be properly scheduled when the scheduler starts
2026-02-11 18:47:30,984 | INFO | apscheduler.scheduler | Added job "SchedulerService.refresh_all" to job store "default"
2026-02-11 18:47:30,985 | INFO | apscheduler.scheduler | Scheduler started
2026-02-11 18:47:31,951 | INFO | apscheduler.scheduler | Added job "SchedulerService._send_reminder" to job store "default"
2026-02-11 18:47:32,722 | INFO | apscheduler.scheduler | Added job "SchedulerService._send_reminder" to job store "default"
2026-02-11 18:47:32,723 | INFO | apscheduler.scheduler | Added job "SchedulerService._send_reminder" to job store "default"
2026-02-11 18:47:32,725 | INFO | apscheduler.scheduler | Added job "SchedulerService._send_reminder" to job store "default"
2026-02-11 18:47:32,726 | INFO | apscheduler.scheduler | Added job "SchedulerService._send_reminder" to job store "default"
2026-02-11 18:47:32,727 | INFO | apscheduler.scheduler | Added job "SchedulerService._send_reminder" to job store "default"
2026-02-11 18:47:32,730 | INFO | aiogram.dispatcher | Start polling
2026-02-11 18:47:32,847 | INFO | aiogram.dispatcher | Run polling for bot @NamozPlusBot id=8271511197 - 'Namoz Time & Islamic Assistant Bot'
2026-02-11 18:47:44,833 | INFO | aiogram.event | Update id=717650271 is handled. Duration 381 ms by bot id=8271511197
2026-02-11 18:47:47,707 | INFO | aiogram.event | Update id=717650272 is handled. Duration 459 ms by bot id=8271511197
2026-02-11 18:47:49,221 | INFO | aiogram.event | Update id=717650273 is handled. Duration 348 ms by bot id=8271511197
2026-02-11 18:47:54,834 | INFO | aiogram.event | Update id=717650274 is handled. Duration 4312 ms by bot id=8271511197
2026-02-11 18:48:03,955 | INFO | aiogram.event | Update id=717650275 is handled. Duration 152 ms by bot id=8271511197
2026-02-11 18:48:12,165 | INFO | aiogram.event | Update id=717650276 is handled. Duration 265 ms by bot id=8271511197
2026-02-11 18:48:17,035 | INFO | aiogram.event | Update id=717650277 is handled. Duration 153 ms by bot id=8271511197
2026-02-11 18:48:20,220 | INFO | aiogram.event | Update id=717650278 is handled. Duration 594 ms by bot id=8271511197
2026-02-11 18:48:24,453 | INFO | aiogram.event | Update id=717650279 is handled. Duration 182 ms by bot id=8271511197
2026-02-11 18:48:29,052 | INFO | aiogram.event | Update id=717650280 is handled. Duration 280 ms by bot id=8271511197
2026-02-11 18:49:16,097 | INFO | aiogram.dispatcher | Polling stopped
2026-02-11 18:49:16,099 | ERROR | aiogram.dispatcher | Failed to fetch updates - TelegramNetworkError: HTTP Client says - ServerDisconnectedError: Server disconnected
2026-02-11 18:49:16,100 | WARNING | aiogram.dispatcher | Sleep for 1.000000 seconds and try again... (tryings = 0, bot id = 8271511197)
2026-02-11 18:49:16,351 | INFO | aiogram.dispatcher | Polling stopped for bot @NamozPlusBot id=8271511197 - 'Namoz Time & Islamic Assistant Bot'
2026-02-11 18:49:21,484 | INFO | apscheduler.scheduler | Adding job tentatively -- it will be properly scheduled when the scheduler starts
2026-02-11 18:49:21,485 | INFO | apscheduler.scheduler | Added job "SchedulerService.refresh_all" to job store "default"
2026-02-11 18:49:21,486 | INFO | apscheduler.scheduler | Scheduler started
2026-02-11 18:49:22,390 | INFO | apscheduler.scheduler | Added job "SchedulerService._send_reminder" to job store "default"
2026-02-11 18:49:23,191 | INFO | apscheduler.scheduler | Added job "SchedulerService._send_reminder" to job store "default"
2026-02-11 18:49:23,193 | INFO | apscheduler.scheduler | Added job "SchedulerService._send_reminder" to job store "default"
2026-02-11 18:49:23,194 | INFO | apscheduler.scheduler | Added job "SchedulerService._send_reminder" to job store "default"
2026-02-11 18:49:23,195 | INFO | apscheduler.scheduler | Added job "SchedulerService._send_reminder" to job store "default"
2026-02-11 18:49:23,196 | INFO | apscheduler.scheduler | Added job "SchedulerService._send_reminder" to job store "default"
2026-02-11 18:49:23,199 | INFO | aiogram.dispatcher | Start polling
2026-02-11 18:49:23,321 | INFO | aiogram.dispatcher | Run polling for bot @NamozPlusBot id=8271511197 - 'Namoz Time & Islamic Assistant Bot'
2026-02-11 18:49:30,266 | INFO | aiogram.event | Update id=717650281 is handled. Duration 380 ms by bot id=8271511197
2026-02-11 18:49:31,679 | INFO | aiogram.event | Update id=717650282 is handled. Duration 467 ms by bot id=8271511197
2026-02-11 18:49:33,838 | INFO | aiogram.event | Update id=717650283 is handled. Duration 299 ms by bot id=8271511197
2026-02-11 18:49:44,782 | INFO | aiogram.event | Update id=717650284 is handled. Duration 154 ms by bot id=8271511197
2026-02-11 18:49:50,719 | INFO | aiogram.event | Update id=717650285 is handled. Duration 204 ms by bot id=8271511197
2026-02-11 18:49:56,415 | INFO | aiogram.event | Update id=717650286 is handled. Duration 267 ms by bot id=8271511197
2026-02-11 18:49:59,757 | INFO | aiogram.event | Update id=717650287 is handled. Duration 1182 ms by bot id=8271511197
2026-02-11 18:55:53,680 | INFO | aiogram.dispatcher | Polling stopped
2026-02-11 18:55:53,681 | ERROR | aiogram.dispatcher | Failed to fetch updates - TelegramNetworkError: HTTP Client says - ServerDisconnectedError: Server disconnected
2026-02-11 18:55:53,682 | WARNING | aiogram.dispatcher | Sleep for 1.000000 seconds and try again... (tryings = 0, bot id = 8271511197)
2026-02-11 18:55:53,935 | INFO | aiogram.dispatcher | Polling stopped for bot @NamozPlusBot id=8271511197 - 'Namoz Time & Islamic Assistant Bot'
2026-02-11 18:56:00,179 | INFO | apscheduler.scheduler | Adding job tentatively -- it will be properly scheduled when the scheduler starts
2026-02-11 18:56:00,180 | INFO | apscheduler.scheduler | Added job "SchedulerService.refresh_all" to job store "default"
2026-02-11 18:56:00,181 | INFO | apscheduler.scheduler | Scheduler started
2026-02-11 18:56:01,077 | INFO | apscheduler.scheduler | Added job "SchedulerService._send_reminder" to job store "default"
2026-02-11 18:56:01,814 | INFO | apscheduler.scheduler | Added job "SchedulerService._send_reminder" to job store "default"
2026-02-11 18:56:01,815 | INFO | apscheduler.scheduler | Added job "SchedulerService._send_reminder" to job store "default"
2026-02-11 18:56:01,816 | INFO | apscheduler.scheduler | Added job "SchedulerService._send_reminder" to job store "default"
2026-02-11 18:56:01,816 | INFO | apscheduler.scheduler | Added job "SchedulerService._send_reminder" to job store "default"
2026-02-11 18:56:01,817 | INFO | apscheduler.scheduler | Added job "SchedulerService._send_reminder" to job store "default"
2026-02-11 18:56:01,819 | INFO | aiogram.dispatcher | Start polling
2026-02-11 18:56:01,929 | INFO | aiogram.dispatcher | Run polling for bot @NamozPlusBot id=8271511197 - 'Namoz Time & Islamic Assistant Bot'
2026-02-11 18:56:17,888 | INFO | aiogram.event | Update id=717650288 is handled. Duration 392 ms by bot id=8271511197
2026-02-11 18:56:19,834 | INFO | aiogram.event | Update id=717650289 is handled. Duration 641 ms by bot id=8271511197
2026-02-11 18:56:25,823 | INFO | aiogram.event | Update id=717650290 is handled. Duration 154 ms by bot id=8271511197
2026-02-11 18:56:28,828 | INFO | aiogram.event | Update id=717650291 is handled. Duration 260 ms by bot id=8271511197
2026-02-11 18:56:37,622 | INFO | aiogram.event | Update id=717650292 is handled. Duration 271 ms by bot id=8271511197
2026-02-11 18:56:41,424 | INFO | aiogram.event | Update id=717650293 is handled. Duration 133 ms by bot id=8271511197
2026-02-11 18:56:43,324 | INFO | aiogram.event | Update id=717650294 is handled. Duration 161 ms by bot id=8271511197
2026-02-11 18:56:47,458 | INFO | aiogram.event | Update id=717650295 is handled. Duration 258 ms by bot id=8271511197
2026-02-11 18:56:50,160 | INFO | aiogram.event | Update id=717650296 is handled. Duration 299 ms by bot id=8271511197
2026-02-11 18:56:51,668 | INFO | aiogram.event | Update id=717650297 is handled. Duration 308 ms by bot id=8271511197
2026-02-11 18:56:52,678 | INFO | aiogram.event | Update id=717650298 is handled. Duration 361 ms by bot id=8271511197
2026-02-11 18:56:53,984 | INFO | aiogram.event | Update id=717650299 is handled. Duration 256 ms by bot id=8271511197
2026-02-11 18:56:55,120 | INFO | aiogram.event | Update id=717650300 is handled. Duration 341 ms by bot id=8271511197
2026-02-11 18:56:56,320 | INFO | aiogram.event | Update id=717650301 is handled. Duration 300 ms by bot id=8271511197
2026-02-11 18:56:58,324 | INFO | aiogram.event | Update id=717650302 is handled. Duration 1237 ms by bot id=8271511197
2026-02-11 18:57:00,804 | INFO | aiogram.event | Update id=717650303 is handled. Duration 261 ms by bot id=8271511197
2026-02-11 18:57:02,179 | INFO | aiogram.event | Update id=717650304 is handled. Duration 292 ms by bot id=8271511197
2026-02-11 18:57:05,892 | INFO | aiogram.event | Update id=717650305 is handled. Duration 460 ms by bot id=8271511197
2026-02-11 18:57:07,496 | ERROR | bot.middlewares.db | DB session rolled back due to error
Traceback (most recent call last):
  File "C:\Users\Sanjar\vscode_projects\namoz-bot\bot\middlewares\db.py", line 26, in __call__
    result = await handler(event, data)
             ^^^^^^^^^^^^^^^^^^^^^^^^^^
  File "C:\Users\Sanjar\vscode_projects\namoz-bot\bot\middlewares\i18n.py", line 71, in __call__
    return await handler(event, data)
           ^^^^^^^^^^^^^^^^^^^^^^^^^^
  File "C:\Users\Sanjar\vscode_projects\.venv\Lib\site-packages\aiogram\dispatcher\event\handler.py", line 71, in call
    return await wrapped()
           ^^^^^^^^^^^^^^^
  File "C:\Users\Sanjar\vscode_projects\.venv\Lib\site-packages\aiogram\dispatcher\dispatcher.py", line 283, in _listen_update
    return await self.propagate_event(update_type=update_type, event=event, **kwargs)
           ^^^^^^^^^^^^^^^^^^^^^^^^^^^^^^^^^^^^^^^^^^^^^^^^^^^^^^^^^^^^^^^^^^^^^^^^^^
  File "C:\Users\Sanjar\vscode_projects\.venv\Lib\site-packages\aiogram\dispatcher\router.py", line 161, in propagate_event
    return await observer.wrap_outer_middleware(_wrapped, event=event, data=kwargs)
           ^^^^^^^^^^^^^^^^^^^^^^^^^^^^^^^^^^^^^^^^^^^^^^^^^^^^^^^^^^^^^^^^^^^^^^^^
  File "C:\Users\Sanjar\vscode_projects\.venv\Lib\site-packages\aiogram\dispatcher\router.py", line 153, in _wrapped
    return await self._propagate_event(
           ^^^^^^^^^^^^^^^^^^^^^^^^^^^^
    ...<4 lines>...
    )
    ^
  File "C:\Users\Sanjar\vscode_projects\.venv\Lib\site-packages\aiogram\dispatcher\router.py", line 189, in _propagate_event
    response = await router.propagate_event(update_type=update_type, event=event, **kwargs)
               ^^^^^^^^^^^^^^^^^^^^^^^^^^^^^^^^^^^^^^^^^^^^^^^^^^^^^^^^^^^^^^^^^^^^^^^^^^^^
  File "C:\Users\Sanjar\vscode_projects\.venv\Lib\site-packages\aiogram\dispatcher\router.py", line 161, in propagate_event
    return await observer.wrap_outer_middleware(_wrapped, event=event, data=kwargs)
           ^^^^^^^^^^^^^^^^^^^^^^^^^^^^^^^^^^^^^^^^^^^^^^^^^^^^^^^^^^^^^^^^^^^^^^^^
  File "C:\Users\Sanjar\vscode_projects\.venv\Lib\site-packages\aiogram\dispatcher\router.py", line 153, in _wrapped
    return await self._propagate_event(
           ^^^^^^^^^^^^^^^^^^^^^^^^^^^^
    ...<4 lines>...
    )
    ^
  File "C:\Users\Sanjar\vscode_projects\.venv\Lib\site-packages\aiogram\dispatcher\router.py", line 181, in _propagate_event
    response = await observer.trigger(event, **kwargs)
               ^^^^^^^^^^^^^^^^^^^^^^^^^^^^^^^^^^^^^^^
  File "C:\Users\Sanjar\vscode_projects\.venv\Lib\site-packages\aiogram\dispatcher\event\telegram.py", line 126, in trigger
    return await wrapped_inner(event, kwargs)
           ^^^^^^^^^^^^^^^^^^^^^^^^^^^^^^^^^^
  File "C:\Users\Sanjar\vscode_projects\.venv\Lib\site-packages\aiogram\dispatcher\event\handler.py", line 71, in call
    return await wrapped()
           ^^^^^^^^^^^^^^^
  File "C:\Users\Sanjar\vscode_projects\namoz-bot\bot\handlers\reminders.py", line 55, in reminders_all_on
    await callback.message.edit_reply_markup(reply_markup=reminders_keyboard(i18n, lang, reminder))
  File "C:\Users\Sanjar\vscode_projects\.venv\Lib\site-packages\aiogram\methods\base.py", line 82, in emit
    return await bot(self)
           ^^^^^^^^^^^^^^^
  File "C:\Users\Sanjar\vscode_projects\.venv\Lib\site-packages\aiogram\client\bot.py", line 487, in __call__
    return await self.session(self, method, timeout=request_timeout)
           ^^^^^^^^^^^^^^^^^^^^^^^^^^^^^^^^^^^^^^^^^^^^^^^^^^^^^^^^^
  File "C:\Users\Sanjar\vscode_projects\.venv\Lib\site-packages\aiogram\client\session\base.py", line 259, in __call__
    return cast(TelegramType, await middleware(bot, method))
                              ^^^^^^^^^^^^^^^^^^^^^^^^^^^^^
  File "C:\Users\Sanjar\vscode_projects\.venv\Lib\site-packages\aiogram\client\session\aiohttp.py", line 177, in make_request
    response = self.check_response(
        bot=bot,
    ...<2 lines>...
        content=raw_result,
    )
  File "C:\Users\Sanjar\vscode_projects\.venv\Lib\site-packages\aiogram\client\session\base.py", line 121, in check_response
    raise TelegramBadRequest(method=method, message=description)
aiogram.exceptions.TelegramBadRequest: Telegram server says - Bad Request: message is not modified: specified new message content and reply markup are exactly the same as a current content and reply markup of the message
2026-02-11 18:57:07,508 | ERROR | bot.handlers.errors | Unhandled exception: update=Update(update_id=717650306, message=None, edited_message=None, channel_post=None, edited_channel_post=None, business_connection=None, business_message=None, edited_business_message=None, deleted_business_messages=None, message_reaction=None, message_reaction_count=None, inline_query=None, chosen_inline_result=None, callback_query=CallbackQuery(id='8180629269965806424', from_user=User(id=8347152122, is_bot=False, first_name='سنجر', last_name=None, username='raxmv77', language_code='en', is_premium=None, added_to_attachment_menu=None, can_join_groups=None, can_read_all_group_messages=None, supports_inline_queries=None, can_connect_to_business=None, has_main_web_app=None, has_topics_enabled=None, allows_users_to_create_topics=None), chat_instance='-3702739898278178400', message=Message(message_id=111, date=datetime.datetime(2026, 2, 11, 13, 56, 43, tzinfo=TzInfo(0)), chat=Chat(id=8347152122, type='private', title=None, username='raxmv77', first_name='سنجر', last_name=None, is_forum=None, is_direct_messages=None, accent_color_id=None, active_usernames=None, available_reactions=None, background_custom_emoji_id=None, bio=None, birthdate=None, business_intro=None, business_location=None, business_opening_hours=None, can_set_sticker_set=None, custom_emoji_sticker_set_name=None, description=None, emoji_status_custom_emoji_id=None, emoji_status_expiration_date=None, has_aggressive_anti_spam_enabled=None, has_hidden_members=None, has_private_forwards=None, has_protected_content=None, has_restricted_voice_and_video_messages=None, has_visible_history=None, invite_link=None, join_by_request=None, join_to_send_messages=None, linked_chat_id=None, location=None, message_auto_delete_time=None, permissions=None, personal_chat=None, photo=None, pinned_message=None, profile_accent_color_id=None, profile_background_custom_emoji_id=None, slow_mode_delay=None, sticker_set_name=None, unrestrict_boost_count=None), message_thread_id=None, direct_messages_topic=None, from_user=User(id=8271511197, is_bot=True, first_name='Namoz Time & Islamic Assistant Bot', last_name=None, username='NamozPlusBot', language_code=None, is_premium=None, added_to_attachment_menu=None, can_join_groups=None, can_read_all_group_messages=None, supports_inline_queries=None, can_connect_to_business=None, has_main_web_app=None, has_topics_enabled=None, allows_users_to_create_topics=None), sender_chat=None, sender_boost_count=None, sender_business_bot=None, business_connection_id=None, forward_origin=None, is_topic_message=None, is_automatic_forward=None, reply_to_message=None, external_reply=None, quote=None, reply_to_story=None, reply_to_checklist_task_id=None, via_bot=None, edit_date=1770818222, has_protected_content=None, is_from_offline=None, is_paid_post=None, media_group_id=None, author_signature=None, paid_star_count=None, text='Eslatmalar sozlamalari:', entities=None, link_preview_options=None, suggested_post_info=None, effect_id=None, animation=None, audio=None, document=None, paid_media=None, photo=None, sticker=None, story=None, video=None, video_note=None, voice=None, caption=None, caption_entities=None, show_caption_above_media=None, has_media_spoiler=None, checklist=None, contact=None, dice=None, game=None, poll=None, venue=None, location=None, new_chat_members=None, left_chat_member=None, chat_owner_left=None, chat_owner_changed=None, new_chat_title=None, new_chat_photo=None, delete_chat_photo=None, group_chat_created=None, supergroup_chat_created=None, channel_chat_created=None, message_auto_delete_timer_changed=None, migrate_to_chat_id=None, migrate_from_chat_id=None, pinned_message=None, invoice=None, successful_payment=None, refunded_payment=None, users_shared=None, chat_shared=None, gift=None, unique_gift=None, gift_upgrade_sent=None, connected_website=None, write_access_allowed=None, passport_data=None, proximity_alert_triggered=None, boost_added=None, chat_background_set=None, checklist_tasks_done=None, checklist_tasks_added=None, direct_message_price_changed=None, forum_topic_created=None, forum_topic_edited=None, forum_topic_closed=None, forum_topic_reopened=None, general_forum_topic_hidden=None, general_forum_topic_unhidden=None, giveaway_created=None, giveaway=None, giveaway_winners=None, giveaway_completed=None, paid_message_price_changed=None, suggested_post_approved=None, suggested_post_approval_failed=None, suggested_post_declined=None, suggested_post_paid=None, suggested_post_refunded=None, video_chat_scheduled=None, video_chat_started=None, video_chat_ended=None, video_chat_participants_invited=None, web_app_data=None, reply_markup=InlineKeyboardMarkup(inline_keyboard=[[InlineKeyboardButton(text='✅ Bomdod', icon_custom_emoji_id=None, style=None, url=None, callback_data='rem:toggle:fajr', web_app=None, login_url=None, switch_inline_query=None, switch_inline_query_current_chat=None, switch_inline_query_chosen_chat=None, copy_text=None, callback_game=None, pay=None), InlineKeyboardButton(text='✅ Peshin', icon_custom_emoji_id=None, style=None, url=None, callback_data='rem:toggle:dhuhr', web_app=None, login_url=None, switch_inline_query=None, switch_inline_query_current_chat=None, switch_inline_query_chosen_chat=None, copy_text=None, callback_game=None, pay=None)], [InlineKeyboardButton(text='✅ Asr', icon_custom_emoji_id=None, style=None, url=None, callback_data='rem:toggle:asr', web_app=None, login_url=None, switch_inline_query=None, switch_inline_query_current_chat=None, switch_inline_query_chosen_chat=None, copy_text=None, callback_game=None, pay=None), InlineKeyboardButton(text='✅ Shom', icon_custom_emoji_id=None, style=None, url=None, callback_data='rem:toggle:maghrib', web_app=None, login_url=None, switch_inline_query=None, switch_inline_query_current_chat=None, switch_inline_query_chosen_chat=None, copy_text=None, callback_game=None, pay=None)], [InlineKeyboardButton(text='✅ Xufton', icon_custom_emoji_id=None, style=None, url=None, callback_data='rem:toggle:isha', web_app=None, login_url=None, switch_inline_query=None, switch_inline_query_current_chat=None, switch_inline_query_chosen_chat=None, copy_text=None, callback_game=None, pay=None)], [InlineKeyboardButton(text='Hammasini yoqish', icon_custom_emoji_id=None, style=None, url=None, callback_data='rem:all_on', web_app=None, login_url=None, switch_inline_query=None, switch_inline_query_current_chat=None, switch_inline_query_chosen_chat=None, copy_text=None, callback_game=None, pay=None), InlineKeyboardButton(text="Hammasini o'chirish", icon_custom_emoji_id=None, style=None, url=None, callback_data='rem:all_off', web_app=None, login_url=None, switch_inline_query=None, switch_inline_query_current_chat=None, switch_inline_query_chosen_chat=None, copy_text=None, callback_game=None, pay=None)], [InlineKeyboardButton(text='Tez yoqish', icon_custom_emoji_id=None, style=None, url=None, callback_data='rem:quick_on', web_app=None, login_url=None, switch_inline_query=None, switch_inline_query_current_chat=None, switch_inline_query_chosen_chat=None, copy_text=None, callback_game=None, pay=None)], [InlineKeyboardButton(text="Offsetni o'zgartirish", icon_custom_emoji_id=None, style=None, url=None, callback_data='rem:offset', web_app=None, login_url=None, switch_inline_query=None, switch_inline_query_current_chat=None, switch_inline_query_chosen_chat=None, copy_text=None, callback_game=None, pay=None)], [InlineKeyboardButton(text='⬅️ Orqaga', icon_custom_emoji_id=None, style=None, url=None, callback_data='menu:back', web_app=None, login_url=None, switch_inline_query=None, switch_inline_query_current_chat=None, switch_inline_query_chosen_chat=None, copy_text=None, callback_game=None, pay=None)]]), forward_date=None, forward_from=None, forward_from_chat=None, forward_from_message_id=None, forward_sender_name=None, forward_signature=None, user_shared=None), inline_message_id=None, data='rem:all_on', game_short_name=None), shipping_query=None, pre_checkout_query=None, purchased_paid_media=None, poll=None, poll_answer=None, my_chat_member=None, chat_member=None, chat_join_request=None, chat_boost=None, removed_chat_boost=None) exception=TelegramBadRequest('Telegram server says - Bad Request: message is not modified: specified new message content and reply markup are exactly the same as a current content and reply markup of the message')
Traceback (most recent call last):
  File "C:\Users\Sanjar\vscode_projects\.venv\Lib\site-packages\aiogram\dispatcher\middlewares\error.py", line 27, in __call__
    return await handler(event, data)
           ^^^^^^^^^^^^^^^^^^^^^^^^^^
  File "C:\Users\Sanjar\vscode_projects\.venv\Lib\site-packages\aiogram\dispatcher\middlewares\user_context.py", line 58, in __call__
    return await handler(event, data)
           ^^^^^^^^^^^^^^^^^^^^^^^^^^
  File "C:\Users\Sanjar\vscode_projects\.venv\Lib\site-packages\aiogram\fsm\middleware.py", line 43, in __call__
    return await handler(event, data)
           ^^^^^^^^^^^^^^^^^^^^^^^^^^
  File "C:\Users\Sanjar\vscode_projects\.venv\Lib\site-packages\aiogram\dispatcher\event\telegram.py", line 126, in trigger
    return await wrapped_inner(event, kwargs)
           ^^^^^^^^^^^^^^^^^^^^^^^^^^^^^^^^^^
  File "C:\Users\Sanjar\vscode_projects\namoz-bot\bot\middlewares\db.py", line 26, in __call__
    result = await handler(event, data)
             ^^^^^^^^^^^^^^^^^^^^^^^^^^
  File "C:\Users\Sanjar\vscode_projects\namoz-bot\bot\middlewares\i18n.py", line 71, in __call__
    return await handler(event, data)
           ^^^^^^^^^^^^^^^^^^^^^^^^^^
  File "C:\Users\Sanjar\vscode_projects\.venv\Lib\site-packages\aiogram\dispatcher\event\handler.py", line 71, in call
    return await wrapped()
           ^^^^^^^^^^^^^^^
  File "C:\Users\Sanjar\vscode_projects\.venv\Lib\site-packages\aiogram\dispatcher\dispatcher.py", line 283, in _listen_update
    return await self.propagate_event(update_type=update_type, event=event, **kwargs)
           ^^^^^^^^^^^^^^^^^^^^^^^^^^^^^^^^^^^^^^^^^^^^^^^^^^^^^^^^^^^^^^^^^^^^^^^^^^
  File "C:\Users\Sanjar\vscode_projects\.venv\Lib\site-packages\aiogram\dispatcher\router.py", line 161, in propagate_event
    return await observer.wrap_outer_middleware(_wrapped, event=event, data=kwargs)
           ^^^^^^^^^^^^^^^^^^^^^^^^^^^^^^^^^^^^^^^^^^^^^^^^^^^^^^^^^^^^^^^^^^^^^^^^
  File "C:\Users\Sanjar\vscode_projects\.venv\Lib\site-packages\aiogram\dispatcher\router.py", line 153, in _wrapped
    return await self._propagate_event(
           ^^^^^^^^^^^^^^^^^^^^^^^^^^^^
    ...<4 lines>...
    )
    ^
  File "C:\Users\Sanjar\vscode_projects\.venv\Lib\site-packages\aiogram\dispatcher\router.py", line 189, in _propagate_event
    response = await router.propagate_event(update_type=update_type, event=event, **kwargs)
               ^^^^^^^^^^^^^^^^^^^^^^^^^^^^^^^^^^^^^^^^^^^^^^^^^^^^^^^^^^^^^^^^^^^^^^^^^^^^
  File "C:\Users\Sanjar\vscode_projects\.venv\Lib\site-packages\aiogram\dispatcher\router.py", line 161, in propagate_event
    return await observer.wrap_outer_middleware(_wrapped, event=event, data=kwargs)
           ^^^^^^^^^^^^^^^^^^^^^^^^^^^^^^^^^^^^^^^^^^^^^^^^^^^^^^^^^^^^^^^^^^^^^^^^
  File "C:\Users\Sanjar\vscode_projects\.venv\Lib\site-packages\aiogram\dispatcher\router.py", line 153, in _wrapped
    return await self._propagate_event(
           ^^^^^^^^^^^^^^^^^^^^^^^^^^^^
    ...<4 lines>...
    )
    ^
  File "C:\Users\Sanjar\vscode_projects\.venv\Lib\site-packages\aiogram\dispatcher\router.py", line 181, in _propagate_event
    response = await observer.trigger(event, **kwargs)
               ^^^^^^^^^^^^^^^^^^^^^^^^^^^^^^^^^^^^^^^
  File "C:\Users\Sanjar\vscode_projects\.venv\Lib\site-packages\aiogram\dispatcher\event\telegram.py", line 126, in trigger
    return await wrapped_inner(event, kwargs)
           ^^^^^^^^^^^^^^^^^^^^^^^^^^^^^^^^^^
  File "C:\Users\Sanjar\vscode_projects\.venv\Lib\site-packages\aiogram\dispatcher\event\handler.py", line 71, in call
    return await wrapped()
           ^^^^^^^^^^^^^^^
  File "C:\Users\Sanjar\vscode_projects\namoz-bot\bot\handlers\reminders.py", line 55, in reminders_all_on
    await callback.message.edit_reply_markup(reply_markup=reminders_keyboard(i18n, lang, reminder))
  File "C:\Users\Sanjar\vscode_projects\.venv\Lib\site-packages\aiogram\methods\base.py", line 82, in emit
    return await bot(self)
           ^^^^^^^^^^^^^^^
  File "C:\Users\Sanjar\vscode_projects\.venv\Lib\site-packages\aiogram\client\bot.py", line 487, in __call__
    return await self.session(self, method, timeout=request_timeout)
           ^^^^^^^^^^^^^^^^^^^^^^^^^^^^^^^^^^^^^^^^^^^^^^^^^^^^^^^^^
  File "C:\Users\Sanjar\vscode_projects\.venv\Lib\site-packages\aiogram\client\session\base.py", line 259, in __call__
    return cast(TelegramType, await middleware(bot, method))
                              ^^^^^^^^^^^^^^^^^^^^^^^^^^^^^
  File "C:\Users\Sanjar\vscode_projects\.venv\Lib\site-packages\aiogram\client\session\aiohttp.py", line 177, in make_request
    response = self.check_response(
        bot=bot,
    ...<2 lines>...
        content=raw_result,
    )
  File "C:\Users\Sanjar\vscode_projects\.venv\Lib\site-packages\aiogram\client\session\base.py", line 121, in check_response
    raise TelegramBadRequest(method=method, message=description)
aiogram.exceptions.TelegramBadRequest: Telegram server says - Bad Request: message is not modified: specified new message content and reply markup are exactly the same as a current content and reply markup of the message
2026-02-11 18:57:07,527 | INFO | aiogram.event | Update id=717650306 is handled. Duration 230 ms by bot id=8271511197
2026-02-11 18:57:10,898 | ERROR | bot.middlewares.db | DB session rolled back due to error
Traceback (most recent call last):
  File "C:\Users\Sanjar\vscode_projects\namoz-bot\bot\middlewares\db.py", line 26, in __call__
    result = await handler(event, data)
             ^^^^^^^^^^^^^^^^^^^^^^^^^^
  File "C:\Users\Sanjar\vscode_projects\namoz-bot\bot\middlewares\i18n.py", line 71, in __call__
    return await handler(event, data)
           ^^^^^^^^^^^^^^^^^^^^^^^^^^
  File "C:\Users\Sanjar\vscode_projects\.venv\Lib\site-packages\aiogram\dispatcher\event\handler.py", line 71, in call
    return await wrapped()
           ^^^^^^^^^^^^^^^
  File "C:\Users\Sanjar\vscode_projects\.venv\Lib\site-packages\aiogram\dispatcher\dispatcher.py", line 283, in _listen_update
    return await self.propagate_event(update_type=update_type, event=event, **kwargs)
           ^^^^^^^^^^^^^^^^^^^^^^^^^^^^^^^^^^^^^^^^^^^^^^^^^^^^^^^^^^^^^^^^^^^^^^^^^^
  File "C:\Users\Sanjar\vscode_projects\.venv\Lib\site-packages\aiogram\dispatcher\router.py", line 161, in propagate_event
    return await observer.wrap_outer_middleware(_wrapped, event=event, data=kwargs)
           ^^^^^^^^^^^^^^^^^^^^^^^^^^^^^^^^^^^^^^^^^^^^^^^^^^^^^^^^^^^^^^^^^^^^^^^^
  File "C:\Users\Sanjar\vscode_projects\.venv\Lib\site-packages\aiogram\dispatcher\router.py", line 153, in _wrapped
    return await self._propagate_event(
           ^^^^^^^^^^^^^^^^^^^^^^^^^^^^
    ...<4 lines>...
    )
    ^
  File "C:\Users\Sanjar\vscode_projects\.venv\Lib\site-packages\aiogram\dispatcher\router.py", line 189, in _propagate_event
    response = await router.propagate_event(update_type=update_type, event=event, **kwargs)
               ^^^^^^^^^^^^^^^^^^^^^^^^^^^^^^^^^^^^^^^^^^^^^^^^^^^^^^^^^^^^^^^^^^^^^^^^^^^^
  File "C:\Users\Sanjar\vscode_projects\.venv\Lib\site-packages\aiogram\dispatcher\router.py", line 161, in propagate_event
    return await observer.wrap_outer_middleware(_wrapped, event=event, data=kwargs)
           ^^^^^^^^^^^^^^^^^^^^^^^^^^^^^^^^^^^^^^^^^^^^^^^^^^^^^^^^^^^^^^^^^^^^^^^^
  File "C:\Users\Sanjar\vscode_projects\.venv\Lib\site-packages\aiogram\dispatcher\router.py", line 153, in _wrapped
    return await self._propagate_event(
           ^^^^^^^^^^^^^^^^^^^^^^^^^^^^
    ...<4 lines>...
    )
    ^
  File "C:\Users\Sanjar\vscode_projects\.venv\Lib\site-packages\aiogram\dispatcher\router.py", line 181, in _propagate_event
    response = await observer.trigger(event, **kwargs)
               ^^^^^^^^^^^^^^^^^^^^^^^^^^^^^^^^^^^^^^^
  File "C:\Users\Sanjar\vscode_projects\.venv\Lib\site-packages\aiogram\dispatcher\event\telegram.py", line 126, in trigger
    return await wrapped_inner(event, kwargs)
           ^^^^^^^^^^^^^^^^^^^^^^^^^^^^^^^^^^
  File "C:\Users\Sanjar\vscode_projects\.venv\Lib\site-packages\aiogram\dispatcher\event\handler.py", line 71, in call
    return await wrapped()
           ^^^^^^^^^^^^^^^
  File "C:\Users\Sanjar\vscode_projects\namoz-bot\bot\handlers\reminders.py", line 55, in reminders_all_on
    await callback.message.edit_reply_markup(reply_markup=reminders_keyboard(i18n, lang, reminder))
  File "C:\Users\Sanjar\vscode_projects\.venv\Lib\site-packages\aiogram\methods\base.py", line 82, in emit
    return await bot(self)
           ^^^^^^^^^^^^^^^
  File "C:\Users\Sanjar\vscode_projects\.venv\Lib\site-packages\aiogram\client\bot.py", line 487, in __call__
    return await self.session(self, method, timeout=request_timeout)
           ^^^^^^^^^^^^^^^^^^^^^^^^^^^^^^^^^^^^^^^^^^^^^^^^^^^^^^^^^
  File "C:\Users\Sanjar\vscode_projects\.venv\Lib\site-packages\aiogram\client\session\base.py", line 259, in __call__
    return cast(TelegramType, await middleware(bot, method))
                              ^^^^^^^^^^^^^^^^^^^^^^^^^^^^^
  File "C:\Users\Sanjar\vscode_projects\.venv\Lib\site-packages\aiogram\client\session\aiohttp.py", line 177, in make_request
    response = self.check_response(
        bot=bot,
    ...<2 lines>...
        content=raw_result,
    )
  File "C:\Users\Sanjar\vscode_projects\.venv\Lib\site-packages\aiogram\client\session\base.py", line 121, in check_response
    raise TelegramBadRequest(method=method, message=description)
aiogram.exceptions.TelegramBadRequest: Telegram server says - Bad Request: message is not modified: specified new message content and reply markup are exactly the same as a current content and reply markup of the message
2026-02-11 18:57:10,907 | ERROR | bot.handlers.errors | Unhandled exception: update=Update(update_id=717650307, message=None, edited_message=None, channel_post=None, edited_channel_post=None, business_connection=None, business_message=None, edited_business_message=None, deleted_business_messages=None, message_reaction=None, message_reaction_count=None, inline_query=None, chosen_inline_result=None, callback_query=CallbackQuery(id='8180629270885298013', from_user=User(id=8347152122, is_bot=False, first_name='سنجر', last_name=None, username='raxmv77', language_code='en', is_premium=None, added_to_attachment_menu=None, can_join_groups=None, can_read_all_group_messages=None, supports_inline_queries=None, can_connect_to_business=None, has_main_web_app=None, has_topics_enabled=None, allows_users_to_create_topics=None), chat_instance='-3702739898278178400', message=Message(message_id=111, date=datetime.datetime(2026, 2, 11, 13, 56, 43, tzinfo=TzInfo(0)), chat=Chat(id=8347152122, type='private', title=None, username='raxmv77', first_name='سنجر', last_name=None, is_forum=None, is_direct_messages=None, accent_color_id=None, active_usernames=None, available_reactions=None, background_custom_emoji_id=None, bio=None, birthdate=None, business_intro=None, business_location=None, business_opening_hours=None, can_set_sticker_set=None, custom_emoji_sticker_set_name=None, description=None, emoji_status_custom_emoji_id=None, emoji_status_expiration_date=None, has_aggressive_anti_spam_enabled=None, has_hidden_members=None, has_private_forwards=None, has_protected_content=None, has_restricted_voice_and_video_messages=None, has_visible_history=None, invite_link=None, join_by_request=None, join_to_send_messages=None, linked_chat_id=None, location=None, message_auto_delete_time=None, permissions=None, personal_chat=None, photo=None, pinned_message=None, profile_accent_color_id=None, profile_background_custom_emoji_id=None, slow_mode_delay=None, sticker_set_name=None, unrestrict_boost_count=None), message_thread_id=None, direct_messages_topic=None, from_user=User(id=8271511197, is_bot=True, first_name='Namoz Time & Islamic Assistant Bot', last_name=None, username='NamozPlusBot', language_code=None, is_premium=None, added_to_attachment_menu=None, can_join_groups=None, can_read_all_group_messages=None, supports_inline_queries=None, can_connect_to_business=None, has_main_web_app=None, has_topics_enabled=None, allows_users_to_create_topics=None), sender_chat=None, sender_boost_count=None, sender_business_bot=None, business_connection_id=None, forward_origin=None, is_topic_message=None, is_automatic_forward=None, reply_to_message=None, external_reply=None, quote=None, reply_to_story=None, reply_to_checklist_task_id=None, via_bot=None, edit_date=1770818222, has_protected_content=None, is_from_offline=None, is_paid_post=None, media_group_id=None, author_signature=None, paid_star_count=None, text='Eslatmalar sozlamalari:', entities=None, link_preview_options=None, suggested_post_info=None, effect_id=None, animation=None, audio=None, document=None, paid_media=None, photo=None, sticker=None, story=None, video=None, video_note=None, voice=None, caption=None, caption_entities=None, show_caption_above_media=None, has_media_spoiler=None, checklist=None, contact=None, dice=None, game=None, poll=None, venue=None, location=None, new_chat_members=None, left_chat_member=None, chat_owner_left=None, chat_owner_changed=None, new_chat_title=None, new_chat_photo=None, delete_chat_photo=None, group_chat_created=None, supergroup_chat_created=None, channel_chat_created=None, message_auto_delete_timer_changed=None, migrate_to_chat_id=None, migrate_from_chat_id=None, pinned_message=None, invoice=None, successful_payment=None, refunded_payment=None, users_shared=None, chat_shared=None, gift=None, unique_gift=None, gift_upgrade_sent=None, connected_website=None, write_access_allowed=None, passport_data=None, proximity_alert_triggered=None, boost_added=None, chat_background_set=None, checklist_tasks_done=None, checklist_tasks_added=None, direct_message_price_changed=None, forum_topic_created=None, forum_topic_edited=None, forum_topic_closed=None, forum_topic_reopened=None, general_forum_topic_hidden=None, general_forum_topic_unhidden=None, giveaway_created=None, giveaway=None, giveaway_winners=None, giveaway_completed=None, paid_message_price_changed=None, suggested_post_approved=None, suggested_post_approval_failed=None, suggested_post_declined=None, suggested_post_paid=None, suggested_post_refunded=None, video_chat_scheduled=None, video_chat_started=None, video_chat_ended=None, video_chat_participants_invited=None, web_app_data=None, reply_markup=InlineKeyboardMarkup(inline_keyboard=[[InlineKeyboardButton(text='✅ Bomdod', icon_custom_emoji_id=None, style=None, url=None, callback_data='rem:toggle:fajr', web_app=None, login_url=None, switch_inline_query=None, switch_inline_query_current_chat=None, switch_inline_query_chosen_chat=None, copy_text=None, callback_game=None, pay=None), InlineKeyboardButton(text='✅ Peshin', icon_custom_emoji_id=None, style=None, url=None, callback_data='rem:toggle:dhuhr', web_app=None, login_url=None, switch_inline_query=None, switch_inline_query_current_chat=None, switch_inline_query_chosen_chat=None, copy_text=None, callback_game=None, pay=None)], [InlineKeyboardButton(text='✅ Asr', icon_custom_emoji_id=None, style=None, url=None, callback_data='rem:toggle:asr', web_app=None, login_url=None, switch_inline_query=None, switch_inline_query_current_chat=None, switch_inline_query_chosen_chat=None, copy_text=None, callback_game=None, pay=None), InlineKeyboardButton(text='✅ Shom', icon_custom_emoji_id=None, style=None, url=None, callback_data='rem:toggle:maghrib', web_app=None, login_url=None, switch_inline_query=None, switch_inline_query_current_chat=None, switch_inline_query_chosen_chat=None, copy_text=None, callback_game=None, pay=None)], [InlineKeyboardButton(text='✅ Xufton', icon_custom_emoji_id=None, style=None, url=None, callback_data='rem:toggle:isha', web_app=None, login_url=None, switch_inline_query=None, switch_inline_query_current_chat=None, switch_inline_query_chosen_chat=None, copy_text=None, callback_game=None, pay=None)], [InlineKeyboardButton(text='Hammasini yoqish', icon_custom_emoji_id=None, style=None, url=None, callback_data='rem:all_on', web_app=None, login_url=None, switch_inline_query=None, switch_inline_query_current_chat=None, switch_inline_query_chosen_chat=None, copy_text=None, callback_game=None, pay=None), InlineKeyboardButton(text="Hammasini o'chirish", icon_custom_emoji_id=None, style=None, url=None, callback_data='rem:all_off', web_app=None, login_url=None, switch_inline_query=None, switch_inline_query_current_chat=None, switch_inline_query_chosen_chat=None, copy_text=None, callback_game=None, pay=None)], [InlineKeyboardButton(text='Tez yoqish', icon_custom_emoji_id=None, style=None, url=None, callback_data='rem:quick_on', web_app=None, login_url=None, switch_inline_query=None, switch_inline_query_current_chat=None, switch_inline_query_chosen_chat=None, copy_text=None, callback_game=None, pay=None)], [InlineKeyboardButton(text="Offsetni o'zgartirish", icon_custom_emoji_id=None, style=None, url=None, callback_data='rem:offset', web_app=None, login_url=None, switch_inline_query=None, switch_inline_query_current_chat=None, switch_inline_query_chosen_chat=None, copy_text=None, callback_game=None, pay=None)], [InlineKeyboardButton(text='⬅️ Orqaga', icon_custom_emoji_id=None, style=None, url=None, callback_data='menu:back', web_app=None, login_url=None, switch_inline_query=None, switch_inline_query_current_chat=None, switch_inline_query_chosen_chat=None, copy_text=None, callback_game=None, pay=None)]]), forward_date=None, forward_from=None, forward_from_chat=None, forward_from_message_id=None, forward_sender_name=None, forward_signature=None, user_shared=None), inline_message_id=None, data='rem:all_on', game_short_name=None), shipping_query=None, pre_checkout_query=None, purchased_paid_media=None, poll=None, poll_answer=None, my_chat_member=None, chat_member=None, chat_join_request=None, chat_boost=None, removed_chat_boost=None) exception=TelegramBadRequest('Telegram server says - Bad Request: message is not modified: specified new message content and reply markup are exactly the same as a current content and reply markup of the message')
Traceback (most recent call last):
  File "C:\Users\Sanjar\vscode_projects\.venv\Lib\site-packages\aiogram\dispatcher\middlewares\error.py", line 27, in __call__
    return await handler(event, data)
           ^^^^^^^^^^^^^^^^^^^^^^^^^^
  File "C:\Users\Sanjar\vscode_projects\.venv\Lib\site-packages\aiogram\dispatcher\middlewares\user_context.py", line 58, in __call__
    return await handler(event, data)
           ^^^^^^^^^^^^^^^^^^^^^^^^^^
  File "C:\Users\Sanjar\vscode_projects\.venv\Lib\site-packages\aiogram\fsm\middleware.py", line 43, in __call__
    return await handler(event, data)
           ^^^^^^^^^^^^^^^^^^^^^^^^^^
  File "C:\Users\Sanjar\vscode_projects\.venv\Lib\site-packages\aiogram\dispatcher\event\telegram.py", line 126, in trigger
    return await wrapped_inner(event, kwargs)
           ^^^^^^^^^^^^^^^^^^^^^^^^^^^^^^^^^^
  File "C:\Users\Sanjar\vscode_projects\namoz-bot\bot\middlewares\db.py", line 26, in __call__
    result = await handler(event, data)
             ^^^^^^^^^^^^^^^^^^^^^^^^^^
  File "C:\Users\Sanjar\vscode_projects\namoz-bot\bot\middlewares\i18n.py", line 71, in __call__
    return await handler(event, data)
           ^^^^^^^^^^^^^^^^^^^^^^^^^^
  File "C:\Users\Sanjar\vscode_projects\.venv\Lib\site-packages\aiogram\dispatcher\event\handler.py", line 71, in call
    return await wrapped()
           ^^^^^^^^^^^^^^^
  File "C:\Users\Sanjar\vscode_projects\.venv\Lib\site-packages\aiogram\dispatcher\dispatcher.py", line 283, in _listen_update
    return await self.propagate_event(update_type=update_type, event=event, **kwargs)
           ^^^^^^^^^^^^^^^^^^^^^^^^^^^^^^^^^^^^^^^^^^^^^^^^^^^^^^^^^^^^^^^^^^^^^^^^^^
  File "C:\Users\Sanjar\vscode_projects\.venv\Lib\site-packages\aiogram\dispatcher\router.py", line 161, in propagate_event
    return await observer.wrap_outer_middleware(_wrapped, event=event, data=kwargs)
           ^^^^^^^^^^^^^^^^^^^^^^^^^^^^^^^^^^^^^^^^^^^^^^^^^^^^^^^^^^^^^^^^^^^^^^^^
  File "C:\Users\Sanjar\vscode_projects\.venv\Lib\site-packages\aiogram\dispatcher\router.py", line 153, in _wrapped
    return await self._propagate_event(
           ^^^^^^^^^^^^^^^^^^^^^^^^^^^^
    ...<4 lines>...
    )
    ^
  File "C:\Users\Sanjar\vscode_projects\.venv\Lib\site-packages\aiogram\dispatcher\router.py", line 189, in _propagate_event
    response = await router.propagate_event(update_type=update_type, event=event, **kwargs)
               ^^^^^^^^^^^^^^^^^^^^^^^^^^^^^^^^^^^^^^^^^^^^^^^^^^^^^^^^^^^^^^^^^^^^^^^^^^^^
  File "C:\Users\Sanjar\vscode_projects\.venv\Lib\site-packages\aiogram\dispatcher\router.py", line 161, in propagate_event
    return await observer.wrap_outer_middleware(_wrapped, event=event, data=kwargs)
           ^^^^^^^^^^^^^^^^^^^^^^^^^^^^^^^^^^^^^^^^^^^^^^^^^^^^^^^^^^^^^^^^^^^^^^^^
  File "C:\Users\Sanjar\vscode_projects\.venv\Lib\site-packages\aiogram\dispatcher\router.py", line 153, in _wrapped
    return await self._propagate_event(
           ^^^^^^^^^^^^^^^^^^^^^^^^^^^^
    ...<4 lines>...
    )
    ^
  File "C:\Users\Sanjar\vscode_projects\.venv\Lib\site-packages\aiogram\dispatcher\router.py", line 181, in _propagate_event
    response = await observer.trigger(event, **kwargs)
               ^^^^^^^^^^^^^^^^^^^^^^^^^^^^^^^^^^^^^^^
  File "C:\Users\Sanjar\vscode_projects\.venv\Lib\site-packages\aiogram\dispatcher\event\telegram.py", line 126, in trigger
    return await wrapped_inner(event, kwargs)
           ^^^^^^^^^^^^^^^^^^^^^^^^^^^^^^^^^^
  File "C:\Users\Sanjar\vscode_projects\.venv\Lib\site-packages\aiogram\dispatcher\event\handler.py", line 71, in call
    return await wrapped()
           ^^^^^^^^^^^^^^^
  File "C:\Users\Sanjar\vscode_projects\namoz-bot\bot\handlers\reminders.py", line 55, in reminders_all_on
    await callback.message.edit_reply_markup(reply_markup=reminders_keyboard(i18n, lang, reminder))
  File "C:\Users\Sanjar\vscode_projects\.venv\Lib\site-packages\aiogram\methods\base.py", line 82, in emit
    return await bot(self)
           ^^^^^^^^^^^^^^^
  File "C:\Users\Sanjar\vscode_projects\.venv\Lib\site-packages\aiogram\client\bot.py", line 487, in __call__
    return await self.session(self, method, timeout=request_timeout)
           ^^^^^^^^^^^^^^^^^^^^^^^^^^^^^^^^^^^^^^^^^^^^^^^^^^^^^^^^^
  File "C:\Users\Sanjar\vscode_projects\.venv\Lib\site-packages\aiogram\client\session\base.py", line 259, in __call__
    return cast(TelegramType, await middleware(bot, method))
                              ^^^^^^^^^^^^^^^^^^^^^^^^^^^^^
  File "C:\Users\Sanjar\vscode_projects\.venv\Lib\site-packages\aiogram\client\session\aiohttp.py", line 177, in make_request
    response = self.check_response(
        bot=bot,
    ...<2 lines>...
        content=raw_result,
    )
  File "C:\Users\Sanjar\vscode_projects\.venv\Lib\site-packages\aiogram\client\session\base.py", line 121, in check_response
    raise TelegramBadRequest(method=method, message=description)
aiogram.exceptions.TelegramBadRequest: Telegram server says - Bad Request: message is not modified: specified new message content and reply markup are exactly the same as a current content and reply markup of the message
2026-02-11 18:57:10,928 | INFO | aiogram.event | Update id=717650307 is handled. Duration 248 ms by bot id=8271511197
2026-02-11 18:57:11,817 | INFO | apscheduler.scheduler | Removed job 8347152122:Isha:2026-02-11
2026-02-11 18:57:11,818 | INFO | apscheduler.scheduler | Removed job 8347152122:Fajr:2026-02-12
2026-02-11 18:57:11,819 | INFO | apscheduler.scheduler | Removed job 8347152122:Dhuhr:2026-02-12
2026-02-11 18:57:11,820 | INFO | apscheduler.scheduler | Removed job 8347152122:Asr:2026-02-12
2026-02-11 18:57:11,820 | INFO | apscheduler.scheduler | Removed job 8347152122:Maghrib:2026-02-12
2026-02-11 18:57:11,821 | INFO | apscheduler.scheduler | Removed job 8347152122:Isha:2026-02-12
2026-02-11 18:57:11,950 | INFO | aiogram.event | Update id=717650308 is handled. Duration 280 ms by bot id=8271511197
2026-02-11 18:57:13,189 | INFO | aiogram.event | Update id=717650309 is handled. Duration 298 ms by bot id=8271511197
2026-02-11 18:57:13,839 | INFO | apscheduler.scheduler | Added job "SchedulerService._send_reminder" to job store "default"
2026-02-11 18:57:13,840 | INFO | apscheduler.scheduler | Added job "SchedulerService._send_reminder" to job store "default"
2026-02-11 18:57:13,840 | INFO | apscheduler.scheduler | Added job "SchedulerService._send_reminder" to job store "default"
2026-02-11 18:57:13,841 | INFO | apscheduler.scheduler | Added job "SchedulerService._send_reminder" to job store "default"
2026-02-11 18:57:13,841 | INFO | apscheduler.scheduler | Added job "SchedulerService._send_reminder" to job store "default"
2026-02-11 18:57:13,842 | INFO | apscheduler.scheduler | Added job "SchedulerService._send_reminder" to job store "default"
2026-02-11 18:57:14,109 | INFO | aiogram.event | Update id=717650310 is handled. Duration 277 ms by bot id=8271511197
2026-02-11 18:57:15,347 | INFO | aiogram.event | Update id=717650311 is handled. Duration 261 ms by bot id=8271511197
2026-02-11 18:57:23,549 | INFO | aiogram.event | Update id=717650312 is handled. Duration 266 ms by bot id=8271511197
2026-02-11 18:57:25,050 | INFO | aiogram.event | Update id=717650313 is handled. Duration 280 ms by bot id=8271511197
2026-02-11 18:57:28,806 | INFO | aiogram.event | Update id=717650314 is handled. Duration 252 ms by bot id=8271511197
2026-02-11 18:57:31,761 | INFO | aiogram.event | Update id=717650315 is handled. Duration 269 ms by bot id=8271511197
2026-02-11 18:57:34,929 | INFO | aiogram.event | Update id=717650316 is handled. Duration 325 ms by bot id=8271511197
2026-02-11 18:58:37,767 | INFO | aiogram.dispatcher | Polling stopped
2026-02-11 18:58:37,770 | ERROR | aiogram.dispatcher | Failed to fetch updates - TelegramNetworkError: HTTP Client says - ServerDisconnectedError: Server disconnected
2026-02-11 18:58:37,771 | WARNING | aiogram.dispatcher | Sleep for 1.000000 seconds and try again... (tryings = 0, bot id = 8271511197)
2026-02-11 18:58:38,026 | INFO | aiogram.dispatcher | Polling stopped for bot @NamozPlusBot id=8271511197 - 'Namoz Time & Islamic Assistant Bot'
2026-02-11 18:58:43,217 | INFO | apscheduler.scheduler | Adding job tentatively -- it will be properly scheduled when the scheduler starts
2026-02-11 18:58:43,218 | INFO | apscheduler.scheduler | Added job "SchedulerService.refresh_all" to job store "default"
2026-02-11 18:58:43,218 | INFO | apscheduler.scheduler | Scheduler started
2026-02-11 18:58:44,186 | INFO | apscheduler.scheduler | Added job "SchedulerService._send_reminder" to job store "default"
2026-02-11 18:58:45,034 | INFO | apscheduler.scheduler | Added job "SchedulerService._send_reminder" to job store "default"
2026-02-11 18:58:45,035 | INFO | apscheduler.scheduler | Added job "SchedulerService._send_reminder" to job store "default"
2026-02-11 18:58:45,035 | INFO | apscheduler.scheduler | Added job "SchedulerService._send_reminder" to job store "default"
2026-02-11 18:58:45,036 | INFO | apscheduler.scheduler | Added job "SchedulerService._send_reminder" to job store "default"
2026-02-11 18:58:45,036 | INFO | apscheduler.scheduler | Added job "SchedulerService._send_reminder" to job store "default"
2026-02-11 18:58:45,037 | INFO | aiogram.dispatcher | Start polling
2026-02-11 18:58:45,154 | INFO | aiogram.dispatcher | Run polling for bot @NamozPlusBot id=8271511197 - 'Namoz Time & Islamic Assistant Bot'
2026-02-11 18:58:47,349 | INFO | aiogram.event | Update id=717650317 is handled. Duration 387 ms by bot id=8271511197
2026-02-11 18:58:48,876 | INFO | aiogram.event | Update id=717650318 is handled. Duration 474 ms by bot id=8271511197
2026-02-11 18:58:54,743 | INFO | aiogram.event | Update id=717650319 is handled. Duration 456 ms by bot id=8271511197
2026-02-11 18:58:58,124 | INFO | aiogram.event | Update id=717650320 is handled. Duration 149 ms by bot id=8271511197
2026-02-11 18:59:01,398 | INFO | aiogram.event | Update id=717650321 is handled. Duration 165 ms by bot id=8271511197
2026-02-11 18:59:06,196 | INFO | aiogram.event | Update id=717650322 is handled. Duration 975 ms by bot id=8271511197
2026-02-11 18:59:09,822 | INFO | aiogram.event | Update id=717650323 is handled. Duration 155 ms by bot id=8271511197
2026-02-11 18:59:13,606 | INFO | aiogram.event | Update id=717650324 is handled. Duration 1701 ms by bot id=8271511197
2026-02-11 18:59:17,501 | INFO | aiogram.event | Update id=717650325 is handled. Duration 148 ms by bot id=8271511197
2026-02-11 18:59:20,201 | INFO | aiogram.event | Update id=717650326 is handled. Duration 268 ms by bot id=8271511197
2026-02-11 18:59:26,445 | INFO | aiogram.event | Update id=717650327 is handled. Duration 283 ms by bot id=8271511197
2026-02-11 18:59:34,561 | INFO | aiogram.event | Update id=717650328 is handled. Duration 6922 ms by bot id=8271511197
2026-02-11 18:59:50,286 | INFO | aiogram.event | Update id=717650329 is handled. Duration 153 ms by bot id=8271511197
2026-02-11 18:59:51,704 | INFO | aiogram.event | Update id=717650330 is handled. Duration 416 ms by bot id=8271511197
2026-02-11 18:59:53,330 | INFO | aiogram.event | Update id=717650331 is handled. Duration 616 ms by bot id=8271511197
2026-02-11 18:59:54,658 | INFO | aiogram.event | Update id=717650332 is handled. Duration 275 ms by bot id=8271511197
2026-02-11 18:59:59,542 | INFO | aiogram.event | Update id=717650333 is handled. Duration 279 ms by bot id=8271511197
2026-02-11 19:01:04,700 | INFO | aiogram.event | Update id=717650334 is handled. Duration 153 ms by bot id=8271511197
2026-02-11 19:01:07,101 | INFO | aiogram.event | Update id=717650335 is handled. Duration 161 ms by bot id=8271511197
2026-02-11 19:01:09,880 | INFO | aiogram.event | Update id=717650336 is handled. Duration 435 ms by bot id=8271511197
2026-02-11 19:01:13,253 | INFO | aiogram.event | Update id=717650337 is handled. Duration 495 ms by bot id=8271511197
2026-02-11 19:01:15,224 | ERROR | bot.middlewares.db | DB session rolled back due to error
Traceback (most recent call last):
  File "C:\Users\Sanjar\vscode_projects\namoz-bot\bot\middlewares\db.py", line 26, in __call__
    result = await handler(event, data)
             ^^^^^^^^^^^^^^^^^^^^^^^^^^
  File "C:\Users\Sanjar\vscode_projects\namoz-bot\bot\middlewares\i18n.py", line 71, in __call__
    return await handler(event, data)
           ^^^^^^^^^^^^^^^^^^^^^^^^^^
  File "C:\Users\Sanjar\vscode_projects\.venv\Lib\site-packages\aiogram\dispatcher\event\handler.py", line 71, in call
    return await wrapped()
           ^^^^^^^^^^^^^^^
  File "C:\Users\Sanjar\vscode_projects\.venv\Lib\site-packages\aiogram\dispatcher\dispatcher.py", line 283, in _listen_update
    return await self.propagate_event(update_type=update_type, event=event, **kwargs)
           ^^^^^^^^^^^^^^^^^^^^^^^^^^^^^^^^^^^^^^^^^^^^^^^^^^^^^^^^^^^^^^^^^^^^^^^^^^
  File "C:\Users\Sanjar\vscode_projects\.venv\Lib\site-packages\aiogram\dispatcher\router.py", line 161, in propagate_event
    return await observer.wrap_outer_middleware(_wrapped, event=event, data=kwargs)
           ^^^^^^^^^^^^^^^^^^^^^^^^^^^^^^^^^^^^^^^^^^^^^^^^^^^^^^^^^^^^^^^^^^^^^^^^
  File "C:\Users\Sanjar\vscode_projects\.venv\Lib\site-packages\aiogram\dispatcher\router.py", line 153, in _wrapped
    return await self._propagate_event(
           ^^^^^^^^^^^^^^^^^^^^^^^^^^^^
    ...<4 lines>...
    )
    ^
  File "C:\Users\Sanjar\vscode_projects\.venv\Lib\site-packages\aiogram\dispatcher\router.py", line 189, in _propagate_event
    response = await router.propagate_event(update_type=update_type, event=event, **kwargs)
               ^^^^^^^^^^^^^^^^^^^^^^^^^^^^^^^^^^^^^^^^^^^^^^^^^^^^^^^^^^^^^^^^^^^^^^^^^^^^
  File "C:\Users\Sanjar\vscode_projects\.venv\Lib\site-packages\aiogram\dispatcher\router.py", line 161, in propagate_event
    return await observer.wrap_outer_middleware(_wrapped, event=event, data=kwargs)
           ^^^^^^^^^^^^^^^^^^^^^^^^^^^^^^^^^^^^^^^^^^^^^^^^^^^^^^^^^^^^^^^^^^^^^^^^
  File "C:\Users\Sanjar\vscode_projects\.venv\Lib\site-packages\aiogram\dispatcher\router.py", line 153, in _wrapped
    return await self._propagate_event(
           ^^^^^^^^^^^^^^^^^^^^^^^^^^^^
    ...<4 lines>...
    )
    ^
  File "C:\Users\Sanjar\vscode_projects\.venv\Lib\site-packages\aiogram\dispatcher\router.py", line 181, in _propagate_event
    response = await observer.trigger(event, **kwargs)
               ^^^^^^^^^^^^^^^^^^^^^^^^^^^^^^^^^^^^^^^
  File "C:\Users\Sanjar\vscode_projects\.venv\Lib\site-packages\aiogram\dispatcher\event\telegram.py", line 126, in trigger
    return await wrapped_inner(event, kwargs)
           ^^^^^^^^^^^^^^^^^^^^^^^^^^^^^^^^^^
  File "C:\Users\Sanjar\vscode_projects\.venv\Lib\site-packages\aiogram\dispatcher\event\handler.py", line 71, in call
    return await wrapped()
           ^^^^^^^^^^^^^^^
  File "C:\Users\Sanjar\vscode_projects\namoz-bot\bot\handlers\tasbeh.py", line 47, in tasbeh_reset
    await callback.message.edit_text(
    ...<2 lines>...
    )
  File "C:\Users\Sanjar\vscode_projects\.venv\Lib\site-packages\aiogram\methods\base.py", line 82, in emit
    return await bot(self)
           ^^^^^^^^^^^^^^^
  File "C:\Users\Sanjar\vscode_projects\.venv\Lib\site-packages\aiogram\client\bot.py", line 487, in __call__
    return await self.session(self, method, timeout=request_timeout)
           ^^^^^^^^^^^^^^^^^^^^^^^^^^^^^^^^^^^^^^^^^^^^^^^^^^^^^^^^^
  File "C:\Users\Sanjar\vscode_projects\.venv\Lib\site-packages\aiogram\client\session\base.py", line 259, in __call__
    return cast(TelegramType, await middleware(bot, method))
                              ^^^^^^^^^^^^^^^^^^^^^^^^^^^^^
  File "C:\Users\Sanjar\vscode_projects\.venv\Lib\site-packages\aiogram\client\session\aiohttp.py", line 177, in make_request
    response = self.check_response(
        bot=bot,
    ...<2 lines>...
        content=raw_result,
    )
  File "C:\Users\Sanjar\vscode_projects\.venv\Lib\site-packages\aiogram\client\session\base.py", line 121, in check_response
    raise TelegramBadRequest(method=method, message=description)
aiogram.exceptions.TelegramBadRequest: Telegram server says - Bad Request: message is not modified: specified new message content and reply markup are exactly the same as a current content and reply markup of the message
2026-02-11 19:01:15,272 | ERROR | bot.handlers.errors | Unhandled exception: update=Update(update_id=717650338, message=None, edited_message=None, channel_post=None, edited_channel_post=None, business_connection=None, business_message=None, edited_business_message=None, deleted_business_messages=None, message_reaction=None, message_reaction_count=None, inline_query=None, chosen_inline_result=None, callback_query=CallbackQuery(id='8180629271101589789', from_user=User(id=8347152122, is_bot=False, first_name='سنجر', last_name=None, username='raxmv77', language_code='en', is_premium=None, added_to_attachment_menu=None, can_join_groups=None, can_read_all_group_messages=None, supports_inline_queries=None, can_connect_to_business=None, has_main_web_app=None, has_topics_enabled=None, allows_users_to_create_topics=None), chat_instance='-3702739898278178400', message=Message(message_id=149, date=datetime.datetime(2026, 2, 11, 14, 1, 10, tzinfo=TzInfo(0)), chat=Chat(id=8347152122, type='private', title=None, username='raxmv77', first_name='سنجر', last_name=None, is_forum=None, is_direct_messages=None, accent_color_id=None, active_usernames=None, available_reactions=None, background_custom_emoji_id=None, bio=None, birthdate=None, business_intro=None, business_location=None, business_opening_hours=None, can_set_sticker_set=None, custom_emoji_sticker_set_name=None, description=None, emoji_status_custom_emoji_id=None, emoji_status_expiration_date=None, has_aggressive_anti_spam_enabled=None, has_hidden_members=None, has_private_forwards=None, has_protected_content=None, has_restricted_voice_and_video_messages=None, has_visible_history=None, invite_link=None, join_by_request=None, join_to_send_messages=None, linked_chat_id=None, location=None, message_auto_delete_time=None, permissions=None, personal_chat=None, photo=None, pinned_message=None, profile_accent_color_id=None, profile_background_custom_emoji_id=None, slow_mode_delay=None, sticker_set_name=None, unrestrict_boost_count=None), message_thread_id=None, direct_messages_topic=None, from_user=User(id=8271511197, is_bot=True, first_name='Namoz Time & Islamic Assistant Bot', last_name=None, username='NamozPlusBot', language_code=None, is_premium=None, added_to_attachment_menu=None, can_join_groups=None, can_read_all_group_messages=None, supports_inline_queries=None, can_connect_to_business=None, has_main_web_app=None, has_topics_enabled=None, allows_users_to_create_topics=None), sender_chat=None, sender_boost_count=None, sender_business_bot=None, business_connection_id=None, forward_origin=None, is_topic_message=None, is_automatic_forward=None, reply_to_message=None, external_reply=None, quote=None, reply_to_story=None, reply_to_checklist_task_id=None, via_bot=None, edit_date=1770818473, has_protected_content=None, is_from_offline=None, is_paid_post=None, media_group_id=None, author_signature=None, paid_star_count=None, text='Счетчик: 0\nЦель: 99', entities=None, link_preview_options=None, suggested_post_info=None, effect_id=None, animation=None, audio=None, document=None, paid_media=None, photo=None, sticker=None, story=None, video=None, video_note=None, voice=None, caption=None, caption_entities=None, show_caption_above_media=None, has_media_spoiler=None, checklist=None, contact=None, dice=None, game=None, poll=None, venue=None, location=None, new_chat_members=None, left_chat_member=None, chat_owner_left=None, chat_owner_changed=None, new_chat_title=None, new_chat_photo=None, delete_chat_photo=None, group_chat_created=None, supergroup_chat_created=None, channel_chat_created=None, message_auto_delete_timer_changed=None, migrate_to_chat_id=None, migrate_from_chat_id=None, pinned_message=None, invoice=None, successful_payment=None, refunded_payment=None, users_shared=None, chat_shared=None, gift=None, unique_gift=None, gift_upgrade_sent=None, connected_website=None, write_access_allowed=None, passport_data=None, proximity_alert_triggered=None, boost_added=None, chat_background_set=None, checklist_tasks_done=None, checklist_tasks_added=None, direct_message_price_changed=None, forum_topic_created=None, forum_topic_edited=None, forum_topic_closed=None, forum_topic_reopened=None, general_forum_topic_hidden=None, general_forum_topic_unhidden=None, giveaway_created=None, giveaway=None, giveaway_winners=None, giveaway_completed=None, paid_message_price_changed=None, suggested_post_approved=None, suggested_post_approval_failed=None, suggested_post_declined=None, suggested_post_paid=None, suggested_post_refunded=None, video_chat_scheduled=None, video_chat_started=None, video_chat_ended=None, video_chat_participants_invited=None, web_app_data=None, reply_markup=InlineKeyboardMarkup(inline_keyboard=[[InlineKeyboardButton(text='+1', icon_custom_emoji_id=None, style=None, url=None, callback_data='tasbeh:inc:1', web_app=None, login_url=None, switch_inline_query=None, switch_inline_query_current_chat=None, switch_inline_query_chosen_chat=None, copy_text=None, callback_game=None, pay=None), InlineKeyboardButton(text='+10', icon_custom_emoji_id=None, style=None, url=None, callback_data='tasbeh:inc:10', web_app=None, login_url=None, switch_inline_query=None, switch_inline_query_current_chat=None, switch_inline_query_chosen_chat=None, copy_text=None, callback_game=None, pay=None), InlineKeyboardButton(text='Сброс', icon_custom_emoji_id=None, style=None, url=None, callback_data='tasbeh:reset', web_app=None, login_url=None, switch_inline_query=None, switch_inline_query_current_chat=None, switch_inline_query_chosen_chat=None, copy_text=None, callback_game=None, pay=None)], [InlineKeyboardButton(text='Цель', icon_custom_emoji_id=None, style=None, url=None, callback_data='tasbeh:goal', web_app=None, login_url=None, switch_inline_query=None, switch_inline_query_current_chat=None, switch_inline_query_chosen_chat=None, copy_text=None, callback_game=None, pay=None)], [InlineKeyboardButton(text='⬅️ Назад', icon_custom_emoji_id=None, style=None, url=None, callback_data='menu:back', web_app=None, login_url=None, switch_inline_query=None, switch_inline_query_current_chat=None, switch_inline_query_chosen_chat=None, copy_text=None, callback_game=None, pay=None)]]), forward_date=None, forward_from=None, forward_from_chat=None, forward_from_message_id=None, forward_sender_name=None, forward_signature=None, user_shared=None), inline_message_id=None, data='tasbeh:reset', game_short_name=None), shipping_query=None, pre_checkout_query=None, purchased_paid_media=None, poll=None, poll_answer=None, my_chat_member=None, chat_member=None, chat_join_request=None, chat_boost=None, removed_chat_boost=None) exception=TelegramBadRequest('Telegram server says - Bad Request: message is not modified: specified new message content and reply markup are exactly the same as a current content and reply markup of the message')
Traceback (most recent call last):
  File "C:\Users\Sanjar\vscode_projects\.venv\Lib\site-packages\aiogram\dispatcher\middlewares\error.py", line 27, in __call__
    return await handler(event, data)
           ^^^^^^^^^^^^^^^^^^^^^^^^^^
  File "C:\Users\Sanjar\vscode_projects\.venv\Lib\site-packages\aiogram\dispatcher\middlewares\user_context.py", line 58, in __call__
    return await handler(event, data)
           ^^^^^^^^^^^^^^^^^^^^^^^^^^
  File "C:\Users\Sanjar\vscode_projects\.venv\Lib\site-packages\aiogram\fsm\middleware.py", line 43, in __call__
    return await handler(event, data)
           ^^^^^^^^^^^^^^^^^^^^^^^^^^
  File "C:\Users\Sanjar\vscode_projects\.venv\Lib\site-packages\aiogram\dispatcher\event\telegram.py", line 126, in trigger
    return await wrapped_inner(event, kwargs)
           ^^^^^^^^^^^^^^^^^^^^^^^^^^^^^^^^^^
  File "C:\Users\Sanjar\vscode_projects\namoz-bot\bot\middlewares\db.py", line 26, in __call__
    result = await handler(event, data)
             ^^^^^^^^^^^^^^^^^^^^^^^^^^
  File "C:\Users\Sanjar\vscode_projects\namoz-bot\bot\middlewares\i18n.py", line 71, in __call__
    return await handler(event, data)
           ^^^^^^^^^^^^^^^^^^^^^^^^^^
  File "C:\Users\Sanjar\vscode_projects\.venv\Lib\site-packages\aiogram\dispatcher\event\handler.py", line 71, in call
    return await wrapped()
           ^^^^^^^^^^^^^^^
  File "C:\Users\Sanjar\vscode_projects\.venv\Lib\site-packages\aiogram\dispatcher\dispatcher.py", line 283, in _listen_update
    return await self.propagate_event(update_type=update_type, event=event, **kwargs)
           ^^^^^^^^^^^^^^^^^^^^^^^^^^^^^^^^^^^^^^^^^^^^^^^^^^^^^^^^^^^^^^^^^^^^^^^^^^
  File "C:\Users\Sanjar\vscode_projects\.venv\Lib\site-packages\aiogram\dispatcher\router.py", line 161, in propagate_event
    return await observer.wrap_outer_middleware(_wrapped, event=event, data=kwargs)
           ^^^^^^^^^^^^^^^^^^^^^^^^^^^^^^^^^^^^^^^^^^^^^^^^^^^^^^^^^^^^^^^^^^^^^^^^
  File "C:\Users\Sanjar\vscode_projects\.venv\Lib\site-packages\aiogram\dispatcher\router.py", line 153, in _wrapped
    return await self._propagate_event(
           ^^^^^^^^^^^^^^^^^^^^^^^^^^^^
    ...<4 lines>...
    )
    ^
  File "C:\Users\Sanjar\vscode_projects\.venv\Lib\site-packages\aiogram\dispatcher\router.py", line 189, in _propagate_event
    response = await router.propagate_event(update_type=update_type, event=event, **kwargs)
               ^^^^^^^^^^^^^^^^^^^^^^^^^^^^^^^^^^^^^^^^^^^^^^^^^^^^^^^^^^^^^^^^^^^^^^^^^^^^
  File "C:\Users\Sanjar\vscode_projects\.venv\Lib\site-packages\aiogram\dispatcher\router.py", line 161, in propagate_event
    return await observer.wrap_outer_middleware(_wrapped, event=event, data=kwargs)
           ^^^^^^^^^^^^^^^^^^^^^^^^^^^^^^^^^^^^^^^^^^^^^^^^^^^^^^^^^^^^^^^^^^^^^^^^
  File "C:\Users\Sanjar\vscode_projects\.venv\Lib\site-packages\aiogram\dispatcher\router.py", line 153, in _wrapped
    return await self._propagate_event(
           ^^^^^^^^^^^^^^^^^^^^^^^^^^^^
    ...<4 lines>...
    )
    ^
  File "C:\Users\Sanjar\vscode_projects\.venv\Lib\site-packages\aiogram\dispatcher\router.py", line 181, in _propagate_event
    response = await observer.trigger(event, **kwargs)
               ^^^^^^^^^^^^^^^^^^^^^^^^^^^^^^^^^^^^^^^
  File "C:\Users\Sanjar\vscode_projects\.venv\Lib\site-packages\aiogram\dispatcher\event\telegram.py", line 126, in trigger
    return await wrapped_inner(event, kwargs)
           ^^^^^^^^^^^^^^^^^^^^^^^^^^^^^^^^^^
  File "C:\Users\Sanjar\vscode_projects\.venv\Lib\site-packages\aiogram\dispatcher\event\handler.py", line 71, in call
    return await wrapped()
           ^^^^^^^^^^^^^^^
  File "C:\Users\Sanjar\vscode_projects\namoz-bot\bot\handlers\tasbeh.py", line 47, in tasbeh_reset
    await callback.message.edit_text(
    ...<2 lines>...
    )
  File "C:\Users\Sanjar\vscode_projects\.venv\Lib\site-packages\aiogram\methods\base.py", line 82, in emit
    return await bot(self)
           ^^^^^^^^^^^^^^^
  File "C:\Users\Sanjar\vscode_projects\.venv\Lib\site-packages\aiogram\client\bot.py", line 487, in __call__
    return await self.session(self, method, timeout=request_timeout)
           ^^^^^^^^^^^^^^^^^^^^^^^^^^^^^^^^^^^^^^^^^^^^^^^^^^^^^^^^^
  File "C:\Users\Sanjar\vscode_projects\.venv\Lib\site-packages\aiogram\client\session\base.py", line 259, in __call__
    return cast(TelegramType, await middleware(bot, method))
                              ^^^^^^^^^^^^^^^^^^^^^^^^^^^^^
  File "C:\Users\Sanjar\vscode_projects\.venv\Lib\site-packages\aiogram\client\session\aiohttp.py", line 177, in make_request
    response = self.check_response(
        bot=bot,
    ...<2 lines>...
        content=raw_result,
    )
  File "C:\Users\Sanjar\vscode_projects\.venv\Lib\site-packages\aiogram\client\session\base.py", line 121, in check_response
    raise TelegramBadRequest(method=method, message=description)
aiogram.exceptions.TelegramBadRequest: Telegram server says - Bad Request: message is not modified: specified new message content and reply markup are exactly the same as a current content and reply markup of the message
2026-02-11 19:01:15,295 | INFO | aiogram.event | Update id=717650338 is handled. Duration 210 ms by bot id=8271511197
2026-02-11 19:01:23,074 | INFO | aiogram.event | Update id=717650339 is handled. Duration 301 ms by bot id=8271511197
2026-02-11 19:01:24,426 | INFO | aiogram.event | Update id=717650340 is handled. Duration 273 ms by bot id=8271511197
2026-02-11 19:01:25,288 | INFO | aiogram.event | Update id=717650341 is handled. Duration 299 ms by bot id=8271511197
2026-02-11 19:01:26,037 | INFO | aiogram.event | Update id=717650342 is handled. Duration 369 ms by bot id=8271511197
2026-02-11 19:01:26,641 | INFO | aiogram.event | Update id=717650343 is handled. Duration 272 ms by bot id=8271511197
2026-02-11 19:01:30,820 | INFO | aiogram.event | Update id=717650344 is handled. Duration 277 ms by bot id=8271511197
2026-02-11 19:01:34,261 | INFO | aiogram.event | Update id=717650345 is handled. Duration 290 ms by bot id=8271511197
2026-02-11 19:01:36,610 | INFO | aiogram.event | Update id=717650346 is handled. Duration 429 ms by bot id=8271511197
2026-02-11 19:01:40,715 | INFO | aiogram.event | Update id=717650347 is handled. Duration 151 ms by bot id=8271511197
2026-02-11 19:01:44,994 | INFO | aiogram.event | Update id=717650348 is handled. Duration 273 ms by bot id=8271511197
2026-02-11 19:01:46,667 | INFO | aiogram.event | Update id=717650349 is handled. Duration 413 ms by bot id=8271511197
2026-02-11 19:02:04,499 | INFO | aiogram.event | Update id=717650350 is handled. Duration 153 ms by bot id=8271511197
2026-02-11 19:02:06,654 | INFO | aiogram.event | Update id=717650351 is handled. Duration 460 ms by bot id=8271511197
2026-02-11 19:02:08,284 | INFO | aiogram.event | Update id=717650352 is handled. Duration 849 ms by bot id=8271511197
2026-02-11 19:02:09,356 | INFO | aiogram.event | Update id=717650353 is handled. Duration 276 ms by bot id=8271511197
2026-02-11 19:02:15,447 | INFO | aiogram.event | Update id=717650354 is handled. Duration 1470 ms by bot id=8271511197
2026-02-11 19:02:25,648 | INFO | aiogram.event | Update id=717650355 is handled. Duration 285 ms by bot id=8271511197
2026-02-11 19:02:27,927 | INFO | aiogram.event | Update id=717650356 is handled. Duration 265 ms by bot id=8271511197
2026-02-11 19:02:45,690 | INFO | aiogram.event | Update id=717650357 is handled. Duration 154 ms by bot id=8271511197
2026-02-11 19:02:47,670 | INFO | aiogram.event | Update id=717650358 is handled. Duration 432 ms by bot id=8271511197
2026-02-11 19:02:50,705 | INFO | aiogram.event | Update id=717650359 is handled. Duration 288 ms by bot id=8271511197
2026-02-11 19:02:53,715 | INFO | aiogram.event | Update id=717650360 is handled. Duration 1422 ms by bot id=8271511197
2026-02-11 19:02:56,553 | INFO | aiogram.event | Update id=717650361 is handled. Duration 1825 ms by bot id=8271511197
2026-02-11 19:02:58,692 | INFO | aiogram.event | Update id=717650362 is handled. Duration 179 ms by bot id=8271511197
2026-02-11 19:02:59,874 | INFO | aiogram.event | Update id=717650363 is handled. Duration 309 ms by bot id=8271511197
2026-02-11 19:03:01,635 | INFO | aiogram.event | Update id=717650364 is handled. Duration 284 ms by bot id=8271511197
2026-02-11 19:03:36,884 | INFO | aiogram.event | Update id=717650365 is handled. Duration 150 ms by bot id=8271511197
2026-02-11 19:03:38,720 | INFO | aiogram.event | Update id=717650366 is handled. Duration 155 ms by bot id=8271511197
2026-02-11 19:03:43,343 | INFO | aiogram.event | Update id=717650367 is handled. Duration 341 ms by bot id=8271511197
2026-02-11 19:03:47,513 | INFO | aiogram.event | Update id=717650368 is handled. Duration 146 ms by bot id=8271511197
2026-02-11 19:03:48,828 | INFO | aiogram.event | Update id=717650369 is handled. Duration 448 ms by bot id=8271511197
2026-02-11 19:03:50,156 | INFO | aiogram.event | Update id=717650370 is handled. Duration 305 ms by bot id=8271511197
2026-02-11 19:03:51,585 | INFO | aiogram.event | Update id=717650371 is handled. Duration 290 ms by bot id=8271511197
2026-02-11 19:04:00,369 | INFO | aiogram.event | Update id=717650372 is handled. Duration 268 ms by bot id=8271511197
2026-02-11 19:04:02,522 | INFO | aiogram.event | Update id=717650373 is handled. Duration 321 ms by bot id=8271511197
2026-02-11 19:04:15,691 | INFO | aiogram.event | Update id=717650374 is handled. Duration 186 ms by bot id=8271511197
2026-02-11 19:04:34,558 | INFO | aiogram.event | Update id=717650375 is handled. Duration 157 ms by bot id=8271511197
2026-02-11 19:05:42,750 | INFO | aiogram.event | Update id=717650376 is handled. Duration 290 ms by bot id=8271511197
2026-02-11 19:08:39,578 | INFO | aiogram.event | Update id=717650377 is handled. Duration 402 ms by bot id=8271511197
2026-02-11 19:08:48,917 | INFO | aiogram.event | Update id=717650378 is handled. Duration 174 ms by bot id=8271511197
2026-02-11 19:08:50,396 | INFO | aiogram.event | Update id=717650379 is handled. Duration 300 ms by bot id=8271511197
2026-02-11 19:08:51,548 | INFO | aiogram.event | Update id=717650380 is handled. Duration 283 ms by bot id=8271511197
2026-02-11 19:08:54,812 | INFO | aiogram.event | Update id=717650381 is handled. Duration 302 ms by bot id=8271511197
2026-02-11 19:08:56,976 | INFO | aiogram.event | Update id=717650382 is handled. Duration 368 ms by bot id=8271511197
2026-02-11 19:09:00,743 | INFO | aiogram.event | Update id=717650383 is handled. Duration 214 ms by bot id=8271511197
2026-02-11 19:09:46,751 | INFO | aiogram.event | Update id=717650384 is handled. Duration 141 ms by bot id=8271511197
2026-02-11 19:09:54,019 | INFO | aiogram.event | Update id=717650385 is handled. Duration 170 ms by bot id=8271511197
2026-02-11 19:10:09,636 | INFO | aiogram.event | Update id=717650386 is handled. Duration 150 ms by bot id=8271511197
2026-02-11 19:10:19,166 | INFO | aiogram.event | Update id=717650387 is handled. Duration 155 ms by bot id=8271511197
2026-02-11 19:10:30,280 | INFO | aiogram.dispatcher | Polling stopped
2026-02-11 19:10:30,282 | ERROR | aiogram.dispatcher | Failed to fetch updates - TelegramNetworkError: HTTP Client says - ServerDisconnectedError: Server disconnected
2026-02-11 19:10:30,283 | WARNING | aiogram.dispatcher | Sleep for 1.000000 seconds and try again... (tryings = 0, bot id = 8271511197)
2026-02-11 19:10:30,535 | INFO | aiogram.dispatcher | Polling stopped for bot @NamozPlusBot id=8271511197 - 'Namoz Time & Islamic Assistant Bot'
2026-02-11 19:10:37,294 | INFO | apscheduler.scheduler | Adding job tentatively -- it will be properly scheduled when the scheduler starts
2026-02-11 19:10:37,295 | INFO | apscheduler.scheduler | Added job "SchedulerService.refresh_all" to job store "default"
2026-02-11 19:10:37,295 | INFO | apscheduler.scheduler | Scheduler started
2026-02-11 19:10:38,262 | INFO | apscheduler.scheduler | Added job "SchedulerService._send_reminder" to job store "default"
2026-02-11 19:10:39,134 | INFO | apscheduler.scheduler | Added job "SchedulerService._send_reminder" to job store "default"
2026-02-11 19:10:39,134 | INFO | apscheduler.scheduler | Added job "SchedulerService._send_reminder" to job store "default"
2026-02-11 19:10:39,135 | INFO | apscheduler.scheduler | Added job "SchedulerService._send_reminder" to job store "default"
2026-02-11 19:10:39,136 | INFO | apscheduler.scheduler | Added job "SchedulerService._send_reminder" to job store "default"
2026-02-11 19:10:39,137 | INFO | apscheduler.scheduler | Added job "SchedulerService._send_reminder" to job store "default"
2026-02-11 19:10:39,138 | INFO | aiogram.dispatcher | Start polling
2026-02-11 19:10:39,242 | INFO | aiogram.dispatcher | Run polling for bot @NamozPlusBot id=8271511197 - 'Namoz Time & Islamic Assistant Bot'
2026-02-11 19:10:41,856 | INFO | aiogram.event | Update id=717650388 is handled. Duration 393 ms by bot id=8271511197
2026-02-11 19:10:43,495 | INFO | aiogram.event | Update id=717650389 is handled. Duration 446 ms by bot id=8271511197
2026-02-11 19:10:51,948 | ERROR | bot.services.overpass | Overpass error 504: <?xml version="1.0" encoding="UTF-8"?>
<!DOCTYPE html PUBLIC "-//W3C//DTD XHTML 1.0 Strict//EN"
    "http://www.w3.org/TR/xhtml1/DTD/xhtml1-strict.dtd">
<html xmlns="http://www.w3.org/1999/xhtml" xml:lang="en" lang="en">
<head>
  <meta http-equiv="content-type" content="text/html; charset=utf-8" lang="en"/>
  <title>OSM3S Response</title>
</head>
<body>

<p>The data included in this document is from www.openstreetmap.org. The data is made available under ODbL.</p>
<p><strong style="color:#FF0000">Error</strong>: runtime error: open64: 0 Success /osm3s_osm_base Dispatcher_Client::request_read_and_idx::timeout. The server is probably too busy to handle your request. </p>

</body>
</html>

2026-02-11 19:10:52,232 | INFO | aiogram.event | Update id=717650390 is handled. Duration 4758 ms by bot id=8271511197
2026-02-11 19:11:08,272 | INFO | aiogram.event | Update id=717650391 is handled. Duration 1295 ms by bot id=8271511197
2026-02-11 19:11:29,241 | INFO | aiogram.event | Update id=717650392 is handled. Duration 1612 ms by bot id=8271511197
2026-02-11 19:11:59,512 | INFO | aiogram.dispatcher | Polling stopped
2026-02-11 19:11:59,514 | ERROR | aiogram.dispatcher | Failed to fetch updates - TelegramNetworkError: HTTP Client says - ServerDisconnectedError: Server disconnected
2026-02-11 19:11:59,514 | WARNING | aiogram.dispatcher | Sleep for 1.000000 seconds and try again... (tryings = 0, bot id = 8271511197)
2026-02-11 19:11:59,767 | INFO | aiogram.dispatcher | Polling stopped for bot @NamozPlusBot id=8271511197 - 'Namoz Time & Islamic Assistant Bot'
2026-02-11 19:12:06,239 | INFO | apscheduler.scheduler | Adding job tentatively -- it will be properly scheduled when the scheduler starts
2026-02-11 19:12:06,240 | INFO | apscheduler.scheduler | Added job "SchedulerService.refresh_all" to job store "default"
2026-02-11 19:12:06,240 | INFO | apscheduler.scheduler | Scheduler started
2026-02-11 19:12:07,185 | INFO | apscheduler.scheduler | Added job "SchedulerService._send_reminder" to job store "default"
2026-02-11 19:12:08,037 | INFO | apscheduler.scheduler | Added job "SchedulerService._send_reminder" to job store "default"
2026-02-11 19:12:08,037 | INFO | apscheduler.scheduler | Added job "SchedulerService._send_reminder" to job store "default"
2026-02-11 19:12:08,038 | INFO | apscheduler.scheduler | Added job "SchedulerService._send_reminder" to job store "default"
2026-02-11 19:12:08,039 | INFO | apscheduler.scheduler | Added job "SchedulerService._send_reminder" to job store "default"
2026-02-11 19:12:08,039 | INFO | apscheduler.scheduler | Added job "SchedulerService._send_reminder" to job store "default"
2026-02-11 19:12:08,041 | INFO | aiogram.dispatcher | Start polling
2026-02-11 19:12:08,154 | INFO | aiogram.dispatcher | Run polling for bot @NamozPlusBot id=8271511197 - 'Namoz Time & Islamic Assistant Bot'
2026-02-11 19:12:10,232 | INFO | aiogram.event | Update id=717650393 is handled. Duration 367 ms by bot id=8271511197
2026-02-11 19:12:11,800 | INFO | aiogram.event | Update id=717650394 is handled. Duration 436 ms by bot id=8271511197
2026-02-11 19:12:18,999 | ERROR | bot.services.overpass | Overpass error 504: <?xml version="1.0" encoding="UTF-8"?>
<!DOCTYPE html PUBLIC "-//W3C//DTD XHTML 1.0 Strict//EN"
    "http://www.w3.org/TR/xhtml1/DTD/xhtml1-strict.dtd">
<html xmlns="http://www.w3.org/1999/xhtml" xml:lang="en" lang="en">
<head>
  <meta http-equiv="content-type" content="text/html; charset=utf-8" lang="en"/>
  <title>OSM3S Response</title>
</head>
<body>

<p>The data included in this document is from www.openstreetmap.org. The data is made available under ODbL.</p>
<p><strong style="color:#FF0000">Error</strong>: runtime error: open64: 0 Success /osm3s_osm_base Dispatcher_Client::request_read_and_idx::timeout. The server is probably too busy to handle your request. </p>

</body>
</html>

2026-02-11 19:12:28,975 | ERROR | bot.services.overpass | Overpass error 504: <?xml version="1.0" encoding="UTF-8"?>
<!DOCTYPE html PUBLIC "-//W3C//DTD XHTML 1.0 Strict//EN"
    "http://www.w3.org/TR/xhtml1/DTD/xhtml1-strict.dtd">
<html xmlns="http://www.w3.org/1999/xhtml" xml:lang="en" lang="en">
<head>
  <meta http-equiv="content-type" content="text/html; charset=utf-8" lang="en"/>
  <title>OSM3S Response</title>
</head>
<body>

<p>The data included in this document is from www.openstreetmap.org. The data is made available under ODbL.</p>
<p><strong style="color:#FF0000">Error</strong>: runtime error: open64: 0 Success /osm3s_osm_base Dispatcher_Client::request_read_and_idx::timeout. The server is probably too busy to handle your request. </p>

</body>
</html>

2026-02-11 19:12:34,210 | ERROR | bot.services.overpass | Overpass error 504: <?xml version="1.0" encoding="UTF-8"?>
<!DOCTYPE html PUBLIC "-//W3C//DTD XHTML 1.0 Strict//EN"
    "http://www.w3.org/TR/xhtml1/DTD/xhtml1-strict.dtd">
<html xmlns="http://www.w3.org/1999/xhtml" xml:lang="en" lang="en">
<head>
  <meta http-equiv="content-type" content="text/html; charset=utf-8" lang="en"/>
  <title>OSM3S Response</title>
</head>
<body>

<p>The data included in this document is from www.openstreetmap.org. The data is made available under ODbL.</p>
<p><strong style="color:#FF0000">Error</strong>: runtime error: open64: 0 Success /osm3s_osm_base Dispatcher_Client::request_read_and_idx::timeout. The server is probably too busy to handle your request. </p>

</body>
</html>

2026-02-11 19:12:39,948 | ERROR | bot.middlewares.db | DB session rolled back due to error
Traceback (most recent call last):
  File "C:\Users\Sanjar\vscode_projects\.venv\Lib\site-packages\aiohttp\client_reqrep.py", line 539, in start
    message, payload = await protocol.read()  # type: ignore[union-attr]
                       ^^^^^^^^^^^^^^^^^^^^^
  File "C:\Users\Sanjar\vscode_projects\.venv\Lib\site-packages\aiohttp\streams.py", line 703, in read
    await self._waiter
asyncio.exceptions.CancelledError

The above exception was the direct cause of the following exception:

Traceback (most recent call last):
  File "C:\Users\Sanjar\vscode_projects\namoz-bot\bot\middlewares\db.py", line 26, in __call__
    result = await handler(event, data)
             ^^^^^^^^^^^^^^^^^^^^^^^^^^
  File "C:\Users\Sanjar\vscode_projects\namoz-bot\bot\middlewares\i18n.py", line 71, in __call__
    return await handler(event, data)
           ^^^^^^^^^^^^^^^^^^^^^^^^^^
  File "C:\Users\Sanjar\vscode_projects\.venv\Lib\site-packages\aiogram\dispatcher\event\handler.py", line 71, in call
    return await wrapped()
           ^^^^^^^^^^^^^^^
  File "C:\Users\Sanjar\vscode_projects\.venv\Lib\site-packages\aiogram\dispatcher\dispatcher.py", line 283, in _listen_update
    return await self.propagate_event(update_type=update_type, event=event, **kwargs)
           ^^^^^^^^^^^^^^^^^^^^^^^^^^^^^^^^^^^^^^^^^^^^^^^^^^^^^^^^^^^^^^^^^^^^^^^^^^
  File "C:\Users\Sanjar\vscode_projects\.venv\Lib\site-packages\aiogram\dispatcher\router.py", line 161, in propagate_event
    return await observer.wrap_outer_middleware(_wrapped, event=event, data=kwargs)
           ^^^^^^^^^^^^^^^^^^^^^^^^^^^^^^^^^^^^^^^^^^^^^^^^^^^^^^^^^^^^^^^^^^^^^^^^
  File "C:\Users\Sanjar\vscode_projects\.venv\Lib\site-packages\aiogram\dispatcher\router.py", line 153, in _wrapped
    return await self._propagate_event(
           ^^^^^^^^^^^^^^^^^^^^^^^^^^^^
    ...<4 lines>...
    )
    ^
  File "C:\Users\Sanjar\vscode_projects\.venv\Lib\site-packages\aiogram\dispatcher\router.py", line 189, in _propagate_event
    response = await router.propagate_event(update_type=update_type, event=event, **kwargs)
               ^^^^^^^^^^^^^^^^^^^^^^^^^^^^^^^^^^^^^^^^^^^^^^^^^^^^^^^^^^^^^^^^^^^^^^^^^^^^
  File "C:\Users\Sanjar\vscode_projects\.venv\Lib\site-packages\aiogram\dispatcher\router.py", line 161, in propagate_event
    return await observer.wrap_outer_middleware(_wrapped, event=event, data=kwargs)
           ^^^^^^^^^^^^^^^^^^^^^^^^^^^^^^^^^^^^^^^^^^^^^^^^^^^^^^^^^^^^^^^^^^^^^^^^
  File "C:\Users\Sanjar\vscode_projects\.venv\Lib\site-packages\aiogram\dispatcher\router.py", line 153, in _wrapped
    return await self._propagate_event(
           ^^^^^^^^^^^^^^^^^^^^^^^^^^^^
    ...<4 lines>...
    )
    ^
  File "C:\Users\Sanjar\vscode_projects\.venv\Lib\site-packages\aiogram\dispatcher\router.py", line 181, in _propagate_event
    response = await observer.trigger(event, **kwargs)
               ^^^^^^^^^^^^^^^^^^^^^^^^^^^^^^^^^^^^^^^
  File "C:\Users\Sanjar\vscode_projects\.venv\Lib\site-packages\aiogram\dispatcher\event\telegram.py", line 126, in trigger
    return await wrapped_inner(event, kwargs)
           ^^^^^^^^^^^^^^^^^^^^^^^^^^^^^^^^^^
  File "C:\Users\Sanjar\vscode_projects\.venv\Lib\site-packages\aiogram\dispatcher\event\handler.py", line 71, in call
    return await wrapped()
           ^^^^^^^^^^^^^^^
  File "C:\Users\Sanjar\vscode_projects\namoz-bot\bot\handlers\mosques.py", line 67, in mosques_menu
    await _send_mosques(callback.message.answer, i18n, lang, db_user, settings)
  File "C:\Users\Sanjar\vscode_projects\namoz-bot\bot\handlers\mosques.py", line 117, in _send_mosques
    items = await client.find_mosques(
            ^^^^^^^^^^^^^^^^^^^^^^^^^^
    ...<4 lines>...
    )
    ^
  File "C:\Users\Sanjar\vscode_projects\namoz-bot\bot\services\overpass.py", line 30, in find_mosques
    payload = await self._fetch_with_fallback(lat, lon, radius_km)
              ^^^^^^^^^^^^^^^^^^^^^^^^^^^^^^^^^^^^^^^^^^^^^^^^^^^^
  File "C:\Users\Sanjar\vscode_projects\namoz-bot\bot\services\overpass.py", line 64, in _fetch_with_fallback
    async with session.post(url, data={"data": query}) as resp:
               ~~~~~~~~~~~~^^^^^^^^^^^^^^^^^^^^^^^^^^^
  File "C:\Users\Sanjar\vscode_projects\.venv\Lib\site-packages\aiohttp\client.py", line 1510, in __aenter__
    self._resp: _RetType = await self._coro
                           ^^^^^^^^^^^^^^^^
  File "C:\Users\Sanjar\vscode_projects\.venv\Lib\site-packages\aiohttp\client.py", line 779, in _request
    resp = await handler(req)
           ^^^^^^^^^^^^^^^^^^
  File "C:\Users\Sanjar\vscode_projects\.venv\Lib\site-packages\aiohttp\client.py", line 757, in _connect_and_send_request
    await resp.start(conn)
  File "C:\Users\Sanjar\vscode_projects\.venv\Lib\site-packages\aiohttp\client_reqrep.py", line 534, in start
    with self._timer:
         ^^^^^^^^^^^
  File "C:\Users\Sanjar\vscode_projects\.venv\Lib\site-packages\aiohttp\helpers.py", line 713, in __exit__
    raise asyncio.TimeoutError from exc_val
TimeoutError
2026-02-11 19:12:39,961 | ERROR | bot.handlers.errors | Unhandled exception: update=Update(update_id=717650395, message=None, edited_message=None, channel_post=None, edited_channel_post=None, business_connection=None, business_message=None, edited_business_message=None, deleted_business_messages=None, message_reaction=None, message_reaction_count=None, inline_query=None, chosen_inline_result=None, callback_query=CallbackQuery(id='8180629271266499712', from_user=User(id=8347152122, is_bot=False, first_name='سنجر', last_name=None, username='raxmv77', language_code='en', is_premium=None, added_to_attachment_menu=None, can_join_groups=None, can_read_all_group_messages=None, supports_inline_queries=None, can_connect_to_business=None, has_main_web_app=None, has_topics_enabled=None, allows_users_to_create_topics=None), chat_instance='-3702739898278178400', message=Message(message_id=209, date=datetime.datetime(2026, 2, 11, 14, 12, 12, tzinfo=TzInfo(0)), chat=Chat(id=8347152122, type='private', title=None, username='raxmv77', first_name='سنجر', last_name=None, is_forum=None, is_direct_messages=None, accent_color_id=None, active_usernames=None, available_reactions=None, background_custom_emoji_id=None, bio=None, birthdate=None, business_intro=None, business_location=None, business_opening_hours=None, can_set_sticker_set=None, custom_emoji_sticker_set_name=None, description=None, emoji_status_custom_emoji_id=None, emoji_status_expiration_date=None, has_aggressive_anti_spam_enabled=None, has_hidden_members=None, has_private_forwards=None, has_protected_content=None, has_restricted_voice_and_video_messages=None, has_visible_history=None, invite_link=None, join_by_request=None, join_to_send_messages=None, linked_chat_id=None, location=None, message_auto_delete_time=None, permissions=None, personal_chat=None, photo=None, pinned_message=None, profile_accent_color_id=None, profile_background_custom_emoji_id=None, slow_mode_delay=None, sticker_set_name=None, unrestrict_boost_count=None), message_thread_id=None, direct_messages_topic=None, from_user=User(id=8271511197, is_bot=True, first_name='Namoz Time & Islamic Assistant Bot', last_name=None, username='NamozPlusBot', language_code=None, is_premium=None, added_to_attachment_menu=None, can_join_groups=None, can_read_all_group_messages=None, supports_inline_queries=None, can_connect_to_business=None, has_main_web_app=None, has_topics_enabled=None, allows_users_to_create_topics=None), sender_chat=None, sender_boost_count=None, sender_business_bot=None, business_connection_id=None, forward_origin=None, is_topic_message=None, is_automatic_forward=None, reply_to_message=None, external_reply=None, quote=None, reply_to_story=None, reply_to_checklist_task_id=None, via_bot=None, edit_date=None, has_protected_content=None, is_from_offline=None, is_paid_post=None, media_group_id=None, author_signature=None, paid_star_count=None, text='Asosiy menyu:', entities=None, link_preview_options=None, suggested_post_info=None, effect_id=None, animation=None, audio=None, document=None, paid_media=None, photo=None, sticker=None, story=None, video=None, video_note=None, voice=None, caption=None, caption_entities=None, show_caption_above_media=None, has_media_spoiler=None, checklist=None, contact=None, dice=None, game=None, poll=None, venue=None, location=None, new_chat_members=None, left_chat_member=None, chat_owner_left=None, chat_owner_changed=None, new_chat_title=None, new_chat_photo=None, delete_chat_photo=None, group_chat_created=None, supergroup_chat_created=None, channel_chat_created=None, message_auto_delete_timer_changed=None, migrate_to_chat_id=None, migrate_from_chat_id=None, pinned_message=None, invoice=None, successful_payment=None, refunded_payment=None, users_shared=None, chat_shared=None, gift=None, unique_gift=None, gift_upgrade_sent=None, connected_website=None, write_access_allowed=None, passport_data=None, proximity_alert_triggered=None, boost_added=None, chat_background_set=None, checklist_tasks_done=None, checklist_tasks_added=None, direct_message_price_changed=None, forum_topic_created=None, forum_topic_edited=None, forum_topic_closed=None, forum_topic_reopened=None, general_forum_topic_hidden=None, general_forum_topic_unhidden=None, giveaway_created=None, giveaway=None, giveaway_winners=None, giveaway_completed=None, paid_message_price_changed=None, suggested_post_approved=None, suggested_post_approval_failed=None, suggested_post_declined=None, suggested_post_paid=None, suggested_post_refunded=None, video_chat_scheduled=None, video_chat_started=None, video_chat_ended=None, video_chat_participants_invited=None, web_app_data=None, reply_markup=InlineKeyboardMarkup(inline_keyboard=[[InlineKeyboardButton(text='🕌 Namoz vaqtlari', icon_custom_emoji_id=None, style=None, url=None, callback_data='menu:prayer_times', web_app=None, login_url=None, switch_inline_query=None, switch_inline_query_current_chat=None, switch_inline_query_chosen_chat=None, copy_text=None, callback_game=None, pay=None), InlineKeyboardButton(text='📍 Shahar/GPS', icon_custom_emoji_id=None, style=None, url=None, callback_data='menu:location', web_app=None, login_url=None, switch_inline_query=None, switch_inline_query_current_chat=None, switch_inline_query_chosen_chat=None, copy_text=None, callback_game=None, pay=None)], [InlineKeyboardButton(text='🕌 Yaqin masjidlar', icon_custom_emoji_id=None, style=None, url=None, callback_data='menu:mosques', web_app=None, login_url=None, switch_inline_query=None, switch_inline_query_current_chat=None, switch_inline_query_chosen_chat=None, copy_text=None, callback_game=None, pay=None), InlineKeyboardButton(text='🔔 Eslatmalar', icon_custom_emoji_id=None, style=None, url=None, callback_data='menu:reminders', web_app=None, login_url=None, switch_inline_query=None, switch_inline_query_current_chat=None, switch_inline_query_chosen_chat=None, copy_text=None, callback_game=None, pay=None)], [InlineKeyboardButton(text='🧭 Qibla', icon_custom_emoji_id=None, style=None, url=None, callback_data='menu:qibla', web_app=None, login_url=None, switch_inline_query=None, switch_inline_query_current_chat=None, switch_inline_query_chosen_chat=None, copy_text=None, callback_game=None, pay=None), InlineKeyboardButton(text='🗓 Hijriy sana', icon_custom_emoji_id=None, style=None, url=None, callback_data='menu:hijri', web_app=None, login_url=None, switch_inline_query=None, switch_inline_query_current_chat=None, switch_inline_query_chosen_chat=None, copy_text=None, callback_game=None, pay=None)], [InlineKeyboardButton(text='🤲 Duolar', icon_custom_emoji_id=None, style=None, url=None, callback_data='menu:duas', web_app=None, login_url=None, switch_inline_query=None, switch_inline_query_current_chat=None, switch_inline_query_chosen_chat=None, copy_text=None, callback_game=None, pay=None), InlineKeyboardButton(text='📿 Tasbeh', icon_custom_emoji_id=None, style=None, url=None, callback_data='menu:tasbeh', web_app=None, login_url=None, switch_inline_query=None, switch_inline_query_current_chat=None, switch_inline_query_chosen_chat=None, copy_text=None, callback_game=None, pay=None)], [InlineKeyboardButton(text='⚙️ Sozlamalar', icon_custom_emoji_id=None, style=None, url=None, callback_data='menu:settings', web_app=None, login_url=None, switch_inline_query=None, switch_inline_query_current_chat=None, switch_inline_query_chosen_chat=None, copy_text=None, callback_game=None, pay=None), InlineKeyboardButton(text='ℹ️ Yordam', icon_custom_emoji_id=None, style=None, url=None, callback_data='menu:help', web_app=None, login_url=None, switch_inline_query=None, switch_inline_query_current_chat=None, switch_inline_query_chosen_chat=None, copy_text=None, callback_game=None, pay=None)]]), forward_date=None, forward_from=None, forward_from_chat=None, forward_from_message_id=None, forward_sender_name=None, forward_signature=None, user_shared=None), inline_message_id=None, data='menu:mosques', game_short_name=None), shipping_query=None, pre_checkout_query=None, purchased_paid_media=None, poll=None, poll_answer=None, my_chat_member=None, chat_member=None, chat_join_request=None, chat_boost=None, removed_chat_boost=None) exception=TimeoutError()
Traceback (most recent call last):
  File "C:\Users\Sanjar\vscode_projects\.venv\Lib\site-packages\aiohttp\client_reqrep.py", line 539, in start
    message, payload = await protocol.read()  # type: ignore[union-attr]
                       ^^^^^^^^^^^^^^^^^^^^^
  File "C:\Users\Sanjar\vscode_projects\.venv\Lib\site-packages\aiohttp\streams.py", line 703, in read
    await self._waiter
asyncio.exceptions.CancelledError

The above exception was the direct cause of the following exception:

Traceback (most recent call last):
  File "C:\Users\Sanjar\vscode_projects\.venv\Lib\site-packages\aiogram\dispatcher\middlewares\error.py", line 27, in __call__
    return await handler(event, data)
           ^^^^^^^^^^^^^^^^^^^^^^^^^^
  File "C:\Users\Sanjar\vscode_projects\.venv\Lib\site-packages\aiogram\dispatcher\middlewares\user_context.py", line 58, in __call__
    return await handler(event, data)
           ^^^^^^^^^^^^^^^^^^^^^^^^^^
  File "C:\Users\Sanjar\vscode_projects\.venv\Lib\site-packages\aiogram\fsm\middleware.py", line 43, in __call__
    return await handler(event, data)
           ^^^^^^^^^^^^^^^^^^^^^^^^^^
  File "C:\Users\Sanjar\vscode_projects\.venv\Lib\site-packages\aiogram\dispatcher\event\telegram.py", line 126, in trigger
    return await wrapped_inner(event, kwargs)
           ^^^^^^^^^^^^^^^^^^^^^^^^^^^^^^^^^^
  File "C:\Users\Sanjar\vscode_projects\namoz-bot\bot\middlewares\db.py", line 26, in __call__
    result = await handler(event, data)
             ^^^^^^^^^^^^^^^^^^^^^^^^^^
  File "C:\Users\Sanjar\vscode_projects\namoz-bot\bot\middlewares\i18n.py", line 71, in __call__
    return await handler(event, data)
           ^^^^^^^^^^^^^^^^^^^^^^^^^^
  File "C:\Users\Sanjar\vscode_projects\.venv\Lib\site-packages\aiogram\dispatcher\event\handler.py", line 71, in call
    return await wrapped()
           ^^^^^^^^^^^^^^^
  File "C:\Users\Sanjar\vscode_projects\.venv\Lib\site-packages\aiogram\dispatcher\dispatcher.py", line 283, in _listen_update
    return await self.propagate_event(update_type=update_type, event=event, **kwargs)
           ^^^^^^^^^^^^^^^^^^^^^^^^^^^^^^^^^^^^^^^^^^^^^^^^^^^^^^^^^^^^^^^^^^^^^^^^^^
  File "C:\Users\Sanjar\vscode_projects\.venv\Lib\site-packages\aiogram\dispatcher\router.py", line 161, in propagate_event
    return await observer.wrap_outer_middleware(_wrapped, event=event, data=kwargs)
           ^^^^^^^^^^^^^^^^^^^^^^^^^^^^^^^^^^^^^^^^^^^^^^^^^^^^^^^^^^^^^^^^^^^^^^^^
  File "C:\Users\Sanjar\vscode_projects\.venv\Lib\site-packages\aiogram\dispatcher\router.py", line 153, in _wrapped
    return await self._propagate_event(
           ^^^^^^^^^^^^^^^^^^^^^^^^^^^^
    ...<4 lines>...
    )
    ^
  File "C:\Users\Sanjar\vscode_projects\.venv\Lib\site-packages\aiogram\dispatcher\router.py", line 189, in _propagate_event
    response = await router.propagate_event(update_type=update_type, event=event, **kwargs)
               ^^^^^^^^^^^^^^^^^^^^^^^^^^^^^^^^^^^^^^^^^^^^^^^^^^^^^^^^^^^^^^^^^^^^^^^^^^^^
  File "C:\Users\Sanjar\vscode_projects\.venv\Lib\site-packages\aiogram\dispatcher\router.py", line 161, in propagate_event
    return await observer.wrap_outer_middleware(_wrapped, event=event, data=kwargs)
           ^^^^^^^^^^^^^^^^^^^^^^^^^^^^^^^^^^^^^^^^^^^^^^^^^^^^^^^^^^^^^^^^^^^^^^^^
  File "C:\Users\Sanjar\vscode_projects\.venv\Lib\site-packages\aiogram\dispatcher\router.py", line 153, in _wrapped
    return await self._propagate_event(
           ^^^^^^^^^^^^^^^^^^^^^^^^^^^^
    ...<4 lines>...
    )
    ^
  File "C:\Users\Sanjar\vscode_projects\.venv\Lib\site-packages\aiogram\dispatcher\router.py", line 181, in _propagate_event
    response = await observer.trigger(event, **kwargs)
               ^^^^^^^^^^^^^^^^^^^^^^^^^^^^^^^^^^^^^^^
  File "C:\Users\Sanjar\vscode_projects\.venv\Lib\site-packages\aiogram\dispatcher\event\telegram.py", line 126, in trigger
    return await wrapped_inner(event, kwargs)
           ^^^^^^^^^^^^^^^^^^^^^^^^^^^^^^^^^^
  File "C:\Users\Sanjar\vscode_projects\.venv\Lib\site-packages\aiogram\dispatcher\event\handler.py", line 71, in call
    return await wrapped()
           ^^^^^^^^^^^^^^^
  File "C:\Users\Sanjar\vscode_projects\namoz-bot\bot\handlers\mosques.py", line 67, in mosques_menu
    await _send_mosques(callback.message.answer, i18n, lang, db_user, settings)
  File "C:\Users\Sanjar\vscode_projects\namoz-bot\bot\handlers\mosques.py", line 117, in _send_mosques
    items = await client.find_mosques(
            ^^^^^^^^^^^^^^^^^^^^^^^^^^
    ...<4 lines>...
    )
    ^
  File "C:\Users\Sanjar\vscode_projects\namoz-bot\bot\services\overpass.py", line 30, in find_mosques
    payload = await self._fetch_with_fallback(lat, lon, radius_km)
              ^^^^^^^^^^^^^^^^^^^^^^^^^^^^^^^^^^^^^^^^^^^^^^^^^^^^
  File "C:\Users\Sanjar\vscode_projects\namoz-bot\bot\services\overpass.py", line 64, in _fetch_with_fallback
    async with session.post(url, data={"data": query}) as resp:
               ~~~~~~~~~~~~^^^^^^^^^^^^^^^^^^^^^^^^^^^
  File "C:\Users\Sanjar\vscode_projects\.venv\Lib\site-packages\aiohttp\client.py", line 1510, in __aenter__
    self._resp: _RetType = await self._coro
                           ^^^^^^^^^^^^^^^^
  File "C:\Users\Sanjar\vscode_projects\.venv\Lib\site-packages\aiohttp\client.py", line 779, in _request
    resp = await handler(req)
           ^^^^^^^^^^^^^^^^^^
  File "C:\Users\Sanjar\vscode_projects\.venv\Lib\site-packages\aiohttp\client.py", line 757, in _connect_and_send_request
    await resp.start(conn)
  File "C:\Users\Sanjar\vscode_projects\.venv\Lib\site-packages\aiohttp\client_reqrep.py", line 534, in start
    with self._timer:
         ^^^^^^^^^^^
  File "C:\Users\Sanjar\vscode_projects\.venv\Lib\site-packages\aiohttp\helpers.py", line 713, in __exit__
    raise asyncio.TimeoutError from exc_val
TimeoutError
2026-02-11 19:12:39,980 | INFO | aiogram.event | Update id=717650395 is handled. Duration 27179 ms by bot id=8271511197
2026-02-11 19:12:49,945 | ERROR | bot.middlewares.db | DB session rolled back due to error
Traceback (most recent call last):
  File "C:\Users\Sanjar\vscode_projects\.venv\Lib\site-packages\aiohttp\client_reqrep.py", line 539, in start
    message, payload = await protocol.read()  # type: ignore[union-attr]
                       ^^^^^^^^^^^^^^^^^^^^^
  File "C:\Users\Sanjar\vscode_projects\.venv\Lib\site-packages\aiohttp\streams.py", line 703, in read
    await self._waiter
asyncio.exceptions.CancelledError

The above exception was the direct cause of the following exception:

Traceback (most recent call last):
  File "C:\Users\Sanjar\vscode_projects\namoz-bot\bot\middlewares\db.py", line 26, in __call__
    result = await handler(event, data)
             ^^^^^^^^^^^^^^^^^^^^^^^^^^
  File "C:\Users\Sanjar\vscode_projects\namoz-bot\bot\middlewares\i18n.py", line 71, in __call__
    return await handler(event, data)
           ^^^^^^^^^^^^^^^^^^^^^^^^^^
  File "C:\Users\Sanjar\vscode_projects\.venv\Lib\site-packages\aiogram\dispatcher\event\handler.py", line 71, in call
    return await wrapped()
           ^^^^^^^^^^^^^^^
  File "C:\Users\Sanjar\vscode_projects\.venv\Lib\site-packages\aiogram\dispatcher\dispatcher.py", line 283, in _listen_update
    return await self.propagate_event(update_type=update_type, event=event, **kwargs)
           ^^^^^^^^^^^^^^^^^^^^^^^^^^^^^^^^^^^^^^^^^^^^^^^^^^^^^^^^^^^^^^^^^^^^^^^^^^
  File "C:\Users\Sanjar\vscode_projects\.venv\Lib\site-packages\aiogram\dispatcher\router.py", line 161, in propagate_event
    return await observer.wrap_outer_middleware(_wrapped, event=event, data=kwargs)
           ^^^^^^^^^^^^^^^^^^^^^^^^^^^^^^^^^^^^^^^^^^^^^^^^^^^^^^^^^^^^^^^^^^^^^^^^
  File "C:\Users\Sanjar\vscode_projects\.venv\Lib\site-packages\aiogram\dispatcher\router.py", line 153, in _wrapped
    return await self._propagate_event(
           ^^^^^^^^^^^^^^^^^^^^^^^^^^^^
    ...<4 lines>...
    )
    ^
  File "C:\Users\Sanjar\vscode_projects\.venv\Lib\site-packages\aiogram\dispatcher\router.py", line 189, in _propagate_event
    response = await router.propagate_event(update_type=update_type, event=event, **kwargs)
               ^^^^^^^^^^^^^^^^^^^^^^^^^^^^^^^^^^^^^^^^^^^^^^^^^^^^^^^^^^^^^^^^^^^^^^^^^^^^
  File "C:\Users\Sanjar\vscode_projects\.venv\Lib\site-packages\aiogram\dispatcher\router.py", line 161, in propagate_event
    return await observer.wrap_outer_middleware(_wrapped, event=event, data=kwargs)
           ^^^^^^^^^^^^^^^^^^^^^^^^^^^^^^^^^^^^^^^^^^^^^^^^^^^^^^^^^^^^^^^^^^^^^^^^
  File "C:\Users\Sanjar\vscode_projects\.venv\Lib\site-packages\aiogram\dispatcher\router.py", line 153, in _wrapped
    return await self._propagate_event(
           ^^^^^^^^^^^^^^^^^^^^^^^^^^^^
    ...<4 lines>...
    )
    ^
  File "C:\Users\Sanjar\vscode_projects\.venv\Lib\site-packages\aiogram\dispatcher\router.py", line 181, in _propagate_event
    response = await observer.trigger(event, **kwargs)
               ^^^^^^^^^^^^^^^^^^^^^^^^^^^^^^^^^^^^^^^
  File "C:\Users\Sanjar\vscode_projects\.venv\Lib\site-packages\aiogram\dispatcher\event\telegram.py", line 126, in trigger
    return await wrapped_inner(event, kwargs)
           ^^^^^^^^^^^^^^^^^^^^^^^^^^^^^^^^^^
  File "C:\Users\Sanjar\vscode_projects\.venv\Lib\site-packages\aiogram\dispatcher\event\handler.py", line 71, in call
    return await wrapped()
           ^^^^^^^^^^^^^^^
  File "C:\Users\Sanjar\vscode_projects\namoz-bot\bot\handlers\mosques.py", line 67, in mosques_menu
    await _send_mosques(callback.message.answer, i18n, lang, db_user, settings)
  File "C:\Users\Sanjar\vscode_projects\namoz-bot\bot\handlers\mosques.py", line 117, in _send_mosques
    items = await client.find_mosques(
            ^^^^^^^^^^^^^^^^^^^^^^^^^^
    ...<4 lines>...
    )
    ^
  File "C:\Users\Sanjar\vscode_projects\namoz-bot\bot\services\overpass.py", line 30, in find_mosques
    payload = await self._fetch_with_fallback(lat, lon, radius_km)
              ^^^^^^^^^^^^^^^^^^^^^^^^^^^^^^^^^^^^^^^^^^^^^^^^^^^^
  File "C:\Users\Sanjar\vscode_projects\namoz-bot\bot\services\overpass.py", line 64, in _fetch_with_fallback
    async with session.post(url, data={"data": query}) as resp:
               ~~~~~~~~~~~~^^^^^^^^^^^^^^^^^^^^^^^^^^^
  File "C:\Users\Sanjar\vscode_projects\.venv\Lib\site-packages\aiohttp\client.py", line 1510, in __aenter__
    self._resp: _RetType = await self._coro
                           ^^^^^^^^^^^^^^^^
  File "C:\Users\Sanjar\vscode_projects\.venv\Lib\site-packages\aiohttp\client.py", line 779, in _request
    resp = await handler(req)
           ^^^^^^^^^^^^^^^^^^
  File "C:\Users\Sanjar\vscode_projects\.venv\Lib\site-packages\aiohttp\client.py", line 757, in _connect_and_send_request
    await resp.start(conn)
  File "C:\Users\Sanjar\vscode_projects\.venv\Lib\site-packages\aiohttp\client_reqrep.py", line 534, in start
    with self._timer:
         ^^^^^^^^^^^
  File "C:\Users\Sanjar\vscode_projects\.venv\Lib\site-packages\aiohttp\helpers.py", line 713, in __exit__
    raise asyncio.TimeoutError from exc_val
TimeoutError
2026-02-11 19:12:49,970 | ERROR | bot.handlers.errors | Unhandled exception: update=Update(update_id=717650396, message=None, edited_message=None, channel_post=None, edited_channel_post=None, business_connection=None, business_message=None, edited_business_message=None, deleted_business_messages=None, message_reaction=None, message_reaction_count=None, inline_query=None, chosen_inline_result=None, callback_query=CallbackQuery(id='8180629272124582363', from_user=User(id=8347152122, is_bot=False, first_name='سنجر', last_name=None, username='raxmv77', language_code='en', is_premium=None, added_to_attachment_menu=None, can_join_groups=None, can_read_all_group_messages=None, supports_inline_queries=None, can_connect_to_business=None, has_main_web_app=None, has_topics_enabled=None, allows_users_to_create_topics=None), chat_instance='-3702739898278178400', message=Message(message_id=209, date=datetime.datetime(2026, 2, 11, 14, 12, 12, tzinfo=TzInfo(0)), chat=Chat(id=8347152122, type='private', title=None, username='raxmv77', first_name='سنجر', last_name=None, is_forum=None, is_direct_messages=None, accent_color_id=None, active_usernames=None, available_reactions=None, background_custom_emoji_id=None, bio=None, birthdate=None, business_intro=None, business_location=None, business_opening_hours=None, can_set_sticker_set=None, custom_emoji_sticker_set_name=None, description=None, emoji_status_custom_emoji_id=None, emoji_status_expiration_date=None, has_aggressive_anti_spam_enabled=None, has_hidden_members=None, has_private_forwards=None, has_protected_content=None, has_restricted_voice_and_video_messages=None, has_visible_history=None, invite_link=None, join_by_request=None, join_to_send_messages=None, linked_chat_id=None, location=None, message_auto_delete_time=None, permissions=None, personal_chat=None, photo=None, pinned_message=None, profile_accent_color_id=None, profile_background_custom_emoji_id=None, slow_mode_delay=None, sticker_set_name=None, unrestrict_boost_count=None), message_thread_id=None, direct_messages_topic=None, from_user=User(id=8271511197, is_bot=True, first_name='Namoz Time & Islamic Assistant Bot', last_name=None, username='NamozPlusBot', language_code=None, is_premium=None, added_to_attachment_menu=None, can_join_groups=None, can_read_all_group_messages=None, supports_inline_queries=None, can_connect_to_business=None, has_main_web_app=None, has_topics_enabled=None, allows_users_to_create_topics=None), sender_chat=None, sender_boost_count=None, sender_business_bot=None, business_connection_id=None, forward_origin=None, is_topic_message=None, is_automatic_forward=None, reply_to_message=None, external_reply=None, quote=None, reply_to_story=None, reply_to_checklist_task_id=None, via_bot=None, edit_date=None, has_protected_content=None, is_from_offline=None, is_paid_post=None, media_group_id=None, author_signature=None, paid_star_count=None, text='Asosiy menyu:', entities=None, link_preview_options=None, suggested_post_info=None, effect_id=None, animation=None, audio=None, document=None, paid_media=None, photo=None, sticker=None, story=None, video=None, video_note=None, voice=None, caption=None, caption_entities=None, show_caption_above_media=None, has_media_spoiler=None, checklist=None, contact=None, dice=None, game=None, poll=None, venue=None, location=None, new_chat_members=None, left_chat_member=None, chat_owner_left=None, chat_owner_changed=None, new_chat_title=None, new_chat_photo=None, delete_chat_photo=None, group_chat_created=None, supergroup_chat_created=None, channel_chat_created=None, message_auto_delete_timer_changed=None, migrate_to_chat_id=None, migrate_from_chat_id=None, pinned_message=None, invoice=None, successful_payment=None, refunded_payment=None, users_shared=None, chat_shared=None, gift=None, unique_gift=None, gift_upgrade_sent=None, connected_website=None, write_access_allowed=None, passport_data=None, proximity_alert_triggered=None, boost_added=None, chat_background_set=None, checklist_tasks_done=None, checklist_tasks_added=None, direct_message_price_changed=None, forum_topic_created=None, forum_topic_edited=None, forum_topic_closed=None, forum_topic_reopened=None, general_forum_topic_hidden=None, general_forum_topic_unhidden=None, giveaway_created=None, giveaway=None, giveaway_winners=None, giveaway_completed=None, paid_message_price_changed=None, suggested_post_approved=None, suggested_post_approval_failed=None, suggested_post_declined=None, suggested_post_paid=None, suggested_post_refunded=None, video_chat_scheduled=None, video_chat_started=None, video_chat_ended=None, video_chat_participants_invited=None, web_app_data=None, reply_markup=InlineKeyboardMarkup(inline_keyboard=[[InlineKeyboardButton(text='🕌 Namoz vaqtlari', icon_custom_emoji_id=None, style=None, url=None, callback_data='menu:prayer_times', web_app=None, login_url=None, switch_inline_query=None, switch_inline_query_current_chat=None, switch_inline_query_chosen_chat=None, copy_text=None, callback_game=None, pay=None), InlineKeyboardButton(text='📍 Shahar/GPS', icon_custom_emoji_id=None, style=None, url=None, callback_data='menu:location', web_app=None, login_url=None, switch_inline_query=None, switch_inline_query_current_chat=None, switch_inline_query_chosen_chat=None, copy_text=None, callback_game=None, pay=None)], [InlineKeyboardButton(text='🕌 Yaqin masjidlar', icon_custom_emoji_id=None, style=None, url=None, callback_data='menu:mosques', web_app=None, login_url=None, switch_inline_query=None, switch_inline_query_current_chat=None, switch_inline_query_chosen_chat=None, copy_text=None, callback_game=None, pay=None), InlineKeyboardButton(text='🔔 Eslatmalar', icon_custom_emoji_id=None, style=None, url=None, callback_data='menu:reminders', web_app=None, login_url=None, switch_inline_query=None, switch_inline_query_current_chat=None, switch_inline_query_chosen_chat=None, copy_text=None, callback_game=None, pay=None)], [InlineKeyboardButton(text='🧭 Qibla', icon_custom_emoji_id=None, style=None, url=None, callback_data='menu:qibla', web_app=None, login_url=None, switch_inline_query=None, switch_inline_query_current_chat=None, switch_inline_query_chosen_chat=None, copy_text=None, callback_game=None, pay=None), InlineKeyboardButton(text='🗓 Hijriy sana', icon_custom_emoji_id=None, style=None, url=None, callback_data='menu:hijri', web_app=None, login_url=None, switch_inline_query=None, switch_inline_query_current_chat=None, switch_inline_query_chosen_chat=None, copy_text=None, callback_game=None, pay=None)], [InlineKeyboardButton(text='🤲 Duolar', icon_custom_emoji_id=None, style=None, url=None, callback_data='menu:duas', web_app=None, login_url=None, switch_inline_query=None, switch_inline_query_current_chat=None, switch_inline_query_chosen_chat=None, copy_text=None, callback_game=None, pay=None), InlineKeyboardButton(text='📿 Tasbeh', icon_custom_emoji_id=None, style=None, url=None, callback_data='menu:tasbeh', web_app=None, login_url=None, switch_inline_query=None, switch_inline_query_current_chat=None, switch_inline_query_chosen_chat=None, copy_text=None, callback_game=None, pay=None)], [InlineKeyboardButton(text='⚙️ Sozlamalar', icon_custom_emoji_id=None, style=None, url=None, callback_data='menu:settings', web_app=None, login_url=None, switch_inline_query=None, switch_inline_query_current_chat=None, switch_inline_query_chosen_chat=None, copy_text=None, callback_game=None, pay=None), InlineKeyboardButton(text='ℹ️ Yordam', icon_custom_emoji_id=None, style=None, url=None, callback_data='menu:help', web_app=None, login_url=None, switch_inline_query=None, switch_inline_query_current_chat=None, switch_inline_query_chosen_chat=None, copy_text=None, callback_game=None, pay=None)]]), forward_date=None, forward_from=None, forward_from_chat=None, forward_from_message_id=None, forward_sender_name=None, forward_signature=None, user_shared=None), inline_message_id=None, data='menu:mosques', game_short_name=None), shipping_query=None, pre_checkout_query=None, purchased_paid_media=None, poll=None, poll_answer=None, my_chat_member=None, chat_member=None, chat_join_request=None, chat_boost=None, removed_chat_boost=None) exception=TimeoutError()
Traceback (most recent call last):
  File "C:\Users\Sanjar\vscode_projects\.venv\Lib\site-packages\aiohttp\client_reqrep.py", line 539, in start
    message, payload = await protocol.read()  # type: ignore[union-attr]
                       ^^^^^^^^^^^^^^^^^^^^^
  File "C:\Users\Sanjar\vscode_projects\.venv\Lib\site-packages\aiohttp\streams.py", line 703, in read
    await self._waiter
asyncio.exceptions.CancelledError

The above exception was the direct cause of the following exception:

Traceback (most recent call last):
  File "C:\Users\Sanjar\vscode_projects\.venv\Lib\site-packages\aiogram\dispatcher\middlewares\error.py", line 27, in __call__
    return await handler(event, data)
           ^^^^^^^^^^^^^^^^^^^^^^^^^^
  File "C:\Users\Sanjar\vscode_projects\.venv\Lib\site-packages\aiogram\dispatcher\middlewares\user_context.py", line 58, in __call__
    return await handler(event, data)
           ^^^^^^^^^^^^^^^^^^^^^^^^^^
  File "C:\Users\Sanjar\vscode_projects\.venv\Lib\site-packages\aiogram\fsm\middleware.py", line 43, in __call__
    return await handler(event, data)
           ^^^^^^^^^^^^^^^^^^^^^^^^^^
  File "C:\Users\Sanjar\vscode_projects\.venv\Lib\site-packages\aiogram\dispatcher\event\telegram.py", line 126, in trigger
    return await wrapped_inner(event, kwargs)
           ^^^^^^^^^^^^^^^^^^^^^^^^^^^^^^^^^^
  File "C:\Users\Sanjar\vscode_projects\namoz-bot\bot\middlewares\db.py", line 26, in __call__
    result = await handler(event, data)
             ^^^^^^^^^^^^^^^^^^^^^^^^^^
  File "C:\Users\Sanjar\vscode_projects\namoz-bot\bot\middlewares\i18n.py", line 71, in __call__
    return await handler(event, data)
           ^^^^^^^^^^^^^^^^^^^^^^^^^^
  File "C:\Users\Sanjar\vscode_projects\.venv\Lib\site-packages\aiogram\dispatcher\event\handler.py", line 71, in call
    return await wrapped()
           ^^^^^^^^^^^^^^^
  File "C:\Users\Sanjar\vscode_projects\.venv\Lib\site-packages\aiogram\dispatcher\dispatcher.py", line 283, in _listen_update
    return await self.propagate_event(update_type=update_type, event=event, **kwargs)
           ^^^^^^^^^^^^^^^^^^^^^^^^^^^^^^^^^^^^^^^^^^^^^^^^^^^^^^^^^^^^^^^^^^^^^^^^^^
  File "C:\Users\Sanjar\vscode_projects\.venv\Lib\site-packages\aiogram\dispatcher\router.py", line 161, in propagate_event
    return await observer.wrap_outer_middleware(_wrapped, event=event, data=kwargs)
           ^^^^^^^^^^^^^^^^^^^^^^^^^^^^^^^^^^^^^^^^^^^^^^^^^^^^^^^^^^^^^^^^^^^^^^^^
  File "C:\Users\Sanjar\vscode_projects\.venv\Lib\site-packages\aiogram\dispatcher\router.py", line 153, in _wrapped
    return await self._propagate_event(
           ^^^^^^^^^^^^^^^^^^^^^^^^^^^^
    ...<4 lines>...
    )
    ^
  File "C:\Users\Sanjar\vscode_projects\.venv\Lib\site-packages\aiogram\dispatcher\router.py", line 189, in _propagate_event
    response = await router.propagate_event(update_type=update_type, event=event, **kwargs)
               ^^^^^^^^^^^^^^^^^^^^^^^^^^^^^^^^^^^^^^^^^^^^^^^^^^^^^^^^^^^^^^^^^^^^^^^^^^^^
  File "C:\Users\Sanjar\vscode_projects\.venv\Lib\site-packages\aiogram\dispatcher\router.py", line 161, in propagate_event
    return await observer.wrap_outer_middleware(_wrapped, event=event, data=kwargs)
           ^^^^^^^^^^^^^^^^^^^^^^^^^^^^^^^^^^^^^^^^^^^^^^^^^^^^^^^^^^^^^^^^^^^^^^^^
  File "C:\Users\Sanjar\vscode_projects\.venv\Lib\site-packages\aiogram\dispatcher\router.py", line 153, in _wrapped
    return await self._propagate_event(
           ^^^^^^^^^^^^^^^^^^^^^^^^^^^^
    ...<4 lines>...
    )
    ^
  File "C:\Users\Sanjar\vscode_projects\.venv\Lib\site-packages\aiogram\dispatcher\router.py", line 181, in _propagate_event
    response = await observer.trigger(event, **kwargs)
               ^^^^^^^^^^^^^^^^^^^^^^^^^^^^^^^^^^^^^^^
  File "C:\Users\Sanjar\vscode_projects\.venv\Lib\site-packages\aiogram\dispatcher\event\telegram.py", line 126, in trigger
    return await wrapped_inner(event, kwargs)
           ^^^^^^^^^^^^^^^^^^^^^^^^^^^^^^^^^^
  File "C:\Users\Sanjar\vscode_projects\.venv\Lib\site-packages\aiogram\dispatcher\event\handler.py", line 71, in call
    return await wrapped()
           ^^^^^^^^^^^^^^^
  File "C:\Users\Sanjar\vscode_projects\namoz-bot\bot\handlers\mosques.py", line 67, in mosques_menu
    await _send_mosques(callback.message.answer, i18n, lang, db_user, settings)
  File "C:\Users\Sanjar\vscode_projects\namoz-bot\bot\handlers\mosques.py", line 117, in _send_mosques
    items = await client.find_mosques(
            ^^^^^^^^^^^^^^^^^^^^^^^^^^
    ...<4 lines>...
    )
    ^
  File "C:\Users\Sanjar\vscode_projects\namoz-bot\bot\services\overpass.py", line 30, in find_mosques
    payload = await self._fetch_with_fallback(lat, lon, radius_km)
              ^^^^^^^^^^^^^^^^^^^^^^^^^^^^^^^^^^^^^^^^^^^^^^^^^^^^
  File "C:\Users\Sanjar\vscode_projects\namoz-bot\bot\services\overpass.py", line 64, in _fetch_with_fallback
    async with session.post(url, data={"data": query}) as resp:
               ~~~~~~~~~~~~^^^^^^^^^^^^^^^^^^^^^^^^^^^
  File "C:\Users\Sanjar\vscode_projects\.venv\Lib\site-packages\aiohttp\client.py", line 1510, in __aenter__
    self._resp: _RetType = await self._coro
                           ^^^^^^^^^^^^^^^^
  File "C:\Users\Sanjar\vscode_projects\.venv\Lib\site-packages\aiohttp\client.py", line 779, in _request
    resp = await handler(req)
           ^^^^^^^^^^^^^^^^^^
  File "C:\Users\Sanjar\vscode_projects\.venv\Lib\site-packages\aiohttp\client.py", line 757, in _connect_and_send_request
    await resp.start(conn)
  File "C:\Users\Sanjar\vscode_projects\.venv\Lib\site-packages\aiohttp\client_reqrep.py", line 534, in start
    with self._timer:
         ^^^^^^^^^^^
  File "C:\Users\Sanjar\vscode_projects\.venv\Lib\site-packages\aiohttp\helpers.py", line 713, in __exit__
    raise asyncio.TimeoutError from exc_val
TimeoutError
2026-02-11 19:12:50,001 | INFO | aiogram.event | Update id=717650396 is handled. Duration 24976 ms by bot id=8271511197
2026-02-11 19:12:50,027 | INFO | aiogram.event | Update id=717650398 is handled. Duration 2293 ms by bot id=8271511197
2026-02-11 19:12:54,950 | ERROR | bot.middlewares.db | DB session rolled back due to error
Traceback (most recent call last):
  File "C:\Users\Sanjar\vscode_projects\.venv\Lib\site-packages\aiohttp\client_reqrep.py", line 539, in start
    message, payload = await protocol.read()  # type: ignore[union-attr]
                       ^^^^^^^^^^^^^^^^^^^^^
  File "C:\Users\Sanjar\vscode_projects\.venv\Lib\site-packages\aiohttp\streams.py", line 703, in read
    await self._waiter
asyncio.exceptions.CancelledError

The above exception was the direct cause of the following exception:

Traceback (most recent call last):
  File "C:\Users\Sanjar\vscode_projects\namoz-bot\bot\middlewares\db.py", line 26, in __call__
    result = await handler(event, data)
             ^^^^^^^^^^^^^^^^^^^^^^^^^^
  File "C:\Users\Sanjar\vscode_projects\namoz-bot\bot\middlewares\i18n.py", line 71, in __call__
    return await handler(event, data)
           ^^^^^^^^^^^^^^^^^^^^^^^^^^
  File "C:\Users\Sanjar\vscode_projects\.venv\Lib\site-packages\aiogram\dispatcher\event\handler.py", line 71, in call
    return await wrapped()
           ^^^^^^^^^^^^^^^
  File "C:\Users\Sanjar\vscode_projects\.venv\Lib\site-packages\aiogram\dispatcher\dispatcher.py", line 283, in _listen_update
    return await self.propagate_event(update_type=update_type, event=event, **kwargs)
           ^^^^^^^^^^^^^^^^^^^^^^^^^^^^^^^^^^^^^^^^^^^^^^^^^^^^^^^^^^^^^^^^^^^^^^^^^^
  File "C:\Users\Sanjar\vscode_projects\.venv\Lib\site-packages\aiogram\dispatcher\router.py", line 161, in propagate_event
    return await observer.wrap_outer_middleware(_wrapped, event=event, data=kwargs)
           ^^^^^^^^^^^^^^^^^^^^^^^^^^^^^^^^^^^^^^^^^^^^^^^^^^^^^^^^^^^^^^^^^^^^^^^^
  File "C:\Users\Sanjar\vscode_projects\.venv\Lib\site-packages\aiogram\dispatcher\router.py", line 153, in _wrapped
    return await self._propagate_event(
           ^^^^^^^^^^^^^^^^^^^^^^^^^^^^
    ...<4 lines>...
    )
    ^
  File "C:\Users\Sanjar\vscode_projects\.venv\Lib\site-packages\aiogram\dispatcher\router.py", line 189, in _propagate_event
    response = await router.propagate_event(update_type=update_type, event=event, **kwargs)
               ^^^^^^^^^^^^^^^^^^^^^^^^^^^^^^^^^^^^^^^^^^^^^^^^^^^^^^^^^^^^^^^^^^^^^^^^^^^^
  File "C:\Users\Sanjar\vscode_projects\.venv\Lib\site-packages\aiogram\dispatcher\router.py", line 161, in propagate_event
    return await observer.wrap_outer_middleware(_wrapped, event=event, data=kwargs)
           ^^^^^^^^^^^^^^^^^^^^^^^^^^^^^^^^^^^^^^^^^^^^^^^^^^^^^^^^^^^^^^^^^^^^^^^^
  File "C:\Users\Sanjar\vscode_projects\.venv\Lib\site-packages\aiogram\dispatcher\router.py", line 153, in _wrapped
    return await self._propagate_event(
           ^^^^^^^^^^^^^^^^^^^^^^^^^^^^
    ...<4 lines>...
    )
    ^
  File "C:\Users\Sanjar\vscode_projects\.venv\Lib\site-packages\aiogram\dispatcher\router.py", line 181, in _propagate_event
    response = await observer.trigger(event, **kwargs)
               ^^^^^^^^^^^^^^^^^^^^^^^^^^^^^^^^^^^^^^^
  File "C:\Users\Sanjar\vscode_projects\.venv\Lib\site-packages\aiogram\dispatcher\event\telegram.py", line 126, in trigger
    return await wrapped_inner(event, kwargs)
           ^^^^^^^^^^^^^^^^^^^^^^^^^^^^^^^^^^
  File "C:\Users\Sanjar\vscode_projects\.venv\Lib\site-packages\aiogram\dispatcher\event\handler.py", line 71, in call
    return await wrapped()
           ^^^^^^^^^^^^^^^
  File "C:\Users\Sanjar\vscode_projects\namoz-bot\bot\handlers\mosques.py", line 67, in mosques_menu
    await _send_mosques(callback.message.answer, i18n, lang, db_user, settings)
  File "C:\Users\Sanjar\vscode_projects\namoz-bot\bot\handlers\mosques.py", line 117, in _send_mosques
    items = await client.find_mosques(
            ^^^^^^^^^^^^^^^^^^^^^^^^^^
    ...<4 lines>...
    )
    ^
  File "C:\Users\Sanjar\vscode_projects\namoz-bot\bot\services\overpass.py", line 30, in find_mosques
    payload = await self._fetch_with_fallback(lat, lon, radius_km)
              ^^^^^^^^^^^^^^^^^^^^^^^^^^^^^^^^^^^^^^^^^^^^^^^^^^^^
  File "C:\Users\Sanjar\vscode_projects\namoz-bot\bot\services\overpass.py", line 64, in _fetch_with_fallback
    async with session.post(url, data={"data": query}) as resp:
               ~~~~~~~~~~~~^^^^^^^^^^^^^^^^^^^^^^^^^^^
  File "C:\Users\Sanjar\vscode_projects\.venv\Lib\site-packages\aiohttp\client.py", line 1510, in __aenter__
    self._resp: _RetType = await self._coro
                           ^^^^^^^^^^^^^^^^
  File "C:\Users\Sanjar\vscode_projects\.venv\Lib\site-packages\aiohttp\client.py", line 779, in _request
    resp = await handler(req)
           ^^^^^^^^^^^^^^^^^^
  File "C:\Users\Sanjar\vscode_projects\.venv\Lib\site-packages\aiohttp\client.py", line 757, in _connect_and_send_request
    await resp.start(conn)
  File "C:\Users\Sanjar\vscode_projects\.venv\Lib\site-packages\aiohttp\client_reqrep.py", line 534, in start
    with self._timer:
         ^^^^^^^^^^^
  File "C:\Users\Sanjar\vscode_projects\.venv\Lib\site-packages\aiohttp\helpers.py", line 713, in __exit__
    raise asyncio.TimeoutError from exc_val
TimeoutError
2026-02-11 19:12:54,963 | ERROR | bot.handlers.errors | Unhandled exception: update=Update(update_id=717650397, message=None, edited_message=None, channel_post=None, edited_channel_post=None, business_connection=None, business_message=None, edited_business_message=None, deleted_business_messages=None, message_reaction=None, message_reaction_count=None, inline_query=None, chosen_inline_result=None, callback_query=CallbackQuery(id='8180629268447091093', from_user=User(id=8347152122, is_bot=False, first_name='سنجر', last_name=None, username='raxmv77', language_code='en', is_premium=None, added_to_attachment_menu=None, can_join_groups=None, can_read_all_group_messages=None, supports_inline_queries=None, can_connect_to_business=None, has_main_web_app=None, has_topics_enabled=None, allows_users_to_create_topics=None), chat_instance='-3702739898278178400', message=Message(message_id=209, date=datetime.datetime(2026, 2, 11, 14, 12, 12, tzinfo=TzInfo(0)), chat=Chat(id=8347152122, type='private', title=None, username='raxmv77', first_name='سنجر', last_name=None, is_forum=None, is_direct_messages=None, accent_color_id=None, active_usernames=None, available_reactions=None, background_custom_emoji_id=None, bio=None, birthdate=None, business_intro=None, business_location=None, business_opening_hours=None, can_set_sticker_set=None, custom_emoji_sticker_set_name=None, description=None, emoji_status_custom_emoji_id=None, emoji_status_expiration_date=None, has_aggressive_anti_spam_enabled=None, has_hidden_members=None, has_private_forwards=None, has_protected_content=None, has_restricted_voice_and_video_messages=None, has_visible_history=None, invite_link=None, join_by_request=None, join_to_send_messages=None, linked_chat_id=None, location=None, message_auto_delete_time=None, permissions=None, personal_chat=None, photo=None, pinned_message=None, profile_accent_color_id=None, profile_background_custom_emoji_id=None, slow_mode_delay=None, sticker_set_name=None, unrestrict_boost_count=None), message_thread_id=None, direct_messages_topic=None, from_user=User(id=8271511197, is_bot=True, first_name='Namoz Time & Islamic Assistant Bot', last_name=None, username='NamozPlusBot', language_code=None, is_premium=None, added_to_attachment_menu=None, can_join_groups=None, can_read_all_group_messages=None, supports_inline_queries=None, can_connect_to_business=None, has_main_web_app=None, has_topics_enabled=None, allows_users_to_create_topics=None), sender_chat=None, sender_boost_count=None, sender_business_bot=None, business_connection_id=None, forward_origin=None, is_topic_message=None, is_automatic_forward=None, reply_to_message=None, external_reply=None, quote=None, reply_to_story=None, reply_to_checklist_task_id=None, via_bot=None, edit_date=None, has_protected_content=None, is_from_offline=None, is_paid_post=None, media_group_id=None, author_signature=None, paid_star_count=None, text='Asosiy menyu:', entities=None, link_preview_options=None, suggested_post_info=None, effect_id=None, animation=None, audio=None, document=None, paid_media=None, photo=None, sticker=None, story=None, video=None, video_note=None, voice=None, caption=None, caption_entities=None, show_caption_above_media=None, has_media_spoiler=None, checklist=None, contact=None, dice=None, game=None, poll=None, venue=None, location=None, new_chat_members=None, left_chat_member=None, chat_owner_left=None, chat_owner_changed=None, new_chat_title=None, new_chat_photo=None, delete_chat_photo=None, group_chat_created=None, supergroup_chat_created=None, channel_chat_created=None, message_auto_delete_timer_changed=None, migrate_to_chat_id=None, migrate_from_chat_id=None, pinned_message=None, invoice=None, successful_payment=None, refunded_payment=None, users_shared=None, chat_shared=None, gift=None, unique_gift=None, gift_upgrade_sent=None, connected_website=None, write_access_allowed=None, passport_data=None, proximity_alert_triggered=None, boost_added=None, chat_background_set=None, checklist_tasks_done=None, checklist_tasks_added=None, direct_message_price_changed=None, forum_topic_created=None, forum_topic_edited=None, forum_topic_closed=None, forum_topic_reopened=None, general_forum_topic_hidden=None, general_forum_topic_unhidden=None, giveaway_created=None, giveaway=None, giveaway_winners=None, giveaway_completed=None, paid_message_price_changed=None, suggested_post_approved=None, suggested_post_approval_failed=None, suggested_post_declined=None, suggested_post_paid=None, suggested_post_refunded=None, video_chat_scheduled=None, video_chat_started=None, video_chat_ended=None, video_chat_participants_invited=None, web_app_data=None, reply_markup=InlineKeyboardMarkup(inline_keyboard=[[InlineKeyboardButton(text='🕌 Namoz vaqtlari', icon_custom_emoji_id=None, style=None, url=None, callback_data='menu:prayer_times', web_app=None, login_url=None, switch_inline_query=None, switch_inline_query_current_chat=None, switch_inline_query_chosen_chat=None, copy_text=None, callback_game=None, pay=None), InlineKeyboardButton(text='📍 Shahar/GPS', icon_custom_emoji_id=None, style=None, url=None, callback_data='menu:location', web_app=None, login_url=None, switch_inline_query=None, switch_inline_query_current_chat=None, switch_inline_query_chosen_chat=None, copy_text=None, callback_game=None, pay=None)], [InlineKeyboardButton(text='🕌 Yaqin masjidlar', icon_custom_emoji_id=None, style=None, url=None, callback_data='menu:mosques', web_app=None, login_url=None, switch_inline_query=None, switch_inline_query_current_chat=None, switch_inline_query_chosen_chat=None, copy_text=None, callback_game=None, pay=None), InlineKeyboardButton(text='🔔 Eslatmalar', icon_custom_emoji_id=None, style=None, url=None, callback_data='menu:reminders', web_app=None, login_url=None, switch_inline_query=None, switch_inline_query_current_chat=None, switch_inline_query_chosen_chat=None, copy_text=None, callback_game=None, pay=None)], [InlineKeyboardButton(text='🧭 Qibla', icon_custom_emoji_id=None, style=None, url=None, callback_data='menu:qibla', web_app=None, login_url=None, switch_inline_query=None, switch_inline_query_current_chat=None, switch_inline_query_chosen_chat=None, copy_text=None, callback_game=None, pay=None), InlineKeyboardButton(text='🗓 Hijriy sana', icon_custom_emoji_id=None, style=None, url=None, callback_data='menu:hijri', web_app=None, login_url=None, switch_inline_query=None, switch_inline_query_current_chat=None, switch_inline_query_chosen_chat=None, copy_text=None, callback_game=None, pay=None)], [InlineKeyboardButton(text='🤲 Duolar', icon_custom_emoji_id=None, style=None, url=None, callback_data='menu:duas', web_app=None, login_url=None, switch_inline_query=None, switch_inline_query_current_chat=None, switch_inline_query_chosen_chat=None, copy_text=None, callback_game=None, pay=None), InlineKeyboardButton(text='📿 Tasbeh', icon_custom_emoji_id=None, style=None, url=None, callback_data='menu:tasbeh', web_app=None, login_url=None, switch_inline_query=None, switch_inline_query_current_chat=None, switch_inline_query_chosen_chat=None, copy_text=None, callback_game=None, pay=None)], [InlineKeyboardButton(text='⚙️ Sozlamalar', icon_custom_emoji_id=None, style=None, url=None, callback_data='menu:settings', web_app=None, login_url=None, switch_inline_query=None, switch_inline_query_current_chat=None, switch_inline_query_chosen_chat=None, copy_text=None, callback_game=None, pay=None), InlineKeyboardButton(text='ℹ️ Yordam', icon_custom_emoji_id=None, style=None, url=None, callback_data='menu:help', web_app=None, login_url=None, switch_inline_query=None, switch_inline_query_current_chat=None, switch_inline_query_chosen_chat=None, copy_text=None, callback_game=None, pay=None)]]), forward_date=None, forward_from=None, forward_from_chat=None, forward_from_message_id=None, forward_sender_name=None, forward_signature=None, user_shared=None), inline_message_id=None, data='menu:mosques', game_short_name=None), shipping_query=None, pre_checkout_query=None, purchased_paid_media=None, poll=None, poll_answer=None, my_chat_member=None, chat_member=None, chat_join_request=None, chat_boost=None, removed_chat_boost=None) exception=TimeoutError()
Traceback (most recent call last):
  File "C:\Users\Sanjar\vscode_projects\.venv\Lib\site-packages\aiohttp\client_reqrep.py", line 539, in start
    message, payload = await protocol.read()  # type: ignore[union-attr]
                       ^^^^^^^^^^^^^^^^^^^^^
  File "C:\Users\Sanjar\vscode_projects\.venv\Lib\site-packages\aiohttp\streams.py", line 703, in read
    await self._waiter
asyncio.exceptions.CancelledError

The above exception was the direct cause of the following exception:

Traceback (most recent call last):
  File "C:\Users\Sanjar\vscode_projects\.venv\Lib\site-packages\aiogram\dispatcher\middlewares\error.py", line 27, in __call__
    return await handler(event, data)
           ^^^^^^^^^^^^^^^^^^^^^^^^^^
  File "C:\Users\Sanjar\vscode_projects\.venv\Lib\site-packages\aiogram\dispatcher\middlewares\user_context.py", line 58, in __call__
    return await handler(event, data)
           ^^^^^^^^^^^^^^^^^^^^^^^^^^
  File "C:\Users\Sanjar\vscode_projects\.venv\Lib\site-packages\aiogram\fsm\middleware.py", line 43, in __call__
    return await handler(event, data)
           ^^^^^^^^^^^^^^^^^^^^^^^^^^
  File "C:\Users\Sanjar\vscode_projects\.venv\Lib\site-packages\aiogram\dispatcher\event\telegram.py", line 126, in trigger
    return await wrapped_inner(event, kwargs)
           ^^^^^^^^^^^^^^^^^^^^^^^^^^^^^^^^^^
  File "C:\Users\Sanjar\vscode_projects\namoz-bot\bot\middlewares\db.py", line 26, in __call__
    result = await handler(event, data)
             ^^^^^^^^^^^^^^^^^^^^^^^^^^
  File "C:\Users\Sanjar\vscode_projects\namoz-bot\bot\middlewares\i18n.py", line 71, in __call__
    return await handler(event, data)
           ^^^^^^^^^^^^^^^^^^^^^^^^^^
  File "C:\Users\Sanjar\vscode_projects\.venv\Lib\site-packages\aiogram\dispatcher\event\handler.py", line 71, in call
    return await wrapped()
           ^^^^^^^^^^^^^^^
  File "C:\Users\Sanjar\vscode_projects\.venv\Lib\site-packages\aiogram\dispatcher\dispatcher.py", line 283, in _listen_update
    return await self.propagate_event(update_type=update_type, event=event, **kwargs)
           ^^^^^^^^^^^^^^^^^^^^^^^^^^^^^^^^^^^^^^^^^^^^^^^^^^^^^^^^^^^^^^^^^^^^^^^^^^
  File "C:\Users\Sanjar\vscode_projects\.venv\Lib\site-packages\aiogram\dispatcher\router.py", line 161, in propagate_event
    return await observer.wrap_outer_middleware(_wrapped, event=event, data=kwargs)
           ^^^^^^^^^^^^^^^^^^^^^^^^^^^^^^^^^^^^^^^^^^^^^^^^^^^^^^^^^^^^^^^^^^^^^^^^
  File "C:\Users\Sanjar\vscode_projects\.venv\Lib\site-packages\aiogram\dispatcher\router.py", line 153, in _wrapped
    return await self._propagate_event(
           ^^^^^^^^^^^^^^^^^^^^^^^^^^^^
    ...<4 lines>...
    )
    ^
  File "C:\Users\Sanjar\vscode_projects\.venv\Lib\site-packages\aiogram\dispatcher\router.py", line 189, in _propagate_event
    response = await router.propagate_event(update_type=update_type, event=event, **kwargs)
               ^^^^^^^^^^^^^^^^^^^^^^^^^^^^^^^^^^^^^^^^^^^^^^^^^^^^^^^^^^^^^^^^^^^^^^^^^^^^
  File "C:\Users\Sanjar\vscode_projects\.venv\Lib\site-packages\aiogram\dispatcher\router.py", line 161, in propagate_event
    return await observer.wrap_outer_middleware(_wrapped, event=event, data=kwargs)
           ^^^^^^^^^^^^^^^^^^^^^^^^^^^^^^^^^^^^^^^^^^^^^^^^^^^^^^^^^^^^^^^^^^^^^^^^
  File "C:\Users\Sanjar\vscode_projects\.venv\Lib\site-packages\aiogram\dispatcher\router.py", line 153, in _wrapped
    return await self._propagate_event(
           ^^^^^^^^^^^^^^^^^^^^^^^^^^^^
    ...<4 lines>...
    )
    ^
  File "C:\Users\Sanjar\vscode_projects\.venv\Lib\site-packages\aiogram\dispatcher\router.py", line 181, in _propagate_event
    response = await observer.trigger(event, **kwargs)
               ^^^^^^^^^^^^^^^^^^^^^^^^^^^^^^^^^^^^^^^
  File "C:\Users\Sanjar\vscode_projects\.venv\Lib\site-packages\aiogram\dispatcher\event\telegram.py", line 126, in trigger
    return await wrapped_inner(event, kwargs)
           ^^^^^^^^^^^^^^^^^^^^^^^^^^^^^^^^^^
  File "C:\Users\Sanjar\vscode_projects\.venv\Lib\site-packages\aiogram\dispatcher\event\handler.py", line 71, in call
    return await wrapped()
           ^^^^^^^^^^^^^^^
  File "C:\Users\Sanjar\vscode_projects\namoz-bot\bot\handlers\mosques.py", line 67, in mosques_menu
    await _send_mosques(callback.message.answer, i18n, lang, db_user, settings)
  File "C:\Users\Sanjar\vscode_projects\namoz-bot\bot\handlers\mosques.py", line 117, in _send_mosques
    items = await client.find_mosques(
            ^^^^^^^^^^^^^^^^^^^^^^^^^^
    ...<4 lines>...
    )
    ^
  File "C:\Users\Sanjar\vscode_projects\namoz-bot\bot\services\overpass.py", line 30, in find_mosques
    payload = await self._fetch_with_fallback(lat, lon, radius_km)
              ^^^^^^^^^^^^^^^^^^^^^^^^^^^^^^^^^^^^^^^^^^^^^^^^^^^^
  File "C:\Users\Sanjar\vscode_projects\namoz-bot\bot\services\overpass.py", line 64, in _fetch_with_fallback
    async with session.post(url, data={"data": query}) as resp:
               ~~~~~~~~~~~~^^^^^^^^^^^^^^^^^^^^^^^^^^^
  File "C:\Users\Sanjar\vscode_projects\.venv\Lib\site-packages\aiohttp\client.py", line 1510, in __aenter__
    self._resp: _RetType = await self._coro
                           ^^^^^^^^^^^^^^^^
  File "C:\Users\Sanjar\vscode_projects\.venv\Lib\site-packages\aiohttp\client.py", line 779, in _request
    resp = await handler(req)
           ^^^^^^^^^^^^^^^^^^
  File "C:\Users\Sanjar\vscode_projects\.venv\Lib\site-packages\aiohttp\client.py", line 757, in _connect_and_send_request
    await resp.start(conn)
  File "C:\Users\Sanjar\vscode_projects\.venv\Lib\site-packages\aiohttp\client_reqrep.py", line 534, in start
    with self._timer:
         ^^^^^^^^^^^
  File "C:\Users\Sanjar\vscode_projects\.venv\Lib\site-packages\aiohttp\helpers.py", line 713, in __exit__
    raise asyncio.TimeoutError from exc_val
TimeoutError
2026-02-11 19:12:54,990 | INFO | aiogram.event | Update id=717650397 is handled. Duration 25271 ms by bot id=8271511197
2026-02-11 19:12:59,028 | ERROR | bot.services.overpass | Overpass error 504: <?xml version="1.0" encoding="UTF-8"?>
<!DOCTYPE html PUBLIC "-//W3C//DTD XHTML 1.0 Strict//EN"
    "http://www.w3.org/TR/xhtml1/DTD/xhtml1-strict.dtd">
<html xmlns="http://www.w3.org/1999/xhtml" xml:lang="en" lang="en">
<head>
  <meta http-equiv="content-type" content="text/html; charset=utf-8" lang="en"/>
  <title>OSM3S Response</title>
</head>
<body>

<p>The data included in this document is from www.openstreetmap.org. The data is made available under ODbL.</p>
<p><strong style="color:#FF0000">Error</strong>: runtime error: open64: 0 Success /osm3s_osm_base Dispatcher_Client::request_read_and_idx::timeout. The server is probably too busy to handle your request. </p>

</body>
</html>

2026-02-11 19:13:11,190 | ERROR | bot.services.overpass | Overpass error 504: <?xml version="1.0" encoding="UTF-8"?>
<!DOCTYPE html PUBLIC "-//W3C//DTD XHTML 1.0 Strict//EN"
    "http://www.w3.org/TR/xhtml1/DTD/xhtml1-strict.dtd">
<html xmlns="http://www.w3.org/1999/xhtml" xml:lang="en" lang="en">
<head>
  <meta http-equiv="content-type" content="text/html; charset=utf-8" lang="en"/>
  <title>OSM3S Response</title>
</head>
<body>

<p>The data included in this document is from www.openstreetmap.org. The data is made available under ODbL.</p>
<p><strong style="color:#FF0000">Error</strong>: runtime error: open64: 0 Success /osm3s_osm_base Dispatcher_Client::request_read_and_idx::timeout. The server is probably too busy to handle your request. </p>

</body>
</html>

2026-02-11 19:13:13,184 | INFO | aiogram.dispatcher | Polling stopped
2026-02-11 19:13:13,186 | ERROR | aiogram.dispatcher | Failed to fetch updates - TelegramNetworkError: HTTP Client says - ServerDisconnectedError: Server disconnected
2026-02-11 19:13:13,186 | WARNING | aiogram.dispatcher | Sleep for 1.000000 seconds and try again... (tryings = 0, bot id = 8271511197)
2026-02-11 19:13:13,446 | INFO | aiogram.dispatcher | Polling stopped for bot @NamozPlusBot id=8271511197 - 'Namoz Time & Islamic Assistant Bot'
2026-02-11 19:13:13,449 | INFO | aiogram.event | Update id=717650399 is not handled. Duration 18457 ms by bot id=8271511197
2026-02-11 19:13:13,449 | INFO | aiogram.event | Update id=717650400 is not handled. Duration 6338 ms by bot id=8271511197
2026-02-11 19:13:18,570 | INFO | apscheduler.scheduler | Adding job tentatively -- it will be properly scheduled when the scheduler starts
2026-02-11 19:13:18,571 | INFO | apscheduler.scheduler | Added job "SchedulerService.refresh_all" to job store "default"
2026-02-11 19:13:18,571 | INFO | apscheduler.scheduler | Scheduler started
2026-02-11 19:13:19,561 | INFO | apscheduler.scheduler | Added job "SchedulerService._send_reminder" to job store "default"
2026-02-11 19:13:20,375 | INFO | apscheduler.scheduler | Added job "SchedulerService._send_reminder" to job store "default"
2026-02-11 19:13:20,375 | INFO | apscheduler.scheduler | Added job "SchedulerService._send_reminder" to job store "default"
2026-02-11 19:13:20,376 | INFO | apscheduler.scheduler | Added job "SchedulerService._send_reminder" to job store "default"
2026-02-11 19:13:20,376 | INFO | apscheduler.scheduler | Added job "SchedulerService._send_reminder" to job store "default"
2026-02-11 19:13:20,377 | INFO | apscheduler.scheduler | Added job "SchedulerService._send_reminder" to job store "default"
2026-02-11 19:13:20,378 | INFO | aiogram.dispatcher | Start polling
2026-02-11 19:13:20,481 | INFO | aiogram.dispatcher | Run polling for bot @NamozPlusBot id=8271511197 - 'Namoz Time & Islamic Assistant Bot'
2026-02-11 19:13:24,157 | INFO | aiogram.event | Update id=717650401 is handled. Duration 381 ms by bot id=8271511197
2026-02-11 19:13:25,725 | INFO | aiogram.event | Update id=717650402 is handled. Duration 391 ms by bot id=8271511197
2026-02-11 19:13:29,877 | INFO | aiogram.event | Update id=717650403 is handled. Duration 2629 ms by bot id=8271511197
2026-02-11 19:14:05,865 | INFO | aiogram.event | Update id=717650404 is handled. Duration 337 ms by bot id=8271511197
2026-02-11 19:14:07,595 | INFO | aiogram.event | Update id=717650405 is handled. Duration 283 ms by bot id=8271511197
2026-02-11 19:14:09,712 | INFO | aiogram.event | Update id=717650406 is handled. Duration 448 ms by bot id=8271511197
2026-02-11 19:14:11,663 | INFO | aiogram.event | Update id=717650407 is handled. Duration 386 ms by bot id=8271511197
2026-02-11 19:14:14,368 | INFO | aiogram.event | Update id=717650408 is handled. Duration 1634 ms by bot id=8271511197
2026-02-11 19:15:00,010 | INFO | apscheduler.scheduler | Removed job 8347152122:Isha:2026-02-11
2026-02-11 19:15:00,013 | INFO | apscheduler.executors.default | Running job "SchedulerService._send_reminder (trigger: date[2026-02-11 19:15:00 +05], next run at: 2026-02-11 19:15:00 +05)" (scheduled at 2026-02-11 19:15:00+05:00)
2026-02-11 19:15:00,158 | INFO | apscheduler.executors.default | Job "SchedulerService._send_reminder (trigger: date[2026-02-11 19:15:00 +05], next run at: 2026-02-11 19:15:00 +05)" executed successfully
2026-02-11 19:15:34,042 | ERROR | bot.services.overpass | Overpass error 504: <?xml version="1.0" encoding="UTF-8"?>
<!DOCTYPE html PUBLIC "-//W3C//DTD XHTML 1.0 Strict//EN"
    "http://www.w3.org/TR/xhtml1/DTD/xhtml1-strict.dtd">
<html xmlns="http://www.w3.org/1999/xhtml" xml:lang="en" lang="en">
<head>
  <meta http-equiv="content-type" content="text/html; charset=utf-8" lang="en"/>
  <title>OSM3S Response</title>
</head>
<body>

<p>The data included in this document is from www.openstreetmap.org. The data is made available under ODbL.</p>
<p><strong style="color:#FF0000">Error</strong>: runtime error: open64: 0 Success /osm3s_osm_base Dispatcher_Client::request_read_and_idx::timeout. The server is probably too busy to handle your request. </p>

</body>
</html>

2026-02-11 19:15:39,189 | INFO | aiogram.event | Update id=717650410 is handled. Duration 245 ms by bot id=8271511197
2026-02-11 19:15:48,708 | INFO | aiogram.event | Update id=717650411 is handled. Duration 248 ms by bot id=8271511197
2026-02-11 19:15:52,770 | INFO | aiogram.event | Update id=717650409 is handled. Duration 23228 ms by bot id=8271511197
2026-02-11 19:15:54,917 | INFO | aiogram.event | Update id=717650412 is handled. Duration 419 ms by bot id=8271511197
2026-02-11 19:16:02,435 | INFO | aiogram.event | Update id=717650413 is handled. Duration 369 ms by bot id=8271511197
2026-02-11 19:16:03,677 | INFO | aiogram.event | Update id=717650414 is handled. Duration 335 ms by bot id=8271511197
2026-02-11 19:16:56,264 | INFO | aiogram.event | Update id=717650415 is handled. Duration 167 ms by bot id=8271511197
2026-02-11 19:17:04,083 | INFO | aiogram.event | Update id=717650416 is handled. Duration 2239 ms by bot id=8271511197
2026-02-11 19:17:15,803 | INFO | aiogram.event | Update id=717650417 is handled. Duration 180 ms by bot id=8271511197
2026-02-11 19:25:40,815 | INFO | aiogram.dispatcher | Polling stopped
2026-02-11 19:25:40,817 | ERROR | aiogram.dispatcher | Failed to fetch updates - TelegramNetworkError: HTTP Client says - ServerDisconnectedError: Server disconnected
2026-02-11 19:25:40,818 | WARNING | aiogram.dispatcher | Sleep for 1.000000 seconds and try again... (tryings = 0, bot id = 8271511197)
2026-02-11 19:25:41,070 | INFO | aiogram.dispatcher | Polling stopped for bot @NamozPlusBot id=8271511197 - 'Namoz Time & Islamic Assistant Bot'
2026-02-11 19:26:28,365 | INFO | apscheduler.scheduler | Adding job tentatively -- it will be properly scheduled when the scheduler starts
2026-02-11 19:26:28,366 | INFO | apscheduler.scheduler | Adding job tentatively -- it will be properly scheduled when the scheduler starts
2026-02-11 19:26:28,367 | INFO | apscheduler.scheduler | Added job "SchedulerService.refresh_all" to job store "default"
2026-02-11 19:26:28,368 | INFO | apscheduler.scheduler | Added job "SchedulerService.check_hijri_reminders" to job store "default"
2026-02-11 19:26:28,368 | INFO | apscheduler.scheduler | Scheduler started
2026-02-11 19:26:30,098 | INFO | apscheduler.scheduler | Added job "SchedulerService._send_reminder" to job store "default"
2026-02-11 19:26:30,099 | INFO | apscheduler.scheduler | Added job "SchedulerService._send_reminder" to job store "default"
2026-02-11 19:26:30,100 | INFO | apscheduler.scheduler | Added job "SchedulerService._send_reminder" to job store "default"
2026-02-11 19:26:30,101 | INFO | apscheduler.scheduler | Added job "SchedulerService._send_reminder" to job store "default"
2026-02-11 19:26:30,102 | INFO | apscheduler.scheduler | Added job "SchedulerService._send_reminder" to job store "default"
2026-02-11 19:26:30,104 | INFO | aiogram.dispatcher | Start polling
2026-02-11 19:26:30,221 | INFO | aiogram.dispatcher | Run polling for bot @NamozPlusBot id=8271511197 - 'Namoz Time & Islamic Assistant Bot'
2026-02-11 19:26:45,910 | INFO | aiogram.event | Update id=717650418 is handled. Duration 408 ms by bot id=8271511197
2026-02-11 19:26:57,326 | INFO | aiogram.event | Update id=717650419 is handled. Duration 206 ms by bot id=8271511197
2026-02-11 19:27:04,230 | INFO | aiogram.event | Update id=717650420 is handled. Duration 164 ms by bot id=8271511197
2026-02-11 19:27:09,283 | INFO | apscheduler.scheduler | Added job "SchedulerService._send_test_reminder" to job store "default"
2026-02-11 19:27:09,450 | INFO | aiogram.event | Update id=717650421 is handled. Duration 236 ms by bot id=8271511197
2026-02-11 19:28:09,287 | INFO | apscheduler.scheduler | Removed job test:8347152122:1770820089
2026-02-11 19:28:09,288 | INFO | apscheduler.executors.default | Running job "SchedulerService._send_test_reminder (trigger: date[2026-02-11 19:28:09 +05], next run at: 2026-02-11 19:28:09 +05)" (scheduled at 2026-02-11 19:28:09.283658+05:00)
2026-02-11 19:28:09,450 | INFO | apscheduler.executors.default | Job "SchedulerService._send_test_reminder (trigger: date[2026-02-11 19:28:09 +05], next run at: 2026-02-11 19:28:09 +05)" executed successfully
2026-02-11 19:28:16,651 | INFO | aiogram.event | Update id=717650422 is handled. Duration 191 ms by bot id=8271511197
2026-02-11 19:28:23,037 | INFO | aiogram.event | Update id=717650423 is handled. Duration 137 ms by bot id=8271511197
2026-02-11 19:28:29,264 | INFO | aiogram.event | Update id=717650424 is handled. Duration 795 ms by bot id=8271511197
2026-02-11 19:28:32,807 | INFO | aiogram.event | Update id=717650425 is handled. Duration 1079 ms by bot id=8271511197
2026-02-11 19:28:39,983 | INFO | aiogram.event | Update id=717650426 is handled. Duration 337 ms by bot id=8271511197
2026-02-11 19:28:43,206 | INFO | aiogram.event | Update id=717650427 is handled. Duration 511 ms by bot id=8271511197
2026-02-11 19:28:48,959 | INFO | aiogram.event | Update id=717650428 is handled. Duration 175 ms by bot id=8271511197
2026-02-11 19:28:58,462 | INFO | apscheduler.scheduler | Added job "SchedulerService._send_test_reminder" to job store "default"
2026-02-11 19:28:58,609 | INFO | aiogram.event | Update id=717650429 is handled. Duration 156 ms by bot id=8271511197
2026-02-11 19:29:31,447 | INFO | aiogram.event | Update id=717650430 is handled. Duration 136 ms by bot id=8271511197
2026-02-11 19:29:44,037 | INFO | aiogram.event | Update id=717650431 is handled. Duration 6084 ms by bot id=8271511197
2026-02-11 19:29:58,468 | INFO | apscheduler.scheduler | Removed job test:8347152122:1770820198
2026-02-11 19:29:58,469 | INFO | apscheduler.executors.default | Running job "SchedulerService._send_test_reminder (trigger: date[2026-02-11 19:29:58 +05], next run at: 2026-02-11 19:29:58 +05)" (scheduled at 2026-02-11 19:29:58.462303+05:00)
2026-02-11 19:29:58,621 | INFO | apscheduler.executors.default | Job "SchedulerService._send_test_reminder (trigger: date[2026-02-11 19:29:58 +05], next run at: 2026-02-11 19:29:58 +05)" executed successfully
2026-02-11 19:31:51,078 | ERROR | bot.services.overpass | Overpass error 504: <?xml version="1.0" encoding="UTF-8"?>
<!DOCTYPE html PUBLIC "-//W3C//DTD XHTML 1.0 Strict//EN"
    "http://www.w3.org/TR/xhtml1/DTD/xhtml1-strict.dtd">
<html xmlns="http://www.w3.org/1999/xhtml" xml:lang="en" lang="en">
<head>
  <meta http-equiv="content-type" content="text/html; charset=utf-8" lang="en"/>
  <title>OSM3S Response</title>
</head>
<body>

<p>The data included in this document is from www.openstreetmap.org. The data is made available under ODbL.</p>
<p><strong style="color:#FF0000">Error</strong>: runtime error: open64: 0 Success /osm3s_osm_base Dispatcher_Client::request_read_and_idx::timeout. The server is probably too busy to handle your request. </p>

</body>
</html>

2026-02-11 19:31:52,427 | ERROR | bot.services.overpass | Overpass error 502: <html>
<head><title>502 Bad Gateway</title></head>
<body>
<center><h1>502 Bad Gateway</h1></center>
<hr><center>nginx/1.18.0</center>
</body>
</html>

2026-02-11 19:31:54,073 | ERROR | bot.services.overpass | Overpass request failed
Traceback (most recent call last):
  File "C:\Users\Sanjar\vscode_projects\.venv\Lib\site-packages\aiohttp\connector.py", line 1562, in _create_direct_connection
    hosts = await self._resolve_host(host, port, traces=traces)
            ^^^^^^^^^^^^^^^^^^^^^^^^^^^^^^^^^^^^^^^^^^^^^^^^^^^
  File "C:\Users\Sanjar\vscode_projects\.venv\Lib\site-packages\aiohttp\connector.py", line 1178, in _resolve_host
    return await asyncio.shield(resolved_host_task)
           ^^^^^^^^^^^^^^^^^^^^^^^^^^^^^^^^^^^^^^^^
  File "C:\Users\Sanjar\vscode_projects\.venv\Lib\site-packages\aiohttp\connector.py", line 1209, in _resolve_host_with_throttle
    addrs = await self._resolver.resolve(host, port, family=self._family)
            ^^^^^^^^^^^^^^^^^^^^^^^^^^^^^^^^^^^^^^^^^^^^^^^^^^^^^^^^^^^^^
  File "C:\Users\Sanjar\vscode_projects\.venv\Lib\site-packages\aiohttp\resolver.py", line 40, in resolve
    infos = await self._loop.getaddrinfo(
            ^^^^^^^^^^^^^^^^^^^^^^^^^^^^^
    ...<5 lines>...
    )
    ^
  File "C:\Users\Sanjar\AppData\Local\Programs\Python\Python313\Lib\asyncio\base_events.py", line 939, in getaddrinfo
    return await self.run_in_executor(
           ^^^^^^^^^^^^^^^^^^^^^^^^^^^
        None, getaddr_func, host, port, family, type, proto, flags)
        ^^^^^^^^^^^^^^^^^^^^^^^^^^^^^^^^^^^^^^^^^^^^^^^^^^^^^^^^^^^
  File "C:\Users\Sanjar\AppData\Local\Programs\Python\Python313\Lib\concurrent\futures\thread.py", line 59, in run
    result = self.fn(*self.args, **self.kwargs)
  File "C:\Users\Sanjar\AppData\Local\Programs\Python\Python313\Lib\socket.py", line 977, in getaddrinfo
    for res in _socket.getaddrinfo(host, port, family, type, proto, flags):
               ~~~~~~~~~~~~~~~~~~~^^^^^^^^^^^^^^^^^^^^^^^^^^^^^^^^^^^^^^^^
socket.gaierror: [Errno 11001] getaddrinfo failed

The above exception was the direct cause of the following exception:

Traceback (most recent call last):
  File "C:\Users\Sanjar\vscode_projects\namoz-bot\bot\services\overpass.py", line 64, in _fetch_with_fallback
    async with session.post(url, data={"data": query}) as resp:
               ~~~~~~~~~~~~^^^^^^^^^^^^^^^^^^^^^^^^^^^
  File "C:\Users\Sanjar\vscode_projects\.venv\Lib\site-packages\aiohttp\client.py", line 1510, in __aenter__
    self._resp: _RetType = await self._coro
                           ^^^^^^^^^^^^^^^^
  File "C:\Users\Sanjar\vscode_projects\.venv\Lib\site-packages\aiohttp\client.py", line 779, in _request
    resp = await handler(req)
           ^^^^^^^^^^^^^^^^^^
  File "C:\Users\Sanjar\vscode_projects\.venv\Lib\site-packages\aiohttp\client.py", line 734, in _connect_and_send_request
    conn = await self._connector.connect(
           ^^^^^^^^^^^^^^^^^^^^^^^^^^^^^^
        req, traces=traces, timeout=real_timeout
        ^^^^^^^^^^^^^^^^^^^^^^^^^^^^^^^^^^^^^^^^
    )
    ^
  File "C:\Users\Sanjar\vscode_projects\.venv\Lib\site-packages\aiohttp\connector.py", line 672, in connect
    proto = await self._create_connection(req, traces, timeout)
            ^^^^^^^^^^^^^^^^^^^^^^^^^^^^^^^^^^^^^^^^^^^^^^^^^^^
  File "C:\Users\Sanjar\vscode_projects\.venv\Lib\site-packages\aiohttp\connector.py", line 1239, in _create_connection
    _, proto = await self._create_direct_connection(req, traces, timeout)
               ^^^^^^^^^^^^^^^^^^^^^^^^^^^^^^^^^^^^^^^^^^^^^^^^^^^^^^^^^^
  File "C:\Users\Sanjar\vscode_projects\.venv\Lib\site-packages\aiohttp\connector.py", line 1568, in _create_direct_connection
    raise ClientConnectorDNSError(req.connection_key, exc) from exc
aiohttp.client_exceptions.ClientConnectorDNSError: Cannot connect to host overpass.nchc.org.tw:443 ssl:default [getaddrinfo failed]
2026-02-11 19:31:56,723 | INFO | aiogram.event | Update id=717650432 is handled. Duration 9731 ms by bot id=8271511197
2026-02-11 19:32:07,685 | INFO | aiogram.event | Update id=717650433 is handled. Duration 1363 ms by bot id=8271511197
2026-02-11 19:32:35,035 | INFO | aiogram.event | Update id=717650434 is handled. Duration 227 ms by bot id=8271511197
2026-02-11 19:32:36,597 | INFO | aiogram.event | Update id=717650435 is handled. Duration 434 ms by bot id=8271511197
2026-02-11 19:32:37,928 | INFO | aiogram.event | Update id=717650436 is handled. Duration 373 ms by bot id=8271511197
2026-02-11 19:32:41,305 | INFO | aiogram.event | Update id=717650437 is handled. Duration 385 ms by bot id=8271511197
2026-02-11 19:32:43,114 | INFO | aiogram.event | Update id=717650438 is handled. Duration 355 ms by bot id=8271511197
2026-02-11 19:32:46,212 | INFO | aiogram.event | Update id=717650439 is handled. Duration 265 ms by bot id=8271511197
2026-02-11 19:32:52,460 | INFO | aiogram.event | Update id=717650440 is handled. Duration 184 ms by bot id=8271511197
2026-02-11 19:32:58,132 | INFO | aiogram.event | Update id=717650441 is handled. Duration 303 ms by bot id=8271511197
2026-02-11 19:33:02,388 | INFO | aiogram.event | Update id=717650442 is handled. Duration 354 ms by bot id=8271511197
2026-02-11 19:33:06,808 | INFO | aiogram.event | Update id=717650443 is handled. Duration 303 ms by bot id=8271511197
2026-02-11 19:33:12,889 | INFO | aiogram.event | Update id=717650444 is handled. Duration 487 ms by bot id=8271511197
2026-02-11 19:33:15,564 | INFO | aiogram.event | Update id=717650445 is handled. Duration 292 ms by bot id=8271511197
2026-02-11 19:33:17,953 | INFO | aiogram.event | Update id=717650446 is handled. Duration 376 ms by bot id=8271511197
2026-02-11 19:33:20,614 | INFO | aiogram.event | Update id=717650447 is handled. Duration 388 ms by bot id=8271511197
2026-02-11 19:33:23,198 | INFO | aiogram.event | Update id=717650448 is handled. Duration 633 ms by bot id=8271511197
2026-02-11 19:33:25,055 | INFO | aiogram.event | Update id=717650449 is handled. Duration 257 ms by bot id=8271511197
2026-02-11 19:33:27,090 | INFO | aiogram.event | Update id=717650450 is handled. Duration 287 ms by bot id=8271511197
2026-02-11 19:33:28,595 | INFO | aiogram.event | Update id=717650451 is handled. Duration 269 ms by bot id=8271511197
2026-02-11 19:33:30,512 | INFO | aiogram.event | Update id=717650452 is handled. Duration 357 ms by bot id=8271511197
2026-02-11 19:33:31,359 | INFO | aiogram.event | Update id=717650453 is handled. Duration 251 ms by bot id=8271511197
2026-02-11 19:33:49,302 | INFO | aiogram.event | Update id=717650454 is handled. Duration 176 ms by bot id=8271511197
2026-02-11 19:34:55,292 | INFO | aiogram.event | Update id=717650455 is handled. Duration 200 ms by bot id=8271511197
2026-02-11 19:34:57,324 | INFO | aiogram.event | Update id=717650456 is handled. Duration 936 ms by bot id=8271511197
2026-02-11 19:34:59,748 | INFO | aiogram.event | Update id=717650457 is handled. Duration 419 ms by bot id=8271511197
2026-02-11 19:35:01,323 | INFO | aiogram.event | Update id=717650458 is handled. Duration 187 ms by bot id=8271511197
2026-02-11 19:35:05,017 | INFO | aiogram.event | Update id=717650459 is handled. Duration 257 ms by bot id=8271511197
2026-02-11 19:35:09,765 | INFO | aiogram.event | Update id=717650460 is handled. Duration 484 ms by bot id=8271511197
2026-02-11 19:35:11,029 | INFO | aiogram.event | Update id=717650461 is handled. Duration 283 ms by bot id=8271511197
2026-02-11 19:35:14,957 | INFO | aiogram.event | Update id=717650462 is handled. Duration 266 ms by bot id=8271511197
2026-02-11 19:35:17,323 | INFO | aiogram.event | Update id=717650463 is handled. Duration 298 ms by bot id=8271511197
2026-02-11 19:35:27,977 | INFO | aiogram.event | Update id=717650464 is handled. Duration 165 ms by bot id=8271511197
2026-02-11 19:35:32,690 | INFO | aiogram.event | Update id=717650465 is handled. Duration 170 ms by bot id=8271511197
2026-02-11 19:35:38,424 | INFO | aiogram.event | Update id=717650466 is handled. Duration 140 ms by bot id=8271511197
2026-02-11 19:35:40,961 | INFO | aiogram.event | Update id=717650467 is handled. Duration 217 ms by bot id=8271511197
2026-02-11 19:35:45,656 | INFO | apscheduler.scheduler | Added job "SchedulerService._send_test_reminder" to job store "default"
2026-02-11 19:35:45,832 | INFO | aiogram.event | Update id=717650468 is handled. Duration 193 ms by bot id=8271511197
2026-02-11 19:36:45,670 | INFO | apscheduler.scheduler | Removed job test:7691989767:1770820605
2026-02-11 19:36:45,671 | INFO | apscheduler.executors.default | Running job "SchedulerService._send_test_reminder (trigger: date[2026-02-11 19:36:45 +05], next run at: 2026-02-11 19:36:45 +05)" (scheduled at 2026-02-11 19:36:45.655815+05:00)
2026-02-11 19:36:45,818 | INFO | apscheduler.executors.default | Job "SchedulerService._send_test_reminder (trigger: date[2026-02-11 19:36:45 +05], next run at: 2026-02-11 19:36:45 +05)" executed successfully
2026-02-11 19:44:30,303 | INFO | aiogram.dispatcher | Polling stopped
2026-02-11 19:44:30,305 | ERROR | aiogram.dispatcher | Failed to fetch updates - TelegramNetworkError: HTTP Client says - ServerDisconnectedError: Server disconnected
2026-02-11 19:44:30,305 | WARNING | aiogram.dispatcher | Sleep for 1.000000 seconds and try again... (tryings = 0, bot id = 8271511197)
2026-02-11 19:44:30,566 | INFO | aiogram.dispatcher | Polling stopped for bot @NamozPlusBot id=8271511197 - 'Namoz Time & Islamic Assistant Bot'
2026-02-11 19:50:09,433 | INFO | apscheduler.scheduler | Adding job tentatively -- it will be properly scheduled when the scheduler starts
2026-02-11 19:50:09,433 | INFO | apscheduler.scheduler | Adding job tentatively -- it will be properly scheduled when the scheduler starts
2026-02-11 19:50:09,435 | INFO | apscheduler.scheduler | Added job "SchedulerService.refresh_all" to job store "default"
2026-02-11 19:50:09,435 | INFO | apscheduler.scheduler | Added job "SchedulerService.check_hijri_reminders" to job store "default"
2026-02-11 19:50:09,435 | INFO | apscheduler.scheduler | Scheduler started
2026-02-11 19:50:11,197 | INFO | apscheduler.scheduler | Added job "SchedulerService._send_reminder" to job store "default"
2026-02-11 19:50:11,198 | INFO | apscheduler.scheduler | Added job "SchedulerService._send_reminder" to job store "default"
2026-02-11 19:50:11,198 | INFO | apscheduler.scheduler | Added job "SchedulerService._send_reminder" to job store "default"
2026-02-11 19:50:11,199 | INFO | apscheduler.scheduler | Added job "SchedulerService._send_reminder" to job store "default"
2026-02-11 19:50:11,199 | INFO | apscheduler.scheduler | Added job "SchedulerService._send_reminder" to job store "default"
2026-02-11 19:50:11,203 | INFO | aiogram.dispatcher | Start polling
2026-02-11 19:50:11,316 | INFO | aiogram.dispatcher | Run polling for bot @NamozPlusBot id=8271511197 - 'Namoz Time & Islamic Assistant Bot'
2026-02-11 19:50:17,688 | INFO | aiogram.event | Update id=717650469 is handled. Duration 380 ms by bot id=8271511197
2026-02-11 19:50:19,236 | INFO | aiogram.event | Update id=717650470 is handled. Duration 421 ms by bot id=8271511197
2026-02-11 19:50:24,981 | INFO | aiogram.event | Update id=717650471 is handled. Duration 268 ms by bot id=8271511197
2026-02-11 19:50:27,214 | INFO | aiogram.event | Update id=717650472 is handled. Duration 272 ms by bot id=8271511197
2026-02-11 19:50:29,854 | INFO | aiogram.event | Update id=717650473 is handled. Duration 264 ms by bot id=8271511197
2026-02-11 19:50:33,325 | INFO | aiogram.event | Update id=717650474 is handled. Duration 148 ms by bot id=8271511197
2026-02-11 19:50:37,572 | INFO | aiogram.event | Update id=717650475 is handled. Duration 262 ms by bot id=8271511197
2026-02-11 19:50:40,971 | INFO | aiogram.event | Update id=717650476 is handled. Duration 263 ms by bot id=8271511197
2026-02-11 19:50:43,632 | INFO | aiogram.event | Update id=717650477 is handled. Duration 299 ms by bot id=8271511197
2026-02-11 19:51:18,755 | INFO | aiogram.event | Update id=717650478 is handled. Duration 1111 ms by bot id=8271511197
2026-02-11 19:51:20,793 | INFO | aiogram.event | Update id=717650479 is handled. Duration 308 ms by bot id=8271511197
2026-02-11 19:51:28,289 | INFO | aiogram.event | Update id=717650480 is handled. Duration 149 ms by bot id=8271511197
2026-02-11 19:51:37,299 | INFO | aiogram.event | Update id=717650481 is handled. Duration 207 ms by bot id=8271511197
2026-02-11 19:51:44,419 | INFO | aiogram.event | Update id=717650482 is handled. Duration 345 ms by bot id=8271511197
2026-02-11 19:51:51,472 | INFO | aiogram.event | Update id=717650483 is handled. Duration 313 ms by bot id=8271511197
2026-02-11 19:51:57,407 | ERROR | bot.middlewares.db | DB session rolled back due to error
Traceback (most recent call last):
  File "C:\Users\Sanjar\vscode_projects\namoz-bot\bot\middlewares\db.py", line 26, in __call__
    result = await handler(event, data)
             ^^^^^^^^^^^^^^^^^^^^^^^^^^
  File "C:\Users\Sanjar\vscode_projects\namoz-bot\bot\middlewares\i18n.py", line 71, in __call__
    return await handler(event, data)
           ^^^^^^^^^^^^^^^^^^^^^^^^^^
  File "C:\Users\Sanjar\vscode_projects\.venv\Lib\site-packages\aiogram\dispatcher\event\handler.py", line 71, in call
    return await wrapped()
           ^^^^^^^^^^^^^^^
  File "C:\Users\Sanjar\vscode_projects\.venv\Lib\site-packages\aiogram\dispatcher\dispatcher.py", line 283, in _listen_update
    return await self.propagate_event(update_type=update_type, event=event, **kwargs)
           ^^^^^^^^^^^^^^^^^^^^^^^^^^^^^^^^^^^^^^^^^^^^^^^^^^^^^^^^^^^^^^^^^^^^^^^^^^
  File "C:\Users\Sanjar\vscode_projects\.venv\Lib\site-packages\aiogram\dispatcher\router.py", line 161, in propagate_event
    return await observer.wrap_outer_middleware(_wrapped, event=event, data=kwargs)
           ^^^^^^^^^^^^^^^^^^^^^^^^^^^^^^^^^^^^^^^^^^^^^^^^^^^^^^^^^^^^^^^^^^^^^^^^
  File "C:\Users\Sanjar\vscode_projects\.venv\Lib\site-packages\aiogram\dispatcher\router.py", line 153, in _wrapped
    return await self._propagate_event(
           ^^^^^^^^^^^^^^^^^^^^^^^^^^^^
    ...<4 lines>...
    )
    ^
  File "C:\Users\Sanjar\vscode_projects\.venv\Lib\site-packages\aiogram\dispatcher\router.py", line 189, in _propagate_event
    response = await router.propagate_event(update_type=update_type, event=event, **kwargs)
               ^^^^^^^^^^^^^^^^^^^^^^^^^^^^^^^^^^^^^^^^^^^^^^^^^^^^^^^^^^^^^^^^^^^^^^^^^^^^
  File "C:\Users\Sanjar\vscode_projects\.venv\Lib\site-packages\aiogram\dispatcher\router.py", line 161, in propagate_event
    return await observer.wrap_outer_middleware(_wrapped, event=event, data=kwargs)
           ^^^^^^^^^^^^^^^^^^^^^^^^^^^^^^^^^^^^^^^^^^^^^^^^^^^^^^^^^^^^^^^^^^^^^^^^
  File "C:\Users\Sanjar\vscode_projects\.venv\Lib\site-packages\aiogram\dispatcher\router.py", line 153, in _wrapped
    return await self._propagate_event(
           ^^^^^^^^^^^^^^^^^^^^^^^^^^^^
    ...<4 lines>...
    )
    ^
  File "C:\Users\Sanjar\vscode_projects\.venv\Lib\site-packages\aiogram\dispatcher\router.py", line 181, in _propagate_event
    response = await observer.trigger(event, **kwargs)
               ^^^^^^^^^^^^^^^^^^^^^^^^^^^^^^^^^^^^^^^
  File "C:\Users\Sanjar\vscode_projects\.venv\Lib\site-packages\aiogram\dispatcher\event\telegram.py", line 126, in trigger
    return await wrapped_inner(event, kwargs)
           ^^^^^^^^^^^^^^^^^^^^^^^^^^^^^^^^^^
  File "C:\Users\Sanjar\vscode_projects\.venv\Lib\site-packages\aiogram\dispatcher\event\handler.py", line 71, in call
    return await wrapped()
           ^^^^^^^^^^^^^^^
  File "C:\Users\Sanjar\vscode_projects\namoz-bot\bot\handlers\profile.py", line 49, in profile_command
    i18n.t("profile_lang", lang, lang=lang),
    ~~~~~~^^^^^^^^^^^^^^^^^^^^^^^^^^^^^^^^^
TypeError: I18n.t() got multiple values for argument 'lang'
2026-02-11 19:51:57,414 | ERROR | bot.handlers.errors | Unhandled exception: update=Update(update_id=717650484, message=Message(message_id=315, date=datetime.datetime(2026, 2, 11, 14, 51, 57, tzinfo=TzInfo(0)), chat=Chat(id=8347152122, type='private', title=None, username='raxmv77', first_name='سنجر', last_name=None, is_forum=None, is_direct_messages=None, accent_color_id=None, active_usernames=None, available_reactions=None, background_custom_emoji_id=None, bio=None, birthdate=None, business_intro=None, business_location=None, business_opening_hours=None, can_set_sticker_set=None, custom_emoji_sticker_set_name=None, description=None, emoji_status_custom_emoji_id=None, emoji_status_expiration_date=None, has_aggressive_anti_spam_enabled=None, has_hidden_members=None, has_private_forwards=None, has_protected_content=None, has_restricted_voice_and_video_messages=None, has_visible_history=None, invite_link=None, join_by_request=None, join_to_send_messages=None, linked_chat_id=None, location=None, message_auto_delete_time=None, permissions=None, personal_chat=None, photo=None, pinned_message=None, profile_accent_color_id=None, profile_background_custom_emoji_id=None, slow_mode_delay=None, sticker_set_name=None, unrestrict_boost_count=None), message_thread_id=None, direct_messages_topic=None, from_user=User(id=8347152122, is_bot=False, first_name='سنجر', last_name=None, username='raxmv77', language_code='en', is_premium=None, added_to_attachment_menu=None, can_join_groups=None, can_read_all_group_messages=None, supports_inline_queries=None, can_connect_to_business=None, has_main_web_app=None, has_topics_enabled=None, allows_users_to_create_topics=None), sender_chat=None, sender_boost_count=None, sender_business_bot=None, business_connection_id=None, forward_origin=None, is_topic_message=None, is_automatic_forward=None, reply_to_message=None, external_reply=None, quote=None, reply_to_story=None, reply_to_checklist_task_id=None, via_bot=None, edit_date=None, has_protected_content=None, is_from_offline=None, is_paid_post=None, media_group_id=None, author_signature=None, paid_star_count=None, text='/profile', entities=[MessageEntity(type='bot_command', offset=0, length=8, url=None, user=None, language=None, custom_emoji_id=None)], link_preview_options=None, suggested_post_info=None, effect_id=None, animation=None, audio=None, document=None, paid_media=None, photo=None, sticker=None, story=None, video=None, video_note=None, voice=None, caption=None, caption_entities=None, show_caption_above_media=None, has_media_spoiler=None, checklist=None, contact=None, dice=None, game=None, poll=None, venue=None, location=None, new_chat_members=None, left_chat_member=None, chat_owner_left=None, chat_owner_changed=None, new_chat_title=None, new_chat_photo=None, delete_chat_photo=None, group_chat_created=None, supergroup_chat_created=None, channel_chat_created=None, message_auto_delete_timer_changed=None, migrate_to_chat_id=None, migrate_from_chat_id=None, pinned_message=None, invoice=None, successful_payment=None, refunded_payment=None, users_shared=None, chat_shared=None, gift=None, unique_gift=None, gift_upgrade_sent=None, connected_website=None, write_access_allowed=None, passport_data=None, proximity_alert_triggered=None, boost_added=None, chat_background_set=None, checklist_tasks_done=None, checklist_tasks_added=None, direct_message_price_changed=None, forum_topic_created=None, forum_topic_edited=None, forum_topic_closed=None, forum_topic_reopened=None, general_forum_topic_hidden=None, general_forum_topic_unhidden=None, giveaway_created=None, giveaway=None, giveaway_winners=None, giveaway_completed=None, paid_message_price_changed=None, suggested_post_approved=None, suggested_post_approval_failed=None, suggested_post_declined=None, suggested_post_paid=None, suggested_post_refunded=None, video_chat_scheduled=None, video_chat_started=None, video_chat_ended=None, video_chat_participants_invited=None, web_app_data=None, reply_markup=None, forward_date=None, forward_from=None, forward_from_chat=None, forward_from_message_id=None, forward_sender_name=None, forward_signature=None, user_shared=None), edited_message=None, channel_post=None, edited_channel_post=None, business_connection=None, business_message=None, edited_business_message=None, deleted_business_messages=None, message_reaction=None, message_reaction_count=None, inline_query=None, chosen_inline_result=None, callback_query=None, shipping_query=None, pre_checkout_query=None, purchased_paid_media=None, poll=None, poll_answer=None, my_chat_member=None, chat_member=None, chat_join_request=None, chat_boost=None, removed_chat_boost=None) exception=TypeError("I18n.t() got multiple values for argument 'lang'")
Traceback (most recent call last):
  File "C:\Users\Sanjar\vscode_projects\.venv\Lib\site-packages\aiogram\dispatcher\middlewares\error.py", line 27, in __call__
    return await handler(event, data)
           ^^^^^^^^^^^^^^^^^^^^^^^^^^
  File "C:\Users\Sanjar\vscode_projects\.venv\Lib\site-packages\aiogram\dispatcher\middlewares\user_context.py", line 58, in __call__
    return await handler(event, data)
           ^^^^^^^^^^^^^^^^^^^^^^^^^^
  File "C:\Users\Sanjar\vscode_projects\.venv\Lib\site-packages\aiogram\fsm\middleware.py", line 43, in __call__
    return await handler(event, data)
           ^^^^^^^^^^^^^^^^^^^^^^^^^^
  File "C:\Users\Sanjar\vscode_projects\.venv\Lib\site-packages\aiogram\dispatcher\event\telegram.py", line 126, in trigger
    return await wrapped_inner(event, kwargs)
           ^^^^^^^^^^^^^^^^^^^^^^^^^^^^^^^^^^
  File "C:\Users\Sanjar\vscode_projects\namoz-bot\bot\middlewares\db.py", line 26, in __call__
    result = await handler(event, data)
             ^^^^^^^^^^^^^^^^^^^^^^^^^^
  File "C:\Users\Sanjar\vscode_projects\namoz-bot\bot\middlewares\i18n.py", line 71, in __call__
    return await handler(event, data)
           ^^^^^^^^^^^^^^^^^^^^^^^^^^
  File "C:\Users\Sanjar\vscode_projects\.venv\Lib\site-packages\aiogram\dispatcher\event\handler.py", line 71, in call
    return await wrapped()
           ^^^^^^^^^^^^^^^
  File "C:\Users\Sanjar\vscode_projects\.venv\Lib\site-packages\aiogram\dispatcher\dispatcher.py", line 283, in _listen_update
    return await self.propagate_event(update_type=update_type, event=event, **kwargs)
           ^^^^^^^^^^^^^^^^^^^^^^^^^^^^^^^^^^^^^^^^^^^^^^^^^^^^^^^^^^^^^^^^^^^^^^^^^^
  File "C:\Users\Sanjar\vscode_projects\.venv\Lib\site-packages\aiogram\dispatcher\router.py", line 161, in propagate_event
    return await observer.wrap_outer_middleware(_wrapped, event=event, data=kwargs)
           ^^^^^^^^^^^^^^^^^^^^^^^^^^^^^^^^^^^^^^^^^^^^^^^^^^^^^^^^^^^^^^^^^^^^^^^^
  File "C:\Users\Sanjar\vscode_projects\.venv\Lib\site-packages\aiogram\dispatcher\router.py", line 153, in _wrapped
    return await self._propagate_event(
           ^^^^^^^^^^^^^^^^^^^^^^^^^^^^
    ...<4 lines>...
    )
    ^
  File "C:\Users\Sanjar\vscode_projects\.venv\Lib\site-packages\aiogram\dispatcher\router.py", line 189, in _propagate_event
    response = await router.propagate_event(update_type=update_type, event=event, **kwargs)
               ^^^^^^^^^^^^^^^^^^^^^^^^^^^^^^^^^^^^^^^^^^^^^^^^^^^^^^^^^^^^^^^^^^^^^^^^^^^^
  File "C:\Users\Sanjar\vscode_projects\.venv\Lib\site-packages\aiogram\dispatcher\router.py", line 161, in propagate_event
    return await observer.wrap_outer_middleware(_wrapped, event=event, data=kwargs)
           ^^^^^^^^^^^^^^^^^^^^^^^^^^^^^^^^^^^^^^^^^^^^^^^^^^^^^^^^^^^^^^^^^^^^^^^^
  File "C:\Users\Sanjar\vscode_projects\.venv\Lib\site-packages\aiogram\dispatcher\router.py", line 153, in _wrapped
    return await self._propagate_event(
           ^^^^^^^^^^^^^^^^^^^^^^^^^^^^
    ...<4 lines>...
    )
    ^
  File "C:\Users\Sanjar\vscode_projects\.venv\Lib\site-packages\aiogram\dispatcher\router.py", line 181, in _propagate_event
    response = await observer.trigger(event, **kwargs)
               ^^^^^^^^^^^^^^^^^^^^^^^^^^^^^^^^^^^^^^^
  File "C:\Users\Sanjar\vscode_projects\.venv\Lib\site-packages\aiogram\dispatcher\event\telegram.py", line 126, in trigger
    return await wrapped_inner(event, kwargs)
           ^^^^^^^^^^^^^^^^^^^^^^^^^^^^^^^^^^
  File "C:\Users\Sanjar\vscode_projects\.venv\Lib\site-packages\aiogram\dispatcher\event\handler.py", line 71, in call
    return await wrapped()
           ^^^^^^^^^^^^^^^
  File "C:\Users\Sanjar\vscode_projects\namoz-bot\bot\handlers\profile.py", line 49, in profile_command
    i18n.t("profile_lang", lang, lang=lang),
    ~~~~~~^^^^^^^^^^^^^^^^^^^^^^^^^^^^^^^^^
TypeError: I18n.t() got multiple values for argument 'lang'
2026-02-11 19:51:57,427 | INFO | aiogram.event | Update id=717650484 is handled. Duration 26 ms by bot id=8271511197
2026-02-11 19:52:04,754 | ERROR | bot.middlewares.db | DB session rolled back due to error
Traceback (most recent call last):
  File "C:\Users\Sanjar\vscode_projects\namoz-bot\bot\middlewares\db.py", line 26, in __call__
    result = await handler(event, data)
             ^^^^^^^^^^^^^^^^^^^^^^^^^^
  File "C:\Users\Sanjar\vscode_projects\namoz-bot\bot\middlewares\i18n.py", line 71, in __call__
    return await handler(event, data)
           ^^^^^^^^^^^^^^^^^^^^^^^^^^
  File "C:\Users\Sanjar\vscode_projects\.venv\Lib\site-packages\aiogram\dispatcher\event\handler.py", line 71, in call
    return await wrapped()
           ^^^^^^^^^^^^^^^
  File "C:\Users\Sanjar\vscode_projects\.venv\Lib\site-packages\aiogram\dispatcher\dispatcher.py", line 283, in _listen_update
    return await self.propagate_event(update_type=update_type, event=event, **kwargs)
           ^^^^^^^^^^^^^^^^^^^^^^^^^^^^^^^^^^^^^^^^^^^^^^^^^^^^^^^^^^^^^^^^^^^^^^^^^^
  File "C:\Users\Sanjar\vscode_projects\.venv\Lib\site-packages\aiogram\dispatcher\router.py", line 161, in propagate_event
    return await observer.wrap_outer_middleware(_wrapped, event=event, data=kwargs)
           ^^^^^^^^^^^^^^^^^^^^^^^^^^^^^^^^^^^^^^^^^^^^^^^^^^^^^^^^^^^^^^^^^^^^^^^^
  File "C:\Users\Sanjar\vscode_projects\.venv\Lib\site-packages\aiogram\dispatcher\router.py", line 153, in _wrapped
    return await self._propagate_event(
           ^^^^^^^^^^^^^^^^^^^^^^^^^^^^
    ...<4 lines>...
    )
    ^
  File "C:\Users\Sanjar\vscode_projects\.venv\Lib\site-packages\aiogram\dispatcher\router.py", line 189, in _propagate_event
    response = await router.propagate_event(update_type=update_type, event=event, **kwargs)
               ^^^^^^^^^^^^^^^^^^^^^^^^^^^^^^^^^^^^^^^^^^^^^^^^^^^^^^^^^^^^^^^^^^^^^^^^^^^^
  File "C:\Users\Sanjar\vscode_projects\.venv\Lib\site-packages\aiogram\dispatcher\router.py", line 161, in propagate_event
    return await observer.wrap_outer_middleware(_wrapped, event=event, data=kwargs)
           ^^^^^^^^^^^^^^^^^^^^^^^^^^^^^^^^^^^^^^^^^^^^^^^^^^^^^^^^^^^^^^^^^^^^^^^^
  File "C:\Users\Sanjar\vscode_projects\.venv\Lib\site-packages\aiogram\dispatcher\router.py", line 153, in _wrapped
    return await self._propagate_event(
           ^^^^^^^^^^^^^^^^^^^^^^^^^^^^
    ...<4 lines>...
    )
    ^
  File "C:\Users\Sanjar\vscode_projects\.venv\Lib\site-packages\aiogram\dispatcher\router.py", line 181, in _propagate_event
    response = await observer.trigger(event, **kwargs)
               ^^^^^^^^^^^^^^^^^^^^^^^^^^^^^^^^^^^^^^^
  File "C:\Users\Sanjar\vscode_projects\.venv\Lib\site-packages\aiogram\dispatcher\event\telegram.py", line 126, in trigger
    return await wrapped_inner(event, kwargs)
           ^^^^^^^^^^^^^^^^^^^^^^^^^^^^^^^^^^
  File "C:\Users\Sanjar\vscode_projects\.venv\Lib\site-packages\aiogram\dispatcher\event\handler.py", line 71, in call
    return await wrapped()
           ^^^^^^^^^^^^^^^
  File "C:\Users\Sanjar\vscode_projects\namoz-bot\bot\handlers\profile.py", line 49, in profile_command
    i18n.t("profile_lang", lang, lang=lang),
    ~~~~~~^^^^^^^^^^^^^^^^^^^^^^^^^^^^^^^^^
TypeError: I18n.t() got multiple values for argument 'lang'
2026-02-11 19:52:04,760 | ERROR | bot.handlers.errors | Unhandled exception: update=Update(update_id=717650485, message=Message(message_id=316, date=datetime.datetime(2026, 2, 11, 14, 52, 5, tzinfo=TzInfo(0)), chat=Chat(id=8347152122, type='private', title=None, username='raxmv77', first_name='سنجر', last_name=None, is_forum=None, is_direct_messages=None, accent_color_id=None, active_usernames=None, available_reactions=None, background_custom_emoji_id=None, bio=None, birthdate=None, business_intro=None, business_location=None, business_opening_hours=None, can_set_sticker_set=None, custom_emoji_sticker_set_name=None, description=None, emoji_status_custom_emoji_id=None, emoji_status_expiration_date=None, has_aggressive_anti_spam_enabled=None, has_hidden_members=None, has_private_forwards=None, has_protected_content=None, has_restricted_voice_and_video_messages=None, has_visible_history=None, invite_link=None, join_by_request=None, join_to_send_messages=None, linked_chat_id=None, location=None, message_auto_delete_time=None, permissions=None, personal_chat=None, photo=None, pinned_message=None, profile_accent_color_id=None, profile_background_custom_emoji_id=None, slow_mode_delay=None, sticker_set_name=None, unrestrict_boost_count=None), message_thread_id=None, direct_messages_topic=None, from_user=User(id=8347152122, is_bot=False, first_name='سنجر', last_name=None, username='raxmv77', language_code='en', is_premium=None, added_to_attachment_menu=None, can_join_groups=None, can_read_all_group_messages=None, supports_inline_queries=None, can_connect_to_business=None, has_main_web_app=None, has_topics_enabled=None, allows_users_to_create_topics=None), sender_chat=None, sender_boost_count=None, sender_business_bot=None, business_connection_id=None, forward_origin=None, is_topic_message=None, is_automatic_forward=None, reply_to_message=None, external_reply=None, quote=None, reply_to_story=None, reply_to_checklist_task_id=None, via_bot=None, edit_date=None, has_protected_content=None, is_from_offline=None, is_paid_post=None, media_group_id=None, author_signature=None, paid_star_count=None, text='/profile', entities=[MessageEntity(type='bot_command', offset=0, length=8, url=None, user=None, language=None, custom_emoji_id=None)], link_preview_options=None, suggested_post_info=None, effect_id=None, animation=None, audio=None, document=None, paid_media=None, photo=None, sticker=None, story=None, video=None, video_note=None, voice=None, caption=None, caption_entities=None, show_caption_above_media=None, has_media_spoiler=None, checklist=None, contact=None, dice=None, game=None, poll=None, venue=None, location=None, new_chat_members=None, left_chat_member=None, chat_owner_left=None, chat_owner_changed=None, new_chat_title=None, new_chat_photo=None, delete_chat_photo=None, group_chat_created=None, supergroup_chat_created=None, channel_chat_created=None, message_auto_delete_timer_changed=None, migrate_to_chat_id=None, migrate_from_chat_id=None, pinned_message=None, invoice=None, successful_payment=None, refunded_payment=None, users_shared=None, chat_shared=None, gift=None, unique_gift=None, gift_upgrade_sent=None, connected_website=None, write_access_allowed=None, passport_data=None, proximity_alert_triggered=None, boost_added=None, chat_background_set=None, checklist_tasks_done=None, checklist_tasks_added=None, direct_message_price_changed=None, forum_topic_created=None, forum_topic_edited=None, forum_topic_closed=None, forum_topic_reopened=None, general_forum_topic_hidden=None, general_forum_topic_unhidden=None, giveaway_created=None, giveaway=None, giveaway_winners=None, giveaway_completed=None, paid_message_price_changed=None, suggested_post_approved=None, suggested_post_approval_failed=None, suggested_post_declined=None, suggested_post_paid=None, suggested_post_refunded=None, video_chat_scheduled=None, video_chat_started=None, video_chat_ended=None, video_chat_participants_invited=None, web_app_data=None, reply_markup=None, forward_date=None, forward_from=None, forward_from_chat=None, forward_from_message_id=None, forward_sender_name=None, forward_signature=None, user_shared=None), edited_message=None, channel_post=None, edited_channel_post=None, business_connection=None, business_message=None, edited_business_message=None, deleted_business_messages=None, message_reaction=None, message_reaction_count=None, inline_query=None, chosen_inline_result=None, callback_query=None, shipping_query=None, pre_checkout_query=None, purchased_paid_media=None, poll=None, poll_answer=None, my_chat_member=None, chat_member=None, chat_join_request=None, chat_boost=None, removed_chat_boost=None) exception=TypeError("I18n.t() got multiple values for argument 'lang'")
Traceback (most recent call last):
  File "C:\Users\Sanjar\vscode_projects\.venv\Lib\site-packages\aiogram\dispatcher\middlewares\error.py", line 27, in __call__
    return await handler(event, data)
           ^^^^^^^^^^^^^^^^^^^^^^^^^^
  File "C:\Users\Sanjar\vscode_projects\.venv\Lib\site-packages\aiogram\dispatcher\middlewares\user_context.py", line 58, in __call__
    return await handler(event, data)
           ^^^^^^^^^^^^^^^^^^^^^^^^^^
  File "C:\Users\Sanjar\vscode_projects\.venv\Lib\site-packages\aiogram\fsm\middleware.py", line 43, in __call__
    return await handler(event, data)
           ^^^^^^^^^^^^^^^^^^^^^^^^^^
  File "C:\Users\Sanjar\vscode_projects\.venv\Lib\site-packages\aiogram\dispatcher\event\telegram.py", line 126, in trigger
    return await wrapped_inner(event, kwargs)
           ^^^^^^^^^^^^^^^^^^^^^^^^^^^^^^^^^^
  File "C:\Users\Sanjar\vscode_projects\namoz-bot\bot\middlewares\db.py", line 26, in __call__
    result = await handler(event, data)
             ^^^^^^^^^^^^^^^^^^^^^^^^^^
  File "C:\Users\Sanjar\vscode_projects\namoz-bot\bot\middlewares\i18n.py", line 71, in __call__
    return await handler(event, data)
           ^^^^^^^^^^^^^^^^^^^^^^^^^^
  File "C:\Users\Sanjar\vscode_projects\.venv\Lib\site-packages\aiogram\dispatcher\event\handler.py", line 71, in call
    return await wrapped()
           ^^^^^^^^^^^^^^^
  File "C:\Users\Sanjar\vscode_projects\.venv\Lib\site-packages\aiogram\dispatcher\dispatcher.py", line 283, in _listen_update
    return await self.propagate_event(update_type=update_type, event=event, **kwargs)
           ^^^^^^^^^^^^^^^^^^^^^^^^^^^^^^^^^^^^^^^^^^^^^^^^^^^^^^^^^^^^^^^^^^^^^^^^^^
  File "C:\Users\Sanjar\vscode_projects\.venv\Lib\site-packages\aiogram\dispatcher\router.py", line 161, in propagate_event
    return await observer.wrap_outer_middleware(_wrapped, event=event, data=kwargs)
           ^^^^^^^^^^^^^^^^^^^^^^^^^^^^^^^^^^^^^^^^^^^^^^^^^^^^^^^^^^^^^^^^^^^^^^^^
  File "C:\Users\Sanjar\vscode_projects\.venv\Lib\site-packages\aiogram\dispatcher\router.py", line 153, in _wrapped
    return await self._propagate_event(
           ^^^^^^^^^^^^^^^^^^^^^^^^^^^^
    ...<4 lines>...
    )
    ^
  File "C:\Users\Sanjar\vscode_projects\.venv\Lib\site-packages\aiogram\dispatcher\router.py", line 189, in _propagate_event
    response = await router.propagate_event(update_type=update_type, event=event, **kwargs)
               ^^^^^^^^^^^^^^^^^^^^^^^^^^^^^^^^^^^^^^^^^^^^^^^^^^^^^^^^^^^^^^^^^^^^^^^^^^^^
  File "C:\Users\Sanjar\vscode_projects\.venv\Lib\site-packages\aiogram\dispatcher\router.py", line 161, in propagate_event
    return await observer.wrap_outer_middleware(_wrapped, event=event, data=kwargs)
           ^^^^^^^^^^^^^^^^^^^^^^^^^^^^^^^^^^^^^^^^^^^^^^^^^^^^^^^^^^^^^^^^^^^^^^^^
  File "C:\Users\Sanjar\vscode_projects\.venv\Lib\site-packages\aiogram\dispatcher\router.py", line 153, in _wrapped
    return await self._propagate_event(
           ^^^^^^^^^^^^^^^^^^^^^^^^^^^^
    ...<4 lines>...
    )
    ^
  File "C:\Users\Sanjar\vscode_projects\.venv\Lib\site-packages\aiogram\dispatcher\router.py", line 181, in _propagate_event
    response = await observer.trigger(event, **kwargs)
               ^^^^^^^^^^^^^^^^^^^^^^^^^^^^^^^^^^^^^^^
  File "C:\Users\Sanjar\vscode_projects\.venv\Lib\site-packages\aiogram\dispatcher\event\telegram.py", line 126, in trigger
    return await wrapped_inner(event, kwargs)
           ^^^^^^^^^^^^^^^^^^^^^^^^^^^^^^^^^^
  File "C:\Users\Sanjar\vscode_projects\.venv\Lib\site-packages\aiogram\dispatcher\event\handler.py", line 71, in call
    return await wrapped()
           ^^^^^^^^^^^^^^^
  File "C:\Users\Sanjar\vscode_projects\namoz-bot\bot\handlers\profile.py", line 49, in profile_command
    i18n.t("profile_lang", lang, lang=lang),
    ~~~~~~^^^^^^^^^^^^^^^^^^^^^^^^^^^^^^^^^
TypeError: I18n.t() got multiple values for argument 'lang'
2026-02-11 19:52:04,772 | INFO | aiogram.event | Update id=717650485 is handled. Duration 24 ms by bot id=8271511197
2026-02-11 19:52:09,273 | ERROR | bot.middlewares.db | DB session rolled back due to error
Traceback (most recent call last):
  File "C:\Users\Sanjar\vscode_projects\namoz-bot\bot\middlewares\db.py", line 26, in __call__
    result = await handler(event, data)
             ^^^^^^^^^^^^^^^^^^^^^^^^^^
  File "C:\Users\Sanjar\vscode_projects\namoz-bot\bot\middlewares\i18n.py", line 71, in __call__
    return await handler(event, data)
           ^^^^^^^^^^^^^^^^^^^^^^^^^^
  File "C:\Users\Sanjar\vscode_projects\.venv\Lib\site-packages\aiogram\dispatcher\event\handler.py", line 71, in call
    return await wrapped()
           ^^^^^^^^^^^^^^^
  File "C:\Users\Sanjar\vscode_projects\.venv\Lib\site-packages\aiogram\dispatcher\dispatcher.py", line 283, in _listen_update
    return await self.propagate_event(update_type=update_type, event=event, **kwargs)
           ^^^^^^^^^^^^^^^^^^^^^^^^^^^^^^^^^^^^^^^^^^^^^^^^^^^^^^^^^^^^^^^^^^^^^^^^^^
  File "C:\Users\Sanjar\vscode_projects\.venv\Lib\site-packages\aiogram\dispatcher\router.py", line 161, in propagate_event
    return await observer.wrap_outer_middleware(_wrapped, event=event, data=kwargs)
           ^^^^^^^^^^^^^^^^^^^^^^^^^^^^^^^^^^^^^^^^^^^^^^^^^^^^^^^^^^^^^^^^^^^^^^^^
  File "C:\Users\Sanjar\vscode_projects\.venv\Lib\site-packages\aiogram\dispatcher\router.py", line 153, in _wrapped
    return await self._propagate_event(
           ^^^^^^^^^^^^^^^^^^^^^^^^^^^^
    ...<4 lines>...
    )
    ^
  File "C:\Users\Sanjar\vscode_projects\.venv\Lib\site-packages\aiogram\dispatcher\router.py", line 189, in _propagate_event
    response = await router.propagate_event(update_type=update_type, event=event, **kwargs)
               ^^^^^^^^^^^^^^^^^^^^^^^^^^^^^^^^^^^^^^^^^^^^^^^^^^^^^^^^^^^^^^^^^^^^^^^^^^^^
  File "C:\Users\Sanjar\vscode_projects\.venv\Lib\site-packages\aiogram\dispatcher\router.py", line 161, in propagate_event
    return await observer.wrap_outer_middleware(_wrapped, event=event, data=kwargs)
           ^^^^^^^^^^^^^^^^^^^^^^^^^^^^^^^^^^^^^^^^^^^^^^^^^^^^^^^^^^^^^^^^^^^^^^^^
  File "C:\Users\Sanjar\vscode_projects\.venv\Lib\site-packages\aiogram\dispatcher\router.py", line 153, in _wrapped
    return await self._propagate_event(
           ^^^^^^^^^^^^^^^^^^^^^^^^^^^^
    ...<4 lines>...
    )
    ^
  File "C:\Users\Sanjar\vscode_projects\.venv\Lib\site-packages\aiogram\dispatcher\router.py", line 181, in _propagate_event
    response = await observer.trigger(event, **kwargs)
               ^^^^^^^^^^^^^^^^^^^^^^^^^^^^^^^^^^^^^^^
  File "C:\Users\Sanjar\vscode_projects\.venv\Lib\site-packages\aiogram\dispatcher\event\telegram.py", line 126, in trigger
    return await wrapped_inner(event, kwargs)
           ^^^^^^^^^^^^^^^^^^^^^^^^^^^^^^^^^^
  File "C:\Users\Sanjar\vscode_projects\.venv\Lib\site-packages\aiogram\dispatcher\event\handler.py", line 71, in call
    return await wrapped()
           ^^^^^^^^^^^^^^^
  File "C:\Users\Sanjar\vscode_projects\namoz-bot\bot\handlers\duas.py", line 47, in dua_search
    await message.answer(i18n.t("dua_usage", lang, categories=categories))
  File "C:\Users\Sanjar\vscode_projects\.venv\Lib\site-packages\aiogram\methods\base.py", line 82, in emit
    return await bot(self)
           ^^^^^^^^^^^^^^^
  File "C:\Users\Sanjar\vscode_projects\.venv\Lib\site-packages\aiogram\client\bot.py", line 487, in __call__
    return await self.session(self, method, timeout=request_timeout)
           ^^^^^^^^^^^^^^^^^^^^^^^^^^^^^^^^^^^^^^^^^^^^^^^^^^^^^^^^^
  File "C:\Users\Sanjar\vscode_projects\.venv\Lib\site-packages\aiogram\client\session\base.py", line 259, in __call__
    return cast(TelegramType, await middleware(bot, method))
                              ^^^^^^^^^^^^^^^^^^^^^^^^^^^^^
  File "C:\Users\Sanjar\vscode_projects\.venv\Lib\site-packages\aiogram\client\session\aiohttp.py", line 177, in make_request
    response = self.check_response(
        bot=bot,
    ...<2 lines>...
        content=raw_result,
    )
  File "C:\Users\Sanjar\vscode_projects\.venv\Lib\site-packages\aiogram\client\session\base.py", line 121, in check_response
    raise TelegramBadRequest(method=method, message=description)
aiogram.exceptions.TelegramBadRequest: Telegram server says - Bad Request: can't parse entities: Unsupported start tag "so'z" at byte offset 14
2026-02-11 19:52:09,282 | ERROR | bot.handlers.errors | Unhandled exception: update=Update(update_id=717650486, message=Message(message_id=317, date=datetime.datetime(2026, 2, 11, 14, 52, 9, tzinfo=TzInfo(0)), chat=Chat(id=8347152122, type='private', title=None, username='raxmv77', first_name='سنجر', last_name=None, is_forum=None, is_direct_messages=None, accent_color_id=None, active_usernames=None, available_reactions=None, background_custom_emoji_id=None, bio=None, birthdate=None, business_intro=None, business_location=None, business_opening_hours=None, can_set_sticker_set=None, custom_emoji_sticker_set_name=None, description=None, emoji_status_custom_emoji_id=None, emoji_status_expiration_date=None, has_aggressive_anti_spam_enabled=None, has_hidden_members=None, has_private_forwards=None, has_protected_content=None, has_restricted_voice_and_video_messages=None, has_visible_history=None, invite_link=None, join_by_request=None, join_to_send_messages=None, linked_chat_id=None, location=None, message_auto_delete_time=None, permissions=None, personal_chat=None, photo=None, pinned_message=None, profile_accent_color_id=None, profile_background_custom_emoji_id=None, slow_mode_delay=None, sticker_set_name=None, unrestrict_boost_count=None), message_thread_id=None, direct_messages_topic=None, from_user=User(id=8347152122, is_bot=False, first_name='سنجر', last_name=None, username='raxmv77', language_code='en', is_premium=None, added_to_attachment_menu=None, can_join_groups=None, can_read_all_group_messages=None, supports_inline_queries=None, can_connect_to_business=None, has_main_web_app=None, has_topics_enabled=None, allows_users_to_create_topics=None), sender_chat=None, sender_boost_count=None, sender_business_bot=None, business_connection_id=None, forward_origin=None, is_topic_message=None, is_automatic_forward=None, reply_to_message=None, external_reply=None, quote=None, reply_to_story=None, reply_to_checklist_task_id=None, via_bot=None, edit_date=None, has_protected_content=None, is_from_offline=None, is_paid_post=None, media_group_id=None, author_signature=None, paid_star_count=None, text='/dua', entities=[MessageEntity(type='bot_command', offset=0, length=4, url=None, user=None, language=None, custom_emoji_id=None)], link_preview_options=None, suggested_post_info=None, effect_id=None, animation=None, audio=None, document=None, paid_media=None, photo=None, sticker=None, story=None, video=None, video_note=None, voice=None, caption=None, caption_entities=None, show_caption_above_media=None, has_media_spoiler=None, checklist=None, contact=None, dice=None, game=None, poll=None, venue=None, location=None, new_chat_members=None, left_chat_member=None, chat_owner_left=None, chat_owner_changed=None, new_chat_title=None, new_chat_photo=None, delete_chat_photo=None, group_chat_created=None, supergroup_chat_created=None, channel_chat_created=None, message_auto_delete_timer_changed=None, migrate_to_chat_id=None, migrate_from_chat_id=None, pinned_message=None, invoice=None, successful_payment=None, refunded_payment=None, users_shared=None, chat_shared=None, gift=None, unique_gift=None, gift_upgrade_sent=None, connected_website=None, write_access_allowed=None, passport_data=None, proximity_alert_triggered=None, boost_added=None, chat_background_set=None, checklist_tasks_done=None, checklist_tasks_added=None, direct_message_price_changed=None, forum_topic_created=None, forum_topic_edited=None, forum_topic_closed=None, forum_topic_reopened=None, general_forum_topic_hidden=None, general_forum_topic_unhidden=None, giveaway_created=None, giveaway=None, giveaway_winners=None, giveaway_completed=None, paid_message_price_changed=None, suggested_post_approved=None, suggested_post_approval_failed=None, suggested_post_declined=None, suggested_post_paid=None, suggested_post_refunded=None, video_chat_scheduled=None, video_chat_started=None, video_chat_ended=None, video_chat_participants_invited=None, web_app_data=None, reply_markup=None, forward_date=None, forward_from=None, forward_from_chat=None, forward_from_message_id=None, forward_sender_name=None, forward_signature=None, user_shared=None), edited_message=None, channel_post=None, edited_channel_post=None, business_connection=None, business_message=None, edited_business_message=None, deleted_business_messages=None, message_reaction=None, message_reaction_count=None, inline_query=None, chosen_inline_result=None, callback_query=None, shipping_query=None, pre_checkout_query=None, purchased_paid_media=None, poll=None, poll_answer=None, my_chat_member=None, chat_member=None, chat_join_request=None, chat_boost=None, removed_chat_boost=None) exception=TelegramBadRequest('Telegram server says - Bad Request: can't parse entities: Unsupported start tag "so'z" at byte offset 14')
Traceback (most recent call last):
  File "C:\Users\Sanjar\vscode_projects\.venv\Lib\site-packages\aiogram\dispatcher\middlewares\error.py", line 27, in __call__
    return await handler(event, data)
           ^^^^^^^^^^^^^^^^^^^^^^^^^^
  File "C:\Users\Sanjar\vscode_projects\.venv\Lib\site-packages\aiogram\dispatcher\middlewares\user_context.py", line 58, in __call__
    return await handler(event, data)
           ^^^^^^^^^^^^^^^^^^^^^^^^^^
  File "C:\Users\Sanjar\vscode_projects\.venv\Lib\site-packages\aiogram\fsm\middleware.py", line 43, in __call__
    return await handler(event, data)
           ^^^^^^^^^^^^^^^^^^^^^^^^^^
  File "C:\Users\Sanjar\vscode_projects\.venv\Lib\site-packages\aiogram\dispatcher\event\telegram.py", line 126, in trigger
    return await wrapped_inner(event, kwargs)
           ^^^^^^^^^^^^^^^^^^^^^^^^^^^^^^^^^^
  File "C:\Users\Sanjar\vscode_projects\namoz-bot\bot\middlewares\db.py", line 26, in __call__
    result = await handler(event, data)
             ^^^^^^^^^^^^^^^^^^^^^^^^^^
  File "C:\Users\Sanjar\vscode_projects\namoz-bot\bot\middlewares\i18n.py", line 71, in __call__
    return await handler(event, data)
           ^^^^^^^^^^^^^^^^^^^^^^^^^^
  File "C:\Users\Sanjar\vscode_projects\.venv\Lib\site-packages\aiogram\dispatcher\event\handler.py", line 71, in call
    return await wrapped()
           ^^^^^^^^^^^^^^^
  File "C:\Users\Sanjar\vscode_projects\.venv\Lib\site-packages\aiogram\dispatcher\dispatcher.py", line 283, in _listen_update
    return await self.propagate_event(update_type=update_type, event=event, **kwargs)
           ^^^^^^^^^^^^^^^^^^^^^^^^^^^^^^^^^^^^^^^^^^^^^^^^^^^^^^^^^^^^^^^^^^^^^^^^^^
  File "C:\Users\Sanjar\vscode_projects\.venv\Lib\site-packages\aiogram\dispatcher\router.py", line 161, in propagate_event
    return await observer.wrap_outer_middleware(_wrapped, event=event, data=kwargs)
           ^^^^^^^^^^^^^^^^^^^^^^^^^^^^^^^^^^^^^^^^^^^^^^^^^^^^^^^^^^^^^^^^^^^^^^^^
  File "C:\Users\Sanjar\vscode_projects\.venv\Lib\site-packages\aiogram\dispatcher\router.py", line 153, in _wrapped
    return await self._propagate_event(
           ^^^^^^^^^^^^^^^^^^^^^^^^^^^^
    ...<4 lines>...
    )
    ^
  File "C:\Users\Sanjar\vscode_projects\.venv\Lib\site-packages\aiogram\dispatcher\router.py", line 189, in _propagate_event
    response = await router.propagate_event(update_type=update_type, event=event, **kwargs)
               ^^^^^^^^^^^^^^^^^^^^^^^^^^^^^^^^^^^^^^^^^^^^^^^^^^^^^^^^^^^^^^^^^^^^^^^^^^^^
  File "C:\Users\Sanjar\vscode_projects\.venv\Lib\site-packages\aiogram\dispatcher\router.py", line 161, in propagate_event
    return await observer.wrap_outer_middleware(_wrapped, event=event, data=kwargs)
           ^^^^^^^^^^^^^^^^^^^^^^^^^^^^^^^^^^^^^^^^^^^^^^^^^^^^^^^^^^^^^^^^^^^^^^^^
  File "C:\Users\Sanjar\vscode_projects\.venv\Lib\site-packages\aiogram\dispatcher\router.py", line 153, in _wrapped
    return await self._propagate_event(
           ^^^^^^^^^^^^^^^^^^^^^^^^^^^^
    ...<4 lines>...
    )
    ^
  File "C:\Users\Sanjar\vscode_projects\.venv\Lib\site-packages\aiogram\dispatcher\router.py", line 181, in _propagate_event
    response = await observer.trigger(event, **kwargs)
               ^^^^^^^^^^^^^^^^^^^^^^^^^^^^^^^^^^^^^^^
  File "C:\Users\Sanjar\vscode_projects\.venv\Lib\site-packages\aiogram\dispatcher\event\telegram.py", line 126, in trigger
    return await wrapped_inner(event, kwargs)
           ^^^^^^^^^^^^^^^^^^^^^^^^^^^^^^^^^^
  File "C:\Users\Sanjar\vscode_projects\.venv\Lib\site-packages\aiogram\dispatcher\event\handler.py", line 71, in call
    return await wrapped()
           ^^^^^^^^^^^^^^^
  File "C:\Users\Sanjar\vscode_projects\namoz-bot\bot\handlers\duas.py", line 47, in dua_search
    await message.answer(i18n.t("dua_usage", lang, categories=categories))
  File "C:\Users\Sanjar\vscode_projects\.venv\Lib\site-packages\aiogram\methods\base.py", line 82, in emit
    return await bot(self)
           ^^^^^^^^^^^^^^^
  File "C:\Users\Sanjar\vscode_projects\.venv\Lib\site-packages\aiogram\client\bot.py", line 487, in __call__
    return await self.session(self, method, timeout=request_timeout)
           ^^^^^^^^^^^^^^^^^^^^^^^^^^^^^^^^^^^^^^^^^^^^^^^^^^^^^^^^^
  File "C:\Users\Sanjar\vscode_projects\.venv\Lib\site-packages\aiogram\client\session\base.py", line 259, in __call__
    return cast(TelegramType, await middleware(bot, method))
                              ^^^^^^^^^^^^^^^^^^^^^^^^^^^^^
  File "C:\Users\Sanjar\vscode_projects\.venv\Lib\site-packages\aiogram\client\session\aiohttp.py", line 177, in make_request
    response = self.check_response(
        bot=bot,
    ...<2 lines>...
        content=raw_result,
    )
  File "C:\Users\Sanjar\vscode_projects\.venv\Lib\site-packages\aiogram\client\session\base.py", line 121, in check_response
    raise TelegramBadRequest(method=method, message=description)
aiogram.exceptions.TelegramBadRequest: Telegram server says - Bad Request: can't parse entities: Unsupported start tag "so'z" at byte offset 14
2026-02-11 19:52:09,301 | INFO | aiogram.event | Update id=717650486 is handled. Duration 145 ms by bot id=8271511197
2026-02-11 19:52:42,567 | INFO | aiogram.event | Update id=717650487 is handled. Duration 147 ms by bot id=8271511197
2026-02-11 19:53:48,470 | INFO | aiogram.dispatcher | Polling stopped
2026-02-11 19:53:48,472 | ERROR | aiogram.dispatcher | Failed to fetch updates - TelegramNetworkError: HTTP Client says - ServerDisconnectedError: Server disconnected
2026-02-11 19:53:48,472 | WARNING | aiogram.dispatcher | Sleep for 1.000000 seconds and try again... (tryings = 0, bot id = 8271511197)
2026-02-11 19:53:48,736 | INFO | aiogram.dispatcher | Polling stopped for bot @NamozPlusBot id=8271511197 - 'Namoz Time & Islamic Assistant Bot'
2026-02-11 19:53:54,428 | INFO | apscheduler.scheduler | Adding job tentatively -- it will be properly scheduled when the scheduler starts
2026-02-11 19:53:54,429 | INFO | apscheduler.scheduler | Adding job tentatively -- it will be properly scheduled when the scheduler starts
2026-02-11 19:53:54,430 | INFO | apscheduler.scheduler | Added job "SchedulerService.refresh_all" to job store "default"
2026-02-11 19:53:54,430 | INFO | apscheduler.scheduler | Added job "SchedulerService.check_hijri_reminders" to job store "default"
2026-02-11 19:53:54,430 | INFO | apscheduler.scheduler | Scheduler started
2026-02-11 19:53:56,189 | INFO | apscheduler.scheduler | Added job "SchedulerService._send_reminder" to job store "default"
2026-02-11 19:53:56,190 | INFO | apscheduler.scheduler | Added job "SchedulerService._send_reminder" to job store "default"
2026-02-11 19:53:56,191 | INFO | apscheduler.scheduler | Added job "SchedulerService._send_reminder" to job store "default"
2026-02-11 19:53:56,193 | INFO | apscheduler.scheduler | Added job "SchedulerService._send_reminder" to job store "default"
2026-02-11 19:53:56,194 | INFO | apscheduler.scheduler | Added job "SchedulerService._send_reminder" to job store "default"
2026-02-11 19:53:56,200 | INFO | apscheduler.scheduler | Added job "SchedulerService._send_ramadan_reminder" to job store "default"
2026-02-11 19:53:56,201 | INFO | apscheduler.scheduler | Added job "SchedulerService._send_ramadan_reminder" to job store "default"
2026-02-11 19:53:56,202 | INFO | aiogram.dispatcher | Start polling
2026-02-11 19:53:56,654 | INFO | aiogram.dispatcher | Run polling for bot @NamozPlusBot id=8271511197 - 'Namoz Time & Islamic Assistant Bot'
2026-02-11 19:53:59,737 | INFO | aiogram.event | Update id=717650488 is handled. Duration 386 ms by bot id=8271511197
2026-02-11 19:54:01,504 | INFO | aiogram.event | Update id=717650489 is handled. Duration 390 ms by bot id=8271511197
2026-02-11 19:54:04,763 | INFO | aiogram.event | Update id=717650490 is handled. Duration 302 ms by bot id=8271511197
2026-02-11 19:54:06,845 | INFO | aiogram.event | Update id=717650491 is handled. Duration 240 ms by bot id=8271511197
2026-02-11 19:54:09,039 | INFO | aiogram.event | Update id=717650492 is handled. Duration 279 ms by bot id=8271511197
2026-02-11 19:54:12,774 | INFO | aiogram.event | Update id=717650493 is handled. Duration 280 ms by bot id=8271511197
2026-02-11 19:54:23,391 | INFO | aiogram.event | Update id=717650494 is handled. Duration 131 ms by bot id=8271511197
2026-02-11 19:54:47,836 | INFO | aiogram.event | Update id=717650495 is handled. Duration 164 ms by bot id=8271511197
2026-02-11 19:55:07,532 | INFO | aiogram.event | Update id=717650496 is handled. Duration 162 ms by bot id=8271511197
2026-02-11 19:55:14,666 | INFO | aiogram.event | Update id=717650497 is handled. Duration 159 ms by bot id=8271511197
2026-02-11 19:55:16,750 | INFO | aiogram.event | Update id=717650498 is handled. Duration 274 ms by bot id=8271511197
2026-02-11 19:55:19,915 | INFO | aiogram.event | Update id=717650499 is handled. Duration 280 ms by bot id=8271511197
2026-02-11 19:55:21,037 | INFO | aiogram.event | Update id=717650500 is handled. Duration 282 ms by bot id=8271511197
2026-02-11 19:55:21,998 | INFO | aiogram.event | Update id=717650501 is handled. Duration 251 ms by bot id=8271511197
2026-02-11 19:55:22,954 | INFO | aiogram.event | Update id=717650502 is handled. Duration 319 ms by bot id=8271511197
2026-02-11 19:55:24,176 | INFO | aiogram.event | Update id=717650503 is handled. Duration 244 ms by bot id=8271511197
2026-02-11 19:55:25,590 | INFO | aiogram.event | Update id=717650504 is handled. Duration 336 ms by bot id=8271511197
2026-02-11 19:55:26,847 | INFO | aiogram.event | Update id=717650505 is handled. Duration 374 ms by bot id=8271511197
2026-02-11 19:55:27,797 | INFO | aiogram.event | Update id=717650506 is handled. Duration 282 ms by bot id=8271511197
2026-02-11 19:55:28,703 | INFO | aiogram.event | Update id=717650507 is handled. Duration 253 ms by bot id=8271511197
2026-02-11 19:55:30,174 | INFO | aiogram.event | Update id=717650508 is handled. Duration 524 ms by bot id=8271511197
2026-02-11 19:55:31,576 | INFO | aiogram.event | Update id=717650509 is handled. Duration 258 ms by bot id=8271511197
2026-02-11 19:55:34,563 | INFO | aiogram.event | Update id=717650510 is handled. Duration 332 ms by bot id=8271511197
2026-02-11 19:55:37,139 | INFO | aiogram.event | Update id=717650511 is handled. Duration 296 ms by bot id=8271511197
2026-02-11 19:55:39,776 | INFO | aiogram.event | Update id=717650512 is handled. Duration 394 ms by bot id=8271511197
2026-02-11 19:55:42,073 | INFO | aiogram.event | Update id=717650513 is handled. Duration 256 ms by bot id=8271511197
2026-02-11 19:55:43,676 | INFO | aiogram.event | Update id=717650514 is handled. Duration 271 ms by bot id=8271511197
2026-02-11 19:55:45,362 | INFO | aiogram.event | Update id=717650515 is handled. Duration 253 ms by bot id=8271511197
2026-02-11 19:57:25,160 | INFO | aiogram.event | Update id=717650516 is handled. Duration 137 ms by bot id=8271511197
2026-02-11 19:57:41,694 | INFO | aiogram.dispatcher | Polling stopped
2026-02-11 19:57:41,696 | ERROR | aiogram.dispatcher | Failed to fetch updates - TelegramNetworkError: HTTP Client says - ServerDisconnectedError: Server disconnected
2026-02-11 19:57:41,696 | WARNING | aiogram.dispatcher | Sleep for 1.000000 seconds and try again... (tryings = 0, bot id = 8271511197)
2026-02-11 19:57:41,952 | INFO | aiogram.dispatcher | Polling stopped for bot @NamozPlusBot id=8271511197 - 'Namoz Time & Islamic Assistant Bot'
2026-02-11 19:57:46,863 | INFO | apscheduler.scheduler | Adding job tentatively -- it will be properly scheduled when the scheduler starts
2026-02-11 19:57:46,863 | INFO | apscheduler.scheduler | Adding job tentatively -- it will be properly scheduled when the scheduler starts
2026-02-11 19:57:46,865 | INFO | apscheduler.scheduler | Added job "SchedulerService.refresh_all" to job store "default"
2026-02-11 19:57:46,865 | INFO | apscheduler.scheduler | Added job "SchedulerService.check_hijri_reminders" to job store "default"
2026-02-11 19:57:46,865 | INFO | apscheduler.scheduler | Scheduler started
2026-02-11 19:57:48,651 | INFO | apscheduler.scheduler | Added job "SchedulerService._send_reminder" to job store "default"
2026-02-11 19:57:48,652 | INFO | apscheduler.scheduler | Added job "SchedulerService._send_reminder" to job store "default"
2026-02-11 19:57:48,653 | INFO | apscheduler.scheduler | Added job "SchedulerService._send_reminder" to job store "default"
2026-02-11 19:57:48,654 | INFO | apscheduler.scheduler | Added job "SchedulerService._send_reminder" to job store "default"
2026-02-11 19:57:48,656 | INFO | apscheduler.scheduler | Added job "SchedulerService._send_reminder" to job store "default"
2026-02-11 19:57:48,663 | INFO | apscheduler.scheduler | Added job "SchedulerService._send_ramadan_reminder" to job store "default"
2026-02-11 19:57:48,664 | INFO | apscheduler.scheduler | Added job "SchedulerService._send_ramadan_reminder" to job store "default"
2026-02-11 19:57:48,664 | INFO | aiogram.dispatcher | Start polling
2026-02-11 19:57:48,769 | INFO | aiogram.dispatcher | Run polling for bot @NamozPlusBot id=8271511197 - 'Namoz Time & Islamic Assistant Bot'
2026-02-11 19:57:49,264 | INFO | aiogram.event | Update id=717650517 is handled. Duration 365 ms by bot id=8271511197
2026-02-11 19:57:50,751 | INFO | aiogram.event | Update id=717650518 is handled. Duration 616 ms by bot id=8271511197
2026-02-11 19:58:01,951 | ERROR | bot.services.overpass | Overpass error 504: <?xml version="1.0" encoding="UTF-8"?>
<!DOCTYPE html PUBLIC "-//W3C//DTD XHTML 1.0 Strict//EN"
    "http://www.w3.org/TR/xhtml1/DTD/xhtml1-strict.dtd">
<html xmlns="http://www.w3.org/1999/xhtml" xml:lang="en" lang="en">
<head>
  <meta http-equiv="content-type" content="text/html; charset=utf-8" lang="en"/>
  <title>OSM3S Response</title>
</head>
<body>

<p>The data included in this document is from www.openstreetmap.org. The data is made available under ODbL.</p>
<p><strong style="color:#FF0000">Error</strong>: runtime error: open64: 0 Success /osm3s_osm_base Dispatcher_Client::request_read_and_idx::timeout. The server is probably too busy to handle your request. </p>

</body>
</html>

2026-02-11 19:58:11,116 | ERROR | bot.services.overpass | Overpass error 504: <?xml version="1.0" encoding="UTF-8"?>
<!DOCTYPE html PUBLIC "-//W3C//DTD XHTML 1.0 Strict//EN"
    "http://www.w3.org/TR/xhtml1/DTD/xhtml1-strict.dtd">
<html xmlns="http://www.w3.org/1999/xhtml" xml:lang="en" lang="en">
<head>
  <meta http-equiv="content-type" content="text/html; charset=utf-8" lang="en"/>
  <title>OSM3S Response</title>
</head>
<body>

<p>The data included in this document is from www.openstreetmap.org. The data is made available under ODbL.</p>
<p><strong style="color:#FF0000">Error</strong>: runtime error: open64: 0 Success /osm3s_osm_base Dispatcher_Client::request_read_and_idx::timeout. The server is probably too busy to handle your request. </p>

</body>
</html>

2026-02-11 19:58:22,944 | ERROR | bot.middlewares.db | DB session rolled back due to error
Traceback (most recent call last):
  File "C:\Users\Sanjar\vscode_projects\.venv\Lib\site-packages\aiohttp\client_reqrep.py", line 539, in start
    message, payload = await protocol.read()  # type: ignore[union-attr]
                       ^^^^^^^^^^^^^^^^^^^^^
  File "C:\Users\Sanjar\vscode_projects\.venv\Lib\site-packages\aiohttp\streams.py", line 703, in read
    await self._waiter
asyncio.exceptions.CancelledError

The above exception was the direct cause of the following exception:

Traceback (most recent call last):
  File "C:\Users\Sanjar\vscode_projects\namoz-bot\bot\middlewares\db.py", line 26, in __call__
    result = await handler(event, data)
             ^^^^^^^^^^^^^^^^^^^^^^^^^^
  File "C:\Users\Sanjar\vscode_projects\namoz-bot\bot\middlewares\i18n.py", line 71, in __call__
    return await handler(event, data)
           ^^^^^^^^^^^^^^^^^^^^^^^^^^
  File "C:\Users\Sanjar\vscode_projects\.venv\Lib\site-packages\aiogram\dispatcher\event\handler.py", line 71, in call
    return await wrapped()
           ^^^^^^^^^^^^^^^
  File "C:\Users\Sanjar\vscode_projects\.venv\Lib\site-packages\aiogram\dispatcher\dispatcher.py", line 283, in _listen_update
    return await self.propagate_event(update_type=update_type, event=event, **kwargs)
           ^^^^^^^^^^^^^^^^^^^^^^^^^^^^^^^^^^^^^^^^^^^^^^^^^^^^^^^^^^^^^^^^^^^^^^^^^^
  File "C:\Users\Sanjar\vscode_projects\.venv\Lib\site-packages\aiogram\dispatcher\router.py", line 161, in propagate_event
    return await observer.wrap_outer_middleware(_wrapped, event=event, data=kwargs)
           ^^^^^^^^^^^^^^^^^^^^^^^^^^^^^^^^^^^^^^^^^^^^^^^^^^^^^^^^^^^^^^^^^^^^^^^^
  File "C:\Users\Sanjar\vscode_projects\.venv\Lib\site-packages\aiogram\dispatcher\router.py", line 153, in _wrapped
    return await self._propagate_event(
           ^^^^^^^^^^^^^^^^^^^^^^^^^^^^
    ...<4 lines>...
    )
    ^
  File "C:\Users\Sanjar\vscode_projects\.venv\Lib\site-packages\aiogram\dispatcher\router.py", line 189, in _propagate_event
    response = await router.propagate_event(update_type=update_type, event=event, **kwargs)
               ^^^^^^^^^^^^^^^^^^^^^^^^^^^^^^^^^^^^^^^^^^^^^^^^^^^^^^^^^^^^^^^^^^^^^^^^^^^^
  File "C:\Users\Sanjar\vscode_projects\.venv\Lib\site-packages\aiogram\dispatcher\router.py", line 161, in propagate_event
    return await observer.wrap_outer_middleware(_wrapped, event=event, data=kwargs)
           ^^^^^^^^^^^^^^^^^^^^^^^^^^^^^^^^^^^^^^^^^^^^^^^^^^^^^^^^^^^^^^^^^^^^^^^^
  File "C:\Users\Sanjar\vscode_projects\.venv\Lib\site-packages\aiogram\dispatcher\router.py", line 153, in _wrapped
    return await self._propagate_event(
           ^^^^^^^^^^^^^^^^^^^^^^^^^^^^
    ...<4 lines>...
    )
    ^
  File "C:\Users\Sanjar\vscode_projects\.venv\Lib\site-packages\aiogram\dispatcher\router.py", line 181, in _propagate_event
    response = await observer.trigger(event, **kwargs)
               ^^^^^^^^^^^^^^^^^^^^^^^^^^^^^^^^^^^^^^^
  File "C:\Users\Sanjar\vscode_projects\.venv\Lib\site-packages\aiogram\dispatcher\event\telegram.py", line 126, in trigger
    return await wrapped_inner(event, kwargs)
           ^^^^^^^^^^^^^^^^^^^^^^^^^^^^^^^^^^
  File "C:\Users\Sanjar\vscode_projects\.venv\Lib\site-packages\aiogram\dispatcher\event\handler.py", line 71, in call
    return await wrapped()
           ^^^^^^^^^^^^^^^
  File "C:\Users\Sanjar\vscode_projects\namoz-bot\bot\handlers\mosques.py", line 71, in mosques_menu
    await _send_mosques(callback.message.answer, i18n, lang, db_user, settings)
  File "C:\Users\Sanjar\vscode_projects\namoz-bot\bot\handlers\mosques.py", line 121, in _send_mosques
    items = await client.find_mosques(
            ^^^^^^^^^^^^^^^^^^^^^^^^^^
    ...<4 lines>...
    )
    ^
  File "C:\Users\Sanjar\vscode_projects\namoz-bot\bot\services\overpass.py", line 30, in find_mosques
    payload = await self._fetch_with_fallback(lat, lon, radius_km)
              ^^^^^^^^^^^^^^^^^^^^^^^^^^^^^^^^^^^^^^^^^^^^^^^^^^^^
  File "C:\Users\Sanjar\vscode_projects\namoz-bot\bot\services\overpass.py", line 64, in _fetch_with_fallback
    async with session.post(url, data={"data": query}) as resp:
               ~~~~~~~~~~~~^^^^^^^^^^^^^^^^^^^^^^^^^^^
  File "C:\Users\Sanjar\vscode_projects\.venv\Lib\site-packages\aiohttp\client.py", line 1510, in __aenter__
    self._resp: _RetType = await self._coro
                           ^^^^^^^^^^^^^^^^
  File "C:\Users\Sanjar\vscode_projects\.venv\Lib\site-packages\aiohttp\client.py", line 779, in _request
    resp = await handler(req)
           ^^^^^^^^^^^^^^^^^^
  File "C:\Users\Sanjar\vscode_projects\.venv\Lib\site-packages\aiohttp\client.py", line 757, in _connect_and_send_request
    await resp.start(conn)
  File "C:\Users\Sanjar\vscode_projects\.venv\Lib\site-packages\aiohttp\client_reqrep.py", line 534, in start
    with self._timer:
         ^^^^^^^^^^^
  File "C:\Users\Sanjar\vscode_projects\.venv\Lib\site-packages\aiohttp\helpers.py", line 713, in __exit__
    raise asyncio.TimeoutError from exc_val
TimeoutError
2026-02-11 19:58:22,968 | ERROR | bot.handlers.errors | Unhandled exception: update=Update(update_id=717650519, message=None, edited_message=None, channel_post=None, edited_channel_post=None, business_connection=None, business_message=None, edited_business_message=None, deleted_business_messages=None, message_reaction=None, message_reaction_count=None, inline_query=None, chosen_inline_result=None, callback_query=CallbackQuery(id='8180629270027866174', from_user=User(id=8347152122, is_bot=False, first_name='سنجر', last_name=None, username='raxmv77', language_code='en', is_premium=None, added_to_attachment_menu=None, can_join_groups=None, can_read_all_group_messages=None, supports_inline_queries=None, can_connect_to_business=None, has_main_web_app=None, has_topics_enabled=None, allows_users_to_create_topics=None), chat_instance='-3702739898278178400', message=Message(message_id=338, date=datetime.datetime(2026, 2, 11, 14, 57, 51, tzinfo=TzInfo(0)), chat=Chat(id=8347152122, type='private', title=None, username='raxmv77', first_name='سنجر', last_name=None, is_forum=None, is_direct_messages=None, accent_color_id=None, active_usernames=None, available_reactions=None, background_custom_emoji_id=None, bio=None, birthdate=None, business_intro=None, business_location=None, business_opening_hours=None, can_set_sticker_set=None, custom_emoji_sticker_set_name=None, description=None, emoji_status_custom_emoji_id=None, emoji_status_expiration_date=None, has_aggressive_anti_spam_enabled=None, has_hidden_members=None, has_private_forwards=None, has_protected_content=None, has_restricted_voice_and_video_messages=None, has_visible_history=None, invite_link=None, join_by_request=None, join_to_send_messages=None, linked_chat_id=None, location=None, message_auto_delete_time=None, permissions=None, personal_chat=None, photo=None, pinned_message=None, profile_accent_color_id=None, profile_background_custom_emoji_id=None, slow_mode_delay=None, sticker_set_name=None, unrestrict_boost_count=None), message_thread_id=None, direct_messages_topic=None, from_user=User(id=8271511197, is_bot=True, first_name='Namoz Time & Islamic Assistant Bot', last_name=None, username='NamozPlusBot', language_code=None, is_premium=None, added_to_attachment_menu=None, can_join_groups=None, can_read_all_group_messages=None, supports_inline_queries=None, can_connect_to_business=None, has_main_web_app=None, has_topics_enabled=None, allows_users_to_create_topics=None), sender_chat=None, sender_boost_count=None, sender_business_bot=None, business_connection_id=None, forward_origin=None, is_topic_message=None, is_automatic_forward=None, reply_to_message=None, external_reply=None, quote=None, reply_to_story=None, reply_to_checklist_task_id=None, via_bot=None, edit_date=None, has_protected_content=None, is_from_offline=None, is_paid_post=None, media_group_id=None, author_signature=None, paid_star_count=None, text='Asosiy menyu:', entities=None, link_preview_options=None, suggested_post_info=None, effect_id=None, animation=None, audio=None, document=None, paid_media=None, photo=None, sticker=None, story=None, video=None, video_note=None, voice=None, caption=None, caption_entities=None, show_caption_above_media=None, has_media_spoiler=None, checklist=None, contact=None, dice=None, game=None, poll=None, venue=None, location=None, new_chat_members=None, left_chat_member=None, chat_owner_left=None, chat_owner_changed=None, new_chat_title=None, new_chat_photo=None, delete_chat_photo=None, group_chat_created=None, supergroup_chat_created=None, channel_chat_created=None, message_auto_delete_timer_changed=None, migrate_to_chat_id=None, migrate_from_chat_id=None, pinned_message=None, invoice=None, successful_payment=None, refunded_payment=None, users_shared=None, chat_shared=None, gift=None, unique_gift=None, gift_upgrade_sent=None, connected_website=None, write_access_allowed=None, passport_data=None, proximity_alert_triggered=None, boost_added=None, chat_background_set=None, checklist_tasks_done=None, checklist_tasks_added=None, direct_message_price_changed=None, forum_topic_created=None, forum_topic_edited=None, forum_topic_closed=None, forum_topic_reopened=None, general_forum_topic_hidden=None, general_forum_topic_unhidden=None, giveaway_created=None, giveaway=None, giveaway_winners=None, giveaway_completed=None, paid_message_price_changed=None, suggested_post_approved=None, suggested_post_approval_failed=None, suggested_post_declined=None, suggested_post_paid=None, suggested_post_refunded=None, video_chat_scheduled=None, video_chat_started=None, video_chat_ended=None, video_chat_participants_invited=None, web_app_data=None, reply_markup=InlineKeyboardMarkup(inline_keyboard=[[InlineKeyboardButton(text='🕌 Namoz vaqtlari', icon_custom_emoji_id=None, style=None, url=None, callback_data='menu:prayer_times', web_app=None, login_url=None, switch_inline_query=None, switch_inline_query_current_chat=None, switch_inline_query_chosen_chat=None, copy_text=None, callback_game=None, pay=None), InlineKeyboardButton(text='📍 Shahar/GPS', icon_custom_emoji_id=None, style=None, url=None, callback_data='menu:location', web_app=None, login_url=None, switch_inline_query=None, switch_inline_query_current_chat=None, switch_inline_query_chosen_chat=None, copy_text=None, callback_game=None, pay=None)], [InlineKeyboardButton(text='🕌 Yaqin masjidlar', icon_custom_emoji_id=None, style=None, url=None, callback_data='menu:mosques', web_app=None, login_url=None, switch_inline_query=None, switch_inline_query_current_chat=None, switch_inline_query_chosen_chat=None, copy_text=None, callback_game=None, pay=None), InlineKeyboardButton(text='🔔 Eslatmalar', icon_custom_emoji_id=None, style=None, url=None, callback_data='menu:reminders', web_app=None, login_url=None, switch_inline_query=None, switch_inline_query_current_chat=None, switch_inline_query_chosen_chat=None, copy_text=None, callback_game=None, pay=None)], [InlineKeyboardButton(text='🧭 Qibla', icon_custom_emoji_id=None, style=None, url=None, callback_data='menu:qibla', web_app=None, login_url=None, switch_inline_query=None, switch_inline_query_current_chat=None, switch_inline_query_chosen_chat=None, copy_text=None, callback_game=None, pay=None), InlineKeyboardButton(text='🗓 Hijriy sana', icon_custom_emoji_id=None, style=None, url=None, callback_data='menu:hijri', web_app=None, login_url=None, switch_inline_query=None, switch_inline_query_current_chat=None, switch_inline_query_chosen_chat=None, copy_text=None, callback_game=None, pay=None)], [InlineKeyboardButton(text='🌙 Ramazon', icon_custom_emoji_id=None, style=None, url=None, callback_data='menu:ramadan', web_app=None, login_url=None, switch_inline_query=None, switch_inline_query_current_chat=None, switch_inline_query_chosen_chat=None, copy_text=None, callback_game=None, pay=None), InlineKeyboardButton(text='🤲 Duolar', icon_custom_emoji_id=None, style=None, url=None, callback_data='menu:duas', web_app=None, login_url=None, switch_inline_query=None, switch_inline_query_current_chat=None, switch_inline_query_chosen_chat=None, copy_text=None, callback_game=None, pay=None)], [InlineKeyboardButton(text='📿 Tasbeh', icon_custom_emoji_id=None, style=None, url=None, callback_data='menu:tasbeh', web_app=None, login_url=None, switch_inline_query=None, switch_inline_query_current_chat=None, switch_inline_query_chosen_chat=None, copy_text=None, callback_game=None, pay=None), InlineKeyboardButton(text='👤 Profil', icon_custom_emoji_id=None, style=None, url=None, callback_data='menu:profile', web_app=None, login_url=None, switch_inline_query=None, switch_inline_query_current_chat=None, switch_inline_query_chosen_chat=None, copy_text=None, callback_game=None, pay=None)], [InlineKeyboardButton(text='⚙️ Sozlamalar', icon_custom_emoji_id=None, style=None, url=None, callback_data='menu:settings', web_app=None, login_url=None, switch_inline_query=None, switch_inline_query_current_chat=None, switch_inline_query_chosen_chat=None, copy_text=None, callback_game=None, pay=None), InlineKeyboardButton(text='ℹ️ Yordam', icon_custom_emoji_id=None, style=None, url=None, callback_data='menu:help', web_app=None, login_url=None, switch_inline_query=None, switch_inline_query_current_chat=None, switch_inline_query_chosen_chat=None, copy_text=None, callback_game=None, pay=None)]]), forward_date=None, forward_from=None, forward_from_chat=None, forward_from_message_id=None, forward_sender_name=None, forward_signature=None, user_shared=None), inline_message_id=None, data='menu:mosques', game_short_name=None), shipping_query=None, pre_checkout_query=None, purchased_paid_media=None, poll=None, poll_answer=None, my_chat_member=None, chat_member=None, chat_join_request=None, chat_boost=None, removed_chat_boost=None) exception=TimeoutError()
Traceback (most recent call last):
  File "C:\Users\Sanjar\vscode_projects\.venv\Lib\site-packages\aiohttp\client_reqrep.py", line 539, in start
    message, payload = await protocol.read()  # type: ignore[union-attr]
                       ^^^^^^^^^^^^^^^^^^^^^
  File "C:\Users\Sanjar\vscode_projects\.venv\Lib\site-packages\aiohttp\streams.py", line 703, in read
    await self._waiter
asyncio.exceptions.CancelledError

The above exception was the direct cause of the following exception:

Traceback (most recent call last):
  File "C:\Users\Sanjar\vscode_projects\.venv\Lib\site-packages\aiogram\dispatcher\middlewares\error.py", line 27, in __call__
    return await handler(event, data)
           ^^^^^^^^^^^^^^^^^^^^^^^^^^
  File "C:\Users\Sanjar\vscode_projects\.venv\Lib\site-packages\aiogram\dispatcher\middlewares\user_context.py", line 58, in __call__
    return await handler(event, data)
           ^^^^^^^^^^^^^^^^^^^^^^^^^^
  File "C:\Users\Sanjar\vscode_projects\.venv\Lib\site-packages\aiogram\fsm\middleware.py", line 43, in __call__
    return await handler(event, data)
           ^^^^^^^^^^^^^^^^^^^^^^^^^^
  File "C:\Users\Sanjar\vscode_projects\.venv\Lib\site-packages\aiogram\dispatcher\event\telegram.py", line 126, in trigger
    return await wrapped_inner(event, kwargs)
           ^^^^^^^^^^^^^^^^^^^^^^^^^^^^^^^^^^
  File "C:\Users\Sanjar\vscode_projects\namoz-bot\bot\middlewares\db.py", line 26, in __call__
    result = await handler(event, data)
             ^^^^^^^^^^^^^^^^^^^^^^^^^^
  File "C:\Users\Sanjar\vscode_projects\namoz-bot\bot\middlewares\i18n.py", line 71, in __call__
    return await handler(event, data)
           ^^^^^^^^^^^^^^^^^^^^^^^^^^
  File "C:\Users\Sanjar\vscode_projects\.venv\Lib\site-packages\aiogram\dispatcher\event\handler.py", line 71, in call
    return await wrapped()
           ^^^^^^^^^^^^^^^
  File "C:\Users\Sanjar\vscode_projects\.venv\Lib\site-packages\aiogram\dispatcher\dispatcher.py", line 283, in _listen_update
    return await self.propagate_event(update_type=update_type, event=event, **kwargs)
           ^^^^^^^^^^^^^^^^^^^^^^^^^^^^^^^^^^^^^^^^^^^^^^^^^^^^^^^^^^^^^^^^^^^^^^^^^^
  File "C:\Users\Sanjar\vscode_projects\.venv\Lib\site-packages\aiogram\dispatcher\router.py", line 161, in propagate_event
    return await observer.wrap_outer_middleware(_wrapped, event=event, data=kwargs)
           ^^^^^^^^^^^^^^^^^^^^^^^^^^^^^^^^^^^^^^^^^^^^^^^^^^^^^^^^^^^^^^^^^^^^^^^^
  File "C:\Users\Sanjar\vscode_projects\.venv\Lib\site-packages\aiogram\dispatcher\router.py", line 153, in _wrapped
    return await self._propagate_event(
           ^^^^^^^^^^^^^^^^^^^^^^^^^^^^
    ...<4 lines>...
    )
    ^
  File "C:\Users\Sanjar\vscode_projects\.venv\Lib\site-packages\aiogram\dispatcher\router.py", line 189, in _propagate_event
    response = await router.propagate_event(update_type=update_type, event=event, **kwargs)
               ^^^^^^^^^^^^^^^^^^^^^^^^^^^^^^^^^^^^^^^^^^^^^^^^^^^^^^^^^^^^^^^^^^^^^^^^^^^^
  File "C:\Users\Sanjar\vscode_projects\.venv\Lib\site-packages\aiogram\dispatcher\router.py", line 161, in propagate_event
    return await observer.wrap_outer_middleware(_wrapped, event=event, data=kwargs)
           ^^^^^^^^^^^^^^^^^^^^^^^^^^^^^^^^^^^^^^^^^^^^^^^^^^^^^^^^^^^^^^^^^^^^^^^^
  File "C:\Users\Sanjar\vscode_projects\.venv\Lib\site-packages\aiogram\dispatcher\router.py", line 153, in _wrapped
    return await self._propagate_event(
           ^^^^^^^^^^^^^^^^^^^^^^^^^^^^
    ...<4 lines>...
    )
    ^
  File "C:\Users\Sanjar\vscode_projects\.venv\Lib\site-packages\aiogram\dispatcher\router.py", line 181, in _propagate_event
    response = await observer.trigger(event, **kwargs)
               ^^^^^^^^^^^^^^^^^^^^^^^^^^^^^^^^^^^^^^^
  File "C:\Users\Sanjar\vscode_projects\.venv\Lib\site-packages\aiogram\dispatcher\event\telegram.py", line 126, in trigger
    return await wrapped_inner(event, kwargs)
           ^^^^^^^^^^^^^^^^^^^^^^^^^^^^^^^^^^
  File "C:\Users\Sanjar\vscode_projects\.venv\Lib\site-packages\aiogram\dispatcher\event\handler.py", line 71, in call
    return await wrapped()
           ^^^^^^^^^^^^^^^
  File "C:\Users\Sanjar\vscode_projects\namoz-bot\bot\handlers\mosques.py", line 71, in mosques_menu
    await _send_mosques(callback.message.answer, i18n, lang, db_user, settings)
  File "C:\Users\Sanjar\vscode_projects\namoz-bot\bot\handlers\mosques.py", line 121, in _send_mosques
    items = await client.find_mosques(
            ^^^^^^^^^^^^^^^^^^^^^^^^^^
    ...<4 lines>...
    )
    ^
  File "C:\Users\Sanjar\vscode_projects\namoz-bot\bot\services\overpass.py", line 30, in find_mosques
    payload = await self._fetch_with_fallback(lat, lon, radius_km)
              ^^^^^^^^^^^^^^^^^^^^^^^^^^^^^^^^^^^^^^^^^^^^^^^^^^^^
  File "C:\Users\Sanjar\vscode_projects\namoz-bot\bot\services\overpass.py", line 64, in _fetch_with_fallback
    async with session.post(url, data={"data": query}) as resp:
               ~~~~~~~~~~~~^^^^^^^^^^^^^^^^^^^^^^^^^^^
  File "C:\Users\Sanjar\vscode_projects\.venv\Lib\site-packages\aiohttp\client.py", line 1510, in __aenter__
    self._resp: _RetType = await self._coro
                           ^^^^^^^^^^^^^^^^
  File "C:\Users\Sanjar\vscode_projects\.venv\Lib\site-packages\aiohttp\client.py", line 779, in _request
    resp = await handler(req)
           ^^^^^^^^^^^^^^^^^^
  File "C:\Users\Sanjar\vscode_projects\.venv\Lib\site-packages\aiohttp\client.py", line 757, in _connect_and_send_request
    await resp.start(conn)
  File "C:\Users\Sanjar\vscode_projects\.venv\Lib\site-packages\aiohttp\client_reqrep.py", line 534, in start
    with self._timer:
         ^^^^^^^^^^^
  File "C:\Users\Sanjar\vscode_projects\.venv\Lib\site-packages\aiohttp\helpers.py", line 713, in __exit__
    raise asyncio.TimeoutError from exc_val
TimeoutError
2026-02-11 19:58:22,993 | INFO | aiogram.event | Update id=717650519 is handled. Duration 29302 ms by bot id=8271511197
2026-02-11 19:58:31,959 | ERROR | bot.middlewares.db | DB session rolled back due to error
Traceback (most recent call last):
  File "C:\Users\Sanjar\vscode_projects\.venv\Lib\site-packages\aiohttp\client_reqrep.py", line 539, in start
    message, payload = await protocol.read()  # type: ignore[union-attr]
                       ^^^^^^^^^^^^^^^^^^^^^
  File "C:\Users\Sanjar\vscode_projects\.venv\Lib\site-packages\aiohttp\streams.py", line 703, in read
    await self._waiter
asyncio.exceptions.CancelledError

The above exception was the direct cause of the following exception:

Traceback (most recent call last):
  File "C:\Users\Sanjar\vscode_projects\namoz-bot\bot\middlewares\db.py", line 26, in __call__
    result = await handler(event, data)
             ^^^^^^^^^^^^^^^^^^^^^^^^^^
  File "C:\Users\Sanjar\vscode_projects\namoz-bot\bot\middlewares\i18n.py", line 71, in __call__
    return await handler(event, data)
           ^^^^^^^^^^^^^^^^^^^^^^^^^^
  File "C:\Users\Sanjar\vscode_projects\.venv\Lib\site-packages\aiogram\dispatcher\event\handler.py", line 71, in call
    return await wrapped()
           ^^^^^^^^^^^^^^^
  File "C:\Users\Sanjar\vscode_projects\.venv\Lib\site-packages\aiogram\dispatcher\dispatcher.py", line 283, in _listen_update
    return await self.propagate_event(update_type=update_type, event=event, **kwargs)
           ^^^^^^^^^^^^^^^^^^^^^^^^^^^^^^^^^^^^^^^^^^^^^^^^^^^^^^^^^^^^^^^^^^^^^^^^^^
  File "C:\Users\Sanjar\vscode_projects\.venv\Lib\site-packages\aiogram\dispatcher\router.py", line 161, in propagate_event
    return await observer.wrap_outer_middleware(_wrapped, event=event, data=kwargs)
           ^^^^^^^^^^^^^^^^^^^^^^^^^^^^^^^^^^^^^^^^^^^^^^^^^^^^^^^^^^^^^^^^^^^^^^^^
  File "C:\Users\Sanjar\vscode_projects\.venv\Lib\site-packages\aiogram\dispatcher\router.py", line 153, in _wrapped
    return await self._propagate_event(
           ^^^^^^^^^^^^^^^^^^^^^^^^^^^^
    ...<4 lines>...
    )
    ^
  File "C:\Users\Sanjar\vscode_projects\.venv\Lib\site-packages\aiogram\dispatcher\router.py", line 189, in _propagate_event
    response = await router.propagate_event(update_type=update_type, event=event, **kwargs)
               ^^^^^^^^^^^^^^^^^^^^^^^^^^^^^^^^^^^^^^^^^^^^^^^^^^^^^^^^^^^^^^^^^^^^^^^^^^^^
  File "C:\Users\Sanjar\vscode_projects\.venv\Lib\site-packages\aiogram\dispatcher\router.py", line 161, in propagate_event
    return await observer.wrap_outer_middleware(_wrapped, event=event, data=kwargs)
           ^^^^^^^^^^^^^^^^^^^^^^^^^^^^^^^^^^^^^^^^^^^^^^^^^^^^^^^^^^^^^^^^^^^^^^^^
  File "C:\Users\Sanjar\vscode_projects\.venv\Lib\site-packages\aiogram\dispatcher\router.py", line 153, in _wrapped
    return await self._propagate_event(
           ^^^^^^^^^^^^^^^^^^^^^^^^^^^^
    ...<4 lines>...
    )
    ^
  File "C:\Users\Sanjar\vscode_projects\.venv\Lib\site-packages\aiogram\dispatcher\router.py", line 181, in _propagate_event
    response = await observer.trigger(event, **kwargs)
               ^^^^^^^^^^^^^^^^^^^^^^^^^^^^^^^^^^^^^^^
  File "C:\Users\Sanjar\vscode_projects\.venv\Lib\site-packages\aiogram\dispatcher\event\telegram.py", line 126, in trigger
    return await wrapped_inner(event, kwargs)
           ^^^^^^^^^^^^^^^^^^^^^^^^^^^^^^^^^^
  File "C:\Users\Sanjar\vscode_projects\.venv\Lib\site-packages\aiogram\dispatcher\event\handler.py", line 71, in call
    return await wrapped()
           ^^^^^^^^^^^^^^^
  File "C:\Users\Sanjar\vscode_projects\namoz-bot\bot\handlers\mosques.py", line 71, in mosques_menu
    await _send_mosques(callback.message.answer, i18n, lang, db_user, settings)
  File "C:\Users\Sanjar\vscode_projects\namoz-bot\bot\handlers\mosques.py", line 121, in _send_mosques
    items = await client.find_mosques(
            ^^^^^^^^^^^^^^^^^^^^^^^^^^
    ...<4 lines>...
    )
    ^
  File "C:\Users\Sanjar\vscode_projects\namoz-bot\bot\services\overpass.py", line 30, in find_mosques
    payload = await self._fetch_with_fallback(lat, lon, radius_km)
              ^^^^^^^^^^^^^^^^^^^^^^^^^^^^^^^^^^^^^^^^^^^^^^^^^^^^
  File "C:\Users\Sanjar\vscode_projects\namoz-bot\bot\services\overpass.py", line 64, in _fetch_with_fallback
    async with session.post(url, data={"data": query}) as resp:
               ~~~~~~~~~~~~^^^^^^^^^^^^^^^^^^^^^^^^^^^
  File "C:\Users\Sanjar\vscode_projects\.venv\Lib\site-packages\aiohttp\client.py", line 1510, in __aenter__
    self._resp: _RetType = await self._coro
                           ^^^^^^^^^^^^^^^^
  File "C:\Users\Sanjar\vscode_projects\.venv\Lib\site-packages\aiohttp\client.py", line 779, in _request
    resp = await handler(req)
           ^^^^^^^^^^^^^^^^^^
  File "C:\Users\Sanjar\vscode_projects\.venv\Lib\site-packages\aiohttp\client.py", line 757, in _connect_and_send_request
    await resp.start(conn)
  File "C:\Users\Sanjar\vscode_projects\.venv\Lib\site-packages\aiohttp\client_reqrep.py", line 534, in start
    with self._timer:
         ^^^^^^^^^^^
  File "C:\Users\Sanjar\vscode_projects\.venv\Lib\site-packages\aiohttp\helpers.py", line 713, in __exit__
    raise asyncio.TimeoutError from exc_val
TimeoutError
2026-02-11 19:58:31,988 | ERROR | bot.handlers.errors | Unhandled exception: update=Update(update_id=717650520, message=None, edited_message=None, channel_post=None, edited_channel_post=None, business_connection=None, business_message=None, edited_business_message=None, deleted_business_messages=None, message_reaction=None, message_reaction_count=None, inline_query=None, chosen_inline_result=None, callback_query=CallbackQuery(id='8180629268638527492', from_user=User(id=8347152122, is_bot=False, first_name='سنجر', last_name=None, username='raxmv77', language_code='en', is_premium=None, added_to_attachment_menu=None, can_join_groups=None, can_read_all_group_messages=None, supports_inline_queries=None, can_connect_to_business=None, has_main_web_app=None, has_topics_enabled=None, allows_users_to_create_topics=None), chat_instance='-3702739898278178400', message=Message(message_id=338, date=datetime.datetime(2026, 2, 11, 14, 57, 51, tzinfo=TzInfo(0)), chat=Chat(id=8347152122, type='private', title=None, username='raxmv77', first_name='سنجر', last_name=None, is_forum=None, is_direct_messages=None, accent_color_id=None, active_usernames=None, available_reactions=None, background_custom_emoji_id=None, bio=None, birthdate=None, business_intro=None, business_location=None, business_opening_hours=None, can_set_sticker_set=None, custom_emoji_sticker_set_name=None, description=None, emoji_status_custom_emoji_id=None, emoji_status_expiration_date=None, has_aggressive_anti_spam_enabled=None, has_hidden_members=None, has_private_forwards=None, has_protected_content=None, has_restricted_voice_and_video_messages=None, has_visible_history=None, invite_link=None, join_by_request=None, join_to_send_messages=None, linked_chat_id=None, location=None, message_auto_delete_time=None, permissions=None, personal_chat=None, photo=None, pinned_message=None, profile_accent_color_id=None, profile_background_custom_emoji_id=None, slow_mode_delay=None, sticker_set_name=None, unrestrict_boost_count=None), message_thread_id=None, direct_messages_topic=None, from_user=User(id=8271511197, is_bot=True, first_name='Namoz Time & Islamic Assistant Bot', last_name=None, username='NamozPlusBot', language_code=None, is_premium=None, added_to_attachment_menu=None, can_join_groups=None, can_read_all_group_messages=None, supports_inline_queries=None, can_connect_to_business=None, has_main_web_app=None, has_topics_enabled=None, allows_users_to_create_topics=None), sender_chat=None, sender_boost_count=None, sender_business_bot=None, business_connection_id=None, forward_origin=None, is_topic_message=None, is_automatic_forward=None, reply_to_message=None, external_reply=None, quote=None, reply_to_story=None, reply_to_checklist_task_id=None, via_bot=None, edit_date=None, has_protected_content=None, is_from_offline=None, is_paid_post=None, media_group_id=None, author_signature=None, paid_star_count=None, text='Asosiy menyu:', entities=None, link_preview_options=None, suggested_post_info=None, effect_id=None, animation=None, audio=None, document=None, paid_media=None, photo=None, sticker=None, story=None, video=None, video_note=None, voice=None, caption=None, caption_entities=None, show_caption_above_media=None, has_media_spoiler=None, checklist=None, contact=None, dice=None, game=None, poll=None, venue=None, location=None, new_chat_members=None, left_chat_member=None, chat_owner_left=None, chat_owner_changed=None, new_chat_title=None, new_chat_photo=None, delete_chat_photo=None, group_chat_created=None, supergroup_chat_created=None, channel_chat_created=None, message_auto_delete_timer_changed=None, migrate_to_chat_id=None, migrate_from_chat_id=None, pinned_message=None, invoice=None, successful_payment=None, refunded_payment=None, users_shared=None, chat_shared=None, gift=None, unique_gift=None, gift_upgrade_sent=None, connected_website=None, write_access_allowed=None, passport_data=None, proximity_alert_triggered=None, boost_added=None, chat_background_set=None, checklist_tasks_done=None, checklist_tasks_added=None, direct_message_price_changed=None, forum_topic_created=None, forum_topic_edited=None, forum_topic_closed=None, forum_topic_reopened=None, general_forum_topic_hidden=None, general_forum_topic_unhidden=None, giveaway_created=None, giveaway=None, giveaway_winners=None, giveaway_completed=None, paid_message_price_changed=None, suggested_post_approved=None, suggested_post_approval_failed=None, suggested_post_declined=None, suggested_post_paid=None, suggested_post_refunded=None, video_chat_scheduled=None, video_chat_started=None, video_chat_ended=None, video_chat_participants_invited=None, web_app_data=None, reply_markup=InlineKeyboardMarkup(inline_keyboard=[[InlineKeyboardButton(text='🕌 Namoz vaqtlari', icon_custom_emoji_id=None, style=None, url=None, callback_data='menu:prayer_times', web_app=None, login_url=None, switch_inline_query=None, switch_inline_query_current_chat=None, switch_inline_query_chosen_chat=None, copy_text=None, callback_game=None, pay=None), InlineKeyboardButton(text='📍 Shahar/GPS', icon_custom_emoji_id=None, style=None, url=None, callback_data='menu:location', web_app=None, login_url=None, switch_inline_query=None, switch_inline_query_current_chat=None, switch_inline_query_chosen_chat=None, copy_text=None, callback_game=None, pay=None)], [InlineKeyboardButton(text='🕌 Yaqin masjidlar', icon_custom_emoji_id=None, style=None, url=None, callback_data='menu:mosques', web_app=None, login_url=None, switch_inline_query=None, switch_inline_query_current_chat=None, switch_inline_query_chosen_chat=None, copy_text=None, callback_game=None, pay=None), InlineKeyboardButton(text='🔔 Eslatmalar', icon_custom_emoji_id=None, style=None, url=None, callback_data='menu:reminders', web_app=None, login_url=None, switch_inline_query=None, switch_inline_query_current_chat=None, switch_inline_query_chosen_chat=None, copy_text=None, callback_game=None, pay=None)], [InlineKeyboardButton(text='🧭 Qibla', icon_custom_emoji_id=None, style=None, url=None, callback_data='menu:qibla', web_app=None, login_url=None, switch_inline_query=None, switch_inline_query_current_chat=None, switch_inline_query_chosen_chat=None, copy_text=None, callback_game=None, pay=None), InlineKeyboardButton(text='🗓 Hijriy sana', icon_custom_emoji_id=None, style=None, url=None, callback_data='menu:hijri', web_app=None, login_url=None, switch_inline_query=None, switch_inline_query_current_chat=None, switch_inline_query_chosen_chat=None, copy_text=None, callback_game=None, pay=None)], [InlineKeyboardButton(text='🌙 Ramazon', icon_custom_emoji_id=None, style=None, url=None, callback_data='menu:ramadan', web_app=None, login_url=None, switch_inline_query=None, switch_inline_query_current_chat=None, switch_inline_query_chosen_chat=None, copy_text=None, callback_game=None, pay=None), InlineKeyboardButton(text='🤲 Duolar', icon_custom_emoji_id=None, style=None, url=None, callback_data='menu:duas', web_app=None, login_url=None, switch_inline_query=None, switch_inline_query_current_chat=None, switch_inline_query_chosen_chat=None, copy_text=None, callback_game=None, pay=None)], [InlineKeyboardButton(text='📿 Tasbeh', icon_custom_emoji_id=None, style=None, url=None, callback_data='menu:tasbeh', web_app=None, login_url=None, switch_inline_query=None, switch_inline_query_current_chat=None, switch_inline_query_chosen_chat=None, copy_text=None, callback_game=None, pay=None), InlineKeyboardButton(text='👤 Profil', icon_custom_emoji_id=None, style=None, url=None, callback_data='menu:profile', web_app=None, login_url=None, switch_inline_query=None, switch_inline_query_current_chat=None, switch_inline_query_chosen_chat=None, copy_text=None, callback_game=None, pay=None)], [InlineKeyboardButton(text='⚙️ Sozlamalar', icon_custom_emoji_id=None, style=None, url=None, callback_data='menu:settings', web_app=None, login_url=None, switch_inline_query=None, switch_inline_query_current_chat=None, switch_inline_query_chosen_chat=None, copy_text=None, callback_game=None, pay=None), InlineKeyboardButton(text='ℹ️ Yordam', icon_custom_emoji_id=None, style=None, url=None, callback_data='menu:help', web_app=None, login_url=None, switch_inline_query=None, switch_inline_query_current_chat=None, switch_inline_query_chosen_chat=None, copy_text=None, callback_game=None, pay=None)]]), forward_date=None, forward_from=None, forward_from_chat=None, forward_from_message_id=None, forward_sender_name=None, forward_signature=None, user_shared=None), inline_message_id=None, data='menu:mosques', game_short_name=None), shipping_query=None, pre_checkout_query=None, purchased_paid_media=None, poll=None, poll_answer=None, my_chat_member=None, chat_member=None, chat_join_request=None, chat_boost=None, removed_chat_boost=None) exception=TimeoutError()
Traceback (most recent call last):
  File "C:\Users\Sanjar\vscode_projects\.venv\Lib\site-packages\aiohttp\client_reqrep.py", line 539, in start
    message, payload = await protocol.read()  # type: ignore[union-attr]
                       ^^^^^^^^^^^^^^^^^^^^^
  File "C:\Users\Sanjar\vscode_projects\.venv\Lib\site-packages\aiohttp\streams.py", line 703, in read
    await self._waiter
asyncio.exceptions.CancelledError

The above exception was the direct cause of the following exception:

Traceback (most recent call last):
  File "C:\Users\Sanjar\vscode_projects\.venv\Lib\site-packages\aiogram\dispatcher\middlewares\error.py", line 27, in __call__
    return await handler(event, data)
           ^^^^^^^^^^^^^^^^^^^^^^^^^^
  File "C:\Users\Sanjar\vscode_projects\.venv\Lib\site-packages\aiogram\dispatcher\middlewares\user_context.py", line 58, in __call__
    return await handler(event, data)
           ^^^^^^^^^^^^^^^^^^^^^^^^^^
  File "C:\Users\Sanjar\vscode_projects\.venv\Lib\site-packages\aiogram\fsm\middleware.py", line 43, in __call__
    return await handler(event, data)
           ^^^^^^^^^^^^^^^^^^^^^^^^^^
  File "C:\Users\Sanjar\vscode_projects\.venv\Lib\site-packages\aiogram\dispatcher\event\telegram.py", line 126, in trigger
    return await wrapped_inner(event, kwargs)
           ^^^^^^^^^^^^^^^^^^^^^^^^^^^^^^^^^^
  File "C:\Users\Sanjar\vscode_projects\namoz-bot\bot\middlewares\db.py", line 26, in __call__
    result = await handler(event, data)
             ^^^^^^^^^^^^^^^^^^^^^^^^^^
  File "C:\Users\Sanjar\vscode_projects\namoz-bot\bot\middlewares\i18n.py", line 71, in __call__
    return await handler(event, data)
           ^^^^^^^^^^^^^^^^^^^^^^^^^^
  File "C:\Users\Sanjar\vscode_projects\.venv\Lib\site-packages\aiogram\dispatcher\event\handler.py", line 71, in call
    return await wrapped()
           ^^^^^^^^^^^^^^^
  File "C:\Users\Sanjar\vscode_projects\.venv\Lib\site-packages\aiogram\dispatcher\dispatcher.py", line 283, in _listen_update
    return await self.propagate_event(update_type=update_type, event=event, **kwargs)
           ^^^^^^^^^^^^^^^^^^^^^^^^^^^^^^^^^^^^^^^^^^^^^^^^^^^^^^^^^^^^^^^^^^^^^^^^^^
  File "C:\Users\Sanjar\vscode_projects\.venv\Lib\site-packages\aiogram\dispatcher\router.py", line 161, in propagate_event
    return await observer.wrap_outer_middleware(_wrapped, event=event, data=kwargs)
           ^^^^^^^^^^^^^^^^^^^^^^^^^^^^^^^^^^^^^^^^^^^^^^^^^^^^^^^^^^^^^^^^^^^^^^^^
  File "C:\Users\Sanjar\vscode_projects\.venv\Lib\site-packages\aiogram\dispatcher\router.py", line 153, in _wrapped
    return await self._propagate_event(
           ^^^^^^^^^^^^^^^^^^^^^^^^^^^^
    ...<4 lines>...
    )
    ^
  File "C:\Users\Sanjar\vscode_projects\.venv\Lib\site-packages\aiogram\dispatcher\router.py", line 189, in _propagate_event
    response = await router.propagate_event(update_type=update_type, event=event, **kwargs)
               ^^^^^^^^^^^^^^^^^^^^^^^^^^^^^^^^^^^^^^^^^^^^^^^^^^^^^^^^^^^^^^^^^^^^^^^^^^^^
  File "C:\Users\Sanjar\vscode_projects\.venv\Lib\site-packages\aiogram\dispatcher\router.py", line 161, in propagate_event
    return await observer.wrap_outer_middleware(_wrapped, event=event, data=kwargs)
           ^^^^^^^^^^^^^^^^^^^^^^^^^^^^^^^^^^^^^^^^^^^^^^^^^^^^^^^^^^^^^^^^^^^^^^^^
  File "C:\Users\Sanjar\vscode_projects\.venv\Lib\site-packages\aiogram\dispatcher\router.py", line 153, in _wrapped
    return await self._propagate_event(
           ^^^^^^^^^^^^^^^^^^^^^^^^^^^^
    ...<4 lines>...
    )
    ^
  File "C:\Users\Sanjar\vscode_projects\.venv\Lib\site-packages\aiogram\dispatcher\router.py", line 181, in _propagate_event
    response = await observer.trigger(event, **kwargs)
               ^^^^^^^^^^^^^^^^^^^^^^^^^^^^^^^^^^^^^^^
  File "C:\Users\Sanjar\vscode_projects\.venv\Lib\site-packages\aiogram\dispatcher\event\telegram.py", line 126, in trigger
    return await wrapped_inner(event, kwargs)
           ^^^^^^^^^^^^^^^^^^^^^^^^^^^^^^^^^^
  File "C:\Users\Sanjar\vscode_projects\.venv\Lib\site-packages\aiogram\dispatcher\event\handler.py", line 71, in call
    return await wrapped()
           ^^^^^^^^^^^^^^^
  File "C:\Users\Sanjar\vscode_projects\namoz-bot\bot\handlers\mosques.py", line 71, in mosques_menu
    await _send_mosques(callback.message.answer, i18n, lang, db_user, settings)
  File "C:\Users\Sanjar\vscode_projects\namoz-bot\bot\handlers\mosques.py", line 121, in _send_mosques
    items = await client.find_mosques(
            ^^^^^^^^^^^^^^^^^^^^^^^^^^
    ...<4 lines>...
    )
    ^
  File "C:\Users\Sanjar\vscode_projects\namoz-bot\bot\services\overpass.py", line 30, in find_mosques
    payload = await self._fetch_with_fallback(lat, lon, radius_km)
              ^^^^^^^^^^^^^^^^^^^^^^^^^^^^^^^^^^^^^^^^^^^^^^^^^^^^
  File "C:\Users\Sanjar\vscode_projects\namoz-bot\bot\services\overpass.py", line 64, in _fetch_with_fallback
    async with session.post(url, data={"data": query}) as resp:
               ~~~~~~~~~~~~^^^^^^^^^^^^^^^^^^^^^^^^^^^
  File "C:\Users\Sanjar\vscode_projects\.venv\Lib\site-packages\aiohttp\client.py", line 1510, in __aenter__
    self._resp: _RetType = await self._coro
                           ^^^^^^^^^^^^^^^^
  File "C:\Users\Sanjar\vscode_projects\.venv\Lib\site-packages\aiohttp\client.py", line 779, in _request
    resp = await handler(req)
           ^^^^^^^^^^^^^^^^^^
  File "C:\Users\Sanjar\vscode_projects\.venv\Lib\site-packages\aiohttp\client.py", line 757, in _connect_and_send_request
    await resp.start(conn)
  File "C:\Users\Sanjar\vscode_projects\.venv\Lib\site-packages\aiohttp\client_reqrep.py", line 534, in start
    with self._timer:
         ^^^^^^^^^^^
  File "C:\Users\Sanjar\vscode_projects\.venv\Lib\site-packages\aiohttp\helpers.py", line 713, in __exit__
    raise asyncio.TimeoutError from exc_val
TimeoutError
2026-02-11 19:58:32,018 | INFO | aiogram.event | Update id=717650520 is handled. Duration 26101 ms by bot id=8271511197
2026-02-11 19:59:10,477 | INFO | aiogram.dispatcher | Polling stopped
2026-02-11 19:59:10,479 | ERROR | aiogram.dispatcher | Failed to fetch updates - TelegramNetworkError: HTTP Client says - ServerDisconnectedError: Server disconnected
2026-02-11 19:59:10,480 | WARNING | aiogram.dispatcher | Sleep for 1.000000 seconds and try again... (tryings = 0, bot id = 8271511197)
2026-02-11 19:59:10,743 | INFO | aiogram.dispatcher | Polling stopped for bot @NamozPlusBot id=8271511197 - 'Namoz Time & Islamic Assistant Bot'
2026-02-11 19:59:16,041 | INFO | apscheduler.scheduler | Adding job tentatively -- it will be properly scheduled when the scheduler starts
2026-02-11 19:59:16,042 | INFO | apscheduler.scheduler | Adding job tentatively -- it will be properly scheduled when the scheduler starts
2026-02-11 19:59:16,043 | INFO | apscheduler.scheduler | Added job "SchedulerService.refresh_all" to job store "default"
2026-02-11 19:59:16,044 | INFO | apscheduler.scheduler | Added job "SchedulerService.check_hijri_reminders" to job store "default"
2026-02-11 19:59:16,044 | INFO | apscheduler.scheduler | Scheduler started
2026-02-11 19:59:17,791 | INFO | apscheduler.scheduler | Added job "SchedulerService._send_reminder" to job store "default"
2026-02-11 19:59:17,792 | INFO | apscheduler.scheduler | Added job "SchedulerService._send_reminder" to job store "default"
2026-02-11 19:59:17,793 | INFO | apscheduler.scheduler | Added job "SchedulerService._send_reminder" to job store "default"
2026-02-11 19:59:17,793 | INFO | apscheduler.scheduler | Added job "SchedulerService._send_reminder" to job store "default"
2026-02-11 19:59:17,794 | INFO | apscheduler.scheduler | Added job "SchedulerService._send_reminder" to job store "default"
2026-02-11 19:59:17,799 | INFO | apscheduler.scheduler | Added job "SchedulerService._send_ramadan_reminder" to job store "default"
2026-02-11 19:59:17,800 | INFO | apscheduler.scheduler | Added job "SchedulerService._send_ramadan_reminder" to job store "default"
2026-02-11 19:59:17,801 | INFO | aiogram.dispatcher | Start polling
2026-02-11 19:59:17,917 | INFO | aiogram.dispatcher | Run polling for bot @NamozPlusBot id=8271511197 - 'Namoz Time & Islamic Assistant Bot'
2026-02-11 19:59:19,086 | INFO | aiogram.event | Update id=717650521 is handled. Duration 381 ms by bot id=8271511197
2026-02-11 19:59:21,992 | INFO | aiogram.event | Update id=717650522 is handled. Duration 796 ms by bot id=8271511197
2026-02-11 19:59:24,410 | INFO | aiogram.event | Update id=717650523 is handled. Duration 1574 ms by bot id=8271511197
2026-02-11 19:59:36,442 | INFO | aiogram.event | Update id=717650524 is handled. Duration 4703 ms by bot id=8271511197
2026-02-11 20:00:27,205 | INFO | aiogram.dispatcher | Polling stopped
2026-02-11 20:00:27,208 | ERROR | aiogram.dispatcher | Failed to fetch updates - TelegramNetworkError: HTTP Client says - ServerDisconnectedError: Server disconnected
2026-02-11 20:00:27,209 | WARNING | aiogram.dispatcher | Sleep for 1.000000 seconds and try again... (tryings = 0, bot id = 8271511197)
2026-02-11 20:00:27,462 | INFO | aiogram.dispatcher | Polling stopped for bot @NamozPlusBot id=8271511197 - 'Namoz Time & Islamic Assistant Bot'
2026-02-11 20:00:32,904 | INFO | apscheduler.scheduler | Adding job tentatively -- it will be properly scheduled when the scheduler starts
2026-02-11 20:00:32,905 | INFO | apscheduler.scheduler | Adding job tentatively -- it will be properly scheduled when the scheduler starts
2026-02-11 20:00:32,906 | INFO | apscheduler.scheduler | Added job "SchedulerService.refresh_all" to job store "default"
2026-02-11 20:00:32,907 | INFO | apscheduler.scheduler | Added job "SchedulerService.check_hijri_reminders" to job store "default"
2026-02-11 20:00:32,907 | INFO | apscheduler.scheduler | Scheduler started
2026-02-11 20:00:34,952 | INFO | apscheduler.scheduler | Added job "SchedulerService._send_reminder" to job store "default"
2026-02-11 20:00:34,953 | INFO | apscheduler.scheduler | Added job "SchedulerService._send_reminder" to job store "default"
2026-02-11 20:00:34,953 | INFO | apscheduler.scheduler | Added job "SchedulerService._send_reminder" to job store "default"
2026-02-11 20:00:34,954 | INFO | apscheduler.scheduler | Added job "SchedulerService._send_reminder" to job store "default"
2026-02-11 20:00:34,954 | INFO | apscheduler.scheduler | Added job "SchedulerService._send_reminder" to job store "default"
2026-02-11 20:00:34,958 | INFO | apscheduler.scheduler | Added job "SchedulerService._send_ramadan_reminder" to job store "default"
2026-02-11 20:00:34,958 | INFO | apscheduler.scheduler | Added job "SchedulerService._send_ramadan_reminder" to job store "default"
2026-02-11 20:00:34,959 | INFO | aiogram.dispatcher | Start polling
2026-02-11 20:00:35,074 | INFO | aiogram.dispatcher | Run polling for bot @NamozPlusBot id=8271511197 - 'Namoz Time & Islamic Assistant Bot'
2026-02-11 20:00:58,932 | ERROR | bot.services.overpass | Overpass error 504: <?xml version="1.0" encoding="UTF-8"?>
<!DOCTYPE html PUBLIC "-//W3C//DTD XHTML 1.0 Strict//EN"
    "http://www.w3.org/TR/xhtml1/DTD/xhtml1-strict.dtd">
<html xmlns="http://www.w3.org/1999/xhtml" xml:lang="en" lang="en">
<head>
  <meta http-equiv="content-type" content="text/html; charset=utf-8" lang="en"/>
  <title>OSM3S Response</title>
</head>
<body>

<p>The data included in this document is from www.openstreetmap.org. The data is made available under ODbL.</p>
<p><strong style="color:#FF0000">Error</strong>: runtime error: open64: 0 Success /osm3s_osm_base Dispatcher_Client::request_read_and_idx::timeout. The server is probably too busy to handle your request. </p>

</body>
</html>

2026-02-11 20:01:03,384 | INFO | aiogram.event | Update id=717650525 is handled. Duration 9055 ms by bot id=8271511197
2026-02-11 20:01:07,785 | INFO | aiogram.event | Update id=717650526 is handled. Duration 3915 ms by bot id=8271511197
2026-02-11 20:01:42,391 | INFO | aiogram.event | Update id=717650527 is handled. Duration 146 ms by bot id=8271511197
2026-02-11 20:01:43,924 | INFO | aiogram.event | Update id=717650528 is handled. Duration 522 ms by bot id=8271511197
2026-02-11 20:01:45,899 | INFO | aiogram.event | Update id=717650529 is handled. Duration 515 ms by bot id=8271511197
2026-02-11 20:01:47,890 | INFO | aiogram.event | Update id=717650530 is handled. Duration 305 ms by bot id=8271511197
2026-02-11 20:01:52,642 | INFO | aiogram.event | Update id=717650531 is handled. Duration 341 ms by bot id=8271511197
2026-02-11 20:01:58,751 | INFO | aiogram.event | Update id=717650532 is handled. Duration 4324 ms by bot id=8271511197
2026-02-11 20:02:01,199 | INFO | aiogram.event | Update id=717650533 is handled. Duration 390 ms by bot id=8271511197
2026-02-11 20:02:03,269 | INFO | aiogram.event | Update id=717650534 is handled. Duration 281 ms by bot id=8271511197
2026-02-11 20:02:05,037 | INFO | aiogram.event | Update id=717650535 is handled. Duration 369 ms by bot id=8271511197
2026-02-11 20:02:07,733 | INFO | aiogram.event | Update id=717650536 is handled. Duration 1076 ms by bot id=8271511197
2026-02-11 20:02:14,800 | ERROR | bot.services.overpass | Overpass error 504: <?xml version="1.0" encoding="UTF-8"?>
<!DOCTYPE html PUBLIC "-//W3C//DTD XHTML 1.0 Strict//EN"
    "http://www.w3.org/TR/xhtml1/DTD/xhtml1-strict.dtd">
<html xmlns="http://www.w3.org/1999/xhtml" xml:lang="en" lang="en">
<head>
  <meta http-equiv="content-type" content="text/html; charset=utf-8" lang="en"/>
  <title>OSM3S Response</title>
</head>
<body>

<p>The data included in this document is from www.openstreetmap.org. The data is made available under ODbL.</p>
<p><strong style="color:#FF0000">Error</strong>: runtime error: open64: 0 Success /osm3s_osm_base Dispatcher_Client::request_read_and_idx::timeout. The server is probably too busy to handle your request. </p>

</body>
</html>

2026-02-11 20:02:26,011 | ERROR | bot.services.overpass | Overpass error 504: <?xml version="1.0" encoding="UTF-8"?>
<!DOCTYPE html PUBLIC "-//W3C//DTD XHTML 1.0 Strict//EN"
    "http://www.w3.org/TR/xhtml1/DTD/xhtml1-strict.dtd">
<html xmlns="http://www.w3.org/1999/xhtml" xml:lang="en" lang="en">
<head>
  <meta http-equiv="content-type" content="text/html; charset=utf-8" lang="en"/>
  <title>OSM3S Response</title>
</head>
<body>

<p>The data included in this document is from www.openstreetmap.org. The data is made available under ODbL.</p>
<p><strong style="color:#FF0000">Error</strong>: runtime error: open64: 0 Success /osm3s_osm_base Dispatcher_Client::request_read_and_idx::timeout. The server is probably too busy to handle your request. </p>

</body>
</html>

2026-02-11 20:02:31,307 | INFO | aiogram.event | Update id=717650538 is handled. Duration 143 ms by bot id=8271511197
2026-02-11 20:02:36,940 | ERROR | bot.services.overpass | Overpass error 504: <?xml version="1.0" encoding="UTF-8"?>
<!DOCTYPE html PUBLIC "-//W3C//DTD XHTML 1.0 Strict//EN"
    "http://www.w3.org/TR/xhtml1/DTD/xhtml1-strict.dtd">
<html xmlns="http://www.w3.org/1999/xhtml" xml:lang="en" lang="en">
<head>
  <meta http-equiv="content-type" content="text/html; charset=utf-8" lang="en"/>
  <title>OSM3S Response</title>
</head>
<body>

<p>The data included in this document is from www.openstreetmap.org. The data is made available under ODbL.</p>
<p><strong style="color:#FF0000">Error</strong>: runtime error: open64: 0 Success /osm3s_osm_base Dispatcher_Client::request_read_and_idx::timeout. The server is probably too busy to handle your request. </p>

</body>
</html>

2026-02-11 20:02:38,823 | INFO | aiogram.event | Update id=717650539 is handled. Duration 6110 ms by bot id=8271511197
2026-02-11 20:02:43,277 | INFO | aiogram.event | Update id=717650540 is handled. Duration 327 ms by bot id=8271511197
2026-02-11 20:02:47,213 | INFO | apscheduler.scheduler | Removed job 8347152122:ramadan:ramadan_suhoor_reminder:2026-02-12
2026-02-11 20:02:47,214 | INFO | apscheduler.scheduler | Removed job 8347152122:Fajr:2026-02-12
2026-02-11 20:02:47,215 | INFO | apscheduler.scheduler | Removed job 8347152122:Dhuhr:2026-02-12
2026-02-11 20:02:47,216 | INFO | apscheduler.scheduler | Removed job 8347152122:Asr:2026-02-12
2026-02-11 20:02:47,217 | INFO | apscheduler.scheduler | Removed job 8347152122:ramadan:ramadan_iftar_reminder:2026-02-12
2026-02-11 20:02:47,217 | INFO | apscheduler.scheduler | Removed job 8347152122:Maghrib:2026-02-12
2026-02-11 20:02:47,218 | INFO | apscheduler.scheduler | Removed job 8347152122:Isha:2026-02-12
2026-02-11 20:02:47,359 | INFO | aiogram.event | Update id=717650541 is handled. Duration 294 ms by bot id=8271511197
2026-02-11 20:02:48,958 | ERROR | bot.middlewares.db | DB session rolled back due to error
Traceback (most recent call last):
  File "C:\Users\Sanjar\vscode_projects\.venv\Lib\site-packages\aiohttp\client_reqrep.py", line 539, in start
    message, payload = await protocol.read()  # type: ignore[union-attr]
                       ^^^^^^^^^^^^^^^^^^^^^
  File "C:\Users\Sanjar\vscode_projects\.venv\Lib\site-packages\aiohttp\streams.py", line 703, in read
    await self._waiter
asyncio.exceptions.CancelledError

The above exception was the direct cause of the following exception:

Traceback (most recent call last):
  File "C:\Users\Sanjar\vscode_projects\namoz-bot\bot\middlewares\db.py", line 26, in __call__
    result = await handler(event, data)
             ^^^^^^^^^^^^^^^^^^^^^^^^^^
  File "C:\Users\Sanjar\vscode_projects\namoz-bot\bot\middlewares\i18n.py", line 71, in __call__
    return await handler(event, data)
           ^^^^^^^^^^^^^^^^^^^^^^^^^^
  File "C:\Users\Sanjar\vscode_projects\.venv\Lib\site-packages\aiogram\dispatcher\event\handler.py", line 71, in call
    return await wrapped()
           ^^^^^^^^^^^^^^^
  File "C:\Users\Sanjar\vscode_projects\.venv\Lib\site-packages\aiogram\dispatcher\dispatcher.py", line 283, in _listen_update
    return await self.propagate_event(update_type=update_type, event=event, **kwargs)
           ^^^^^^^^^^^^^^^^^^^^^^^^^^^^^^^^^^^^^^^^^^^^^^^^^^^^^^^^^^^^^^^^^^^^^^^^^^
  File "C:\Users\Sanjar\vscode_projects\.venv\Lib\site-packages\aiogram\dispatcher\router.py", line 161, in propagate_event
    return await observer.wrap_outer_middleware(_wrapped, event=event, data=kwargs)
           ^^^^^^^^^^^^^^^^^^^^^^^^^^^^^^^^^^^^^^^^^^^^^^^^^^^^^^^^^^^^^^^^^^^^^^^^
  File "C:\Users\Sanjar\vscode_projects\.venv\Lib\site-packages\aiogram\dispatcher\router.py", line 153, in _wrapped
    return await self._propagate_event(
           ^^^^^^^^^^^^^^^^^^^^^^^^^^^^
    ...<4 lines>...
    )
    ^
  File "C:\Users\Sanjar\vscode_projects\.venv\Lib\site-packages\aiogram\dispatcher\router.py", line 189, in _propagate_event
    response = await router.propagate_event(update_type=update_type, event=event, **kwargs)
               ^^^^^^^^^^^^^^^^^^^^^^^^^^^^^^^^^^^^^^^^^^^^^^^^^^^^^^^^^^^^^^^^^^^^^^^^^^^^
  File "C:\Users\Sanjar\vscode_projects\.venv\Lib\site-packages\aiogram\dispatcher\router.py", line 161, in propagate_event
    return await observer.wrap_outer_middleware(_wrapped, event=event, data=kwargs)
           ^^^^^^^^^^^^^^^^^^^^^^^^^^^^^^^^^^^^^^^^^^^^^^^^^^^^^^^^^^^^^^^^^^^^^^^^
  File "C:\Users\Sanjar\vscode_projects\.venv\Lib\site-packages\aiogram\dispatcher\router.py", line 153, in _wrapped
    return await self._propagate_event(
           ^^^^^^^^^^^^^^^^^^^^^^^^^^^^
    ...<4 lines>...
    )
    ^
  File "C:\Users\Sanjar\vscode_projects\.venv\Lib\site-packages\aiogram\dispatcher\router.py", line 181, in _propagate_event
    response = await observer.trigger(event, **kwargs)
               ^^^^^^^^^^^^^^^^^^^^^^^^^^^^^^^^^^^^^^^
  File "C:\Users\Sanjar\vscode_projects\.venv\Lib\site-packages\aiogram\dispatcher\event\telegram.py", line 126, in trigger
    return await wrapped_inner(event, kwargs)
           ^^^^^^^^^^^^^^^^^^^^^^^^^^^^^^^^^^
  File "C:\Users\Sanjar\vscode_projects\.venv\Lib\site-packages\aiogram\dispatcher\event\handler.py", line 71, in call
    return await wrapped()
           ^^^^^^^^^^^^^^^
  File "C:\Users\Sanjar\vscode_projects\namoz-bot\bot\handlers\mosques.py", line 72, in mosques_menu
    await _send_mosques(callback.message.answer, i18n, lang, db_user, settings)
  File "C:\Users\Sanjar\vscode_projects\namoz-bot\bot\handlers\mosques.py", line 122, in _send_mosques
    items = await client.find_mosques(
            ^^^^^^^^^^^^^^^^^^^^^^^^^^
    ...<4 lines>...
    )
    ^
  File "C:\Users\Sanjar\vscode_projects\namoz-bot\bot\services\overpass.py", line 33, in find_mosques
    payload = await self._fetch_with_fallback(lat, lon, radius_km)
              ^^^^^^^^^^^^^^^^^^^^^^^^^^^^^^^^^^^^^^^^^^^^^^^^^^^^
  File "C:\Users\Sanjar\vscode_projects\namoz-bot\bot\services\overpass.py", line 68, in _fetch_with_fallback
    async with session.post(url, data={"data": query}) as resp:
               ~~~~~~~~~~~~^^^^^^^^^^^^^^^^^^^^^^^^^^^
  File "C:\Users\Sanjar\vscode_projects\.venv\Lib\site-packages\aiohttp\client.py", line 1510, in __aenter__
    self._resp: _RetType = await self._coro
                           ^^^^^^^^^^^^^^^^
  File "C:\Users\Sanjar\vscode_projects\.venv\Lib\site-packages\aiohttp\client.py", line 779, in _request
    resp = await handler(req)
           ^^^^^^^^^^^^^^^^^^
  File "C:\Users\Sanjar\vscode_projects\.venv\Lib\site-packages\aiohttp\client.py", line 757, in _connect_and_send_request
    await resp.start(conn)
  File "C:\Users\Sanjar\vscode_projects\.venv\Lib\site-packages\aiohttp\client_reqrep.py", line 534, in start
    with self._timer:
         ^^^^^^^^^^^
  File "C:\Users\Sanjar\vscode_projects\.venv\Lib\site-packages\aiohttp\helpers.py", line 713, in __exit__
    raise asyncio.TimeoutError from exc_val
TimeoutError
2026-02-11 20:02:48,985 | ERROR | bot.handlers.errors | Unhandled exception: update=Update(update_id=717650537, message=None, edited_message=None, channel_post=None, edited_channel_post=None, business_connection=None, business_message=None, edited_business_message=None, deleted_business_messages=None, message_reaction=None, message_reaction_count=None, inline_query=None, chosen_inline_result=None, callback_query=CallbackQuery(id='8180629269416804949', from_user=User(id=8347152122, is_bot=False, first_name='سنجر', last_name=None, username='raxmv77', language_code='en', is_premium=None, added_to_attachment_menu=None, can_join_groups=None, can_read_all_group_messages=None, supports_inline_queries=None, can_connect_to_business=None, has_main_web_app=None, has_topics_enabled=None, allows_users_to_create_topics=None), chat_instance='-3702739898278178400', message=Message(message_id=351, date=datetime.datetime(2026, 2, 11, 15, 1, 44, tzinfo=TzInfo(0)), chat=Chat(id=8347152122, type='private', title=None, username='raxmv77', first_name='سنجر', last_name=None, is_forum=None, is_direct_messages=None, accent_color_id=None, active_usernames=None, available_reactions=None, background_custom_emoji_id=None, bio=None, birthdate=None, business_intro=None, business_location=None, business_opening_hours=None, can_set_sticker_set=None, custom_emoji_sticker_set_name=None, description=None, emoji_status_custom_emoji_id=None, emoji_status_expiration_date=None, has_aggressive_anti_spam_enabled=None, has_hidden_members=None, has_private_forwards=None, has_protected_content=None, has_restricted_voice_and_video_messages=None, has_visible_history=None, invite_link=None, join_by_request=None, join_to_send_messages=None, linked_chat_id=None, location=None, message_auto_delete_time=None, permissions=None, personal_chat=None, photo=None, pinned_message=None, profile_accent_color_id=None, profile_background_custom_emoji_id=None, slow_mode_delay=None, sticker_set_name=None, unrestrict_boost_count=None), message_thread_id=None, direct_messages_topic=None, from_user=User(id=8271511197, is_bot=True, first_name='Namoz Time & Islamic Assistant Bot', last_name=None, username='NamozPlusBot', language_code=None, is_premium=None, added_to_attachment_menu=None, can_join_groups=None, can_read_all_group_messages=None, supports_inline_queries=None, can_connect_to_business=None, has_main_web_app=None, has_topics_enabled=None, allows_users_to_create_topics=None), sender_chat=None, sender_boost_count=None, sender_business_bot=None, business_connection_id=None, forward_origin=None, is_topic_message=None, is_automatic_forward=None, reply_to_message=None, external_reply=None, quote=None, reply_to_story=None, reply_to_checklist_task_id=None, via_bot=None, edit_date=1770822123, has_protected_content=None, is_from_offline=None, is_paid_post=None, media_group_id=None, author_signature=None, paid_star_count=None, text='Asosiy menyu:', entities=None, link_preview_options=None, suggested_post_info=None, effect_id=None, animation=None, audio=None, document=None, paid_media=None, photo=None, sticker=None, story=None, video=None, video_note=None, voice=None, caption=None, caption_entities=None, show_caption_above_media=None, has_media_spoiler=None, checklist=None, contact=None, dice=None, game=None, poll=None, venue=None, location=None, new_chat_members=None, left_chat_member=None, chat_owner_left=None, chat_owner_changed=None, new_chat_title=None, new_chat_photo=None, delete_chat_photo=None, group_chat_created=None, supergroup_chat_created=None, channel_chat_created=None, message_auto_delete_timer_changed=None, migrate_to_chat_id=None, migrate_from_chat_id=None, pinned_message=None, invoice=None, successful_payment=None, refunded_payment=None, users_shared=None, chat_shared=None, gift=None, unique_gift=None, gift_upgrade_sent=None, connected_website=None, write_access_allowed=None, passport_data=None, proximity_alert_triggered=None, boost_added=None, chat_background_set=None, checklist_tasks_done=None, checklist_tasks_added=None, direct_message_price_changed=None, forum_topic_created=None, forum_topic_edited=None, forum_topic_closed=None, forum_topic_reopened=None, general_forum_topic_hidden=None, general_forum_topic_unhidden=None, giveaway_created=None, giveaway=None, giveaway_winners=None, giveaway_completed=None, paid_message_price_changed=None, suggested_post_approved=None, suggested_post_approval_failed=None, suggested_post_declined=None, suggested_post_paid=None, suggested_post_refunded=None, video_chat_scheduled=None, video_chat_started=None, video_chat_ended=None, video_chat_participants_invited=None, web_app_data=None, reply_markup=InlineKeyboardMarkup(inline_keyboard=[[InlineKeyboardButton(text='🕌 Namoz vaqtlari', icon_custom_emoji_id=None, style=None, url=None, callback_data='menu:prayer_times', web_app=None, login_url=None, switch_inline_query=None, switch_inline_query_current_chat=None, switch_inline_query_chosen_chat=None, copy_text=None, callback_game=None, pay=None), InlineKeyboardButton(text='📍 Shahar/GPS', icon_custom_emoji_id=None, style=None, url=None, callback_data='menu:location', web_app=None, login_url=None, switch_inline_query=None, switch_inline_query_current_chat=None, switch_inline_query_chosen_chat=None, copy_text=None, callback_game=None, pay=None)], [InlineKeyboardButton(text='🕌 Yaqin masjidlar', icon_custom_emoji_id=None, style=None, url=None, callback_data='menu:mosques', web_app=None, login_url=None, switch_inline_query=None, switch_inline_query_current_chat=None, switch_inline_query_chosen_chat=None, copy_text=None, callback_game=None, pay=None), InlineKeyboardButton(text='🔔 Eslatmalar', icon_custom_emoji_id=None, style=None, url=None, callback_data='menu:reminders', web_app=None, login_url=None, switch_inline_query=None, switch_inline_query_current_chat=None, switch_inline_query_chosen_chat=None, copy_text=None, callback_game=None, pay=None)], [InlineKeyboardButton(text='🧭 Qibla', icon_custom_emoji_id=None, style=None, url=None, callback_data='menu:qibla', web_app=None, login_url=None, switch_inline_query=None, switch_inline_query_current_chat=None, switch_inline_query_chosen_chat=None, copy_text=None, callback_game=None, pay=None), InlineKeyboardButton(text='🗓 Hijriy sana', icon_custom_emoji_id=None, style=None, url=None, callback_data='menu:hijri', web_app=None, login_url=None, switch_inline_query=None, switch_inline_query_current_chat=None, switch_inline_query_chosen_chat=None, copy_text=None, callback_game=None, pay=None)], [InlineKeyboardButton(text='🌙 Ramazon', icon_custom_emoji_id=None, style=None, url=None, callback_data='menu:ramadan', web_app=None, login_url=None, switch_inline_query=None, switch_inline_query_current_chat=None, switch_inline_query_chosen_chat=None, copy_text=None, callback_game=None, pay=None), InlineKeyboardButton(text='🤲 Duolar', icon_custom_emoji_id=None, style=None, url=None, callback_data='menu:duas', web_app=None, login_url=None, switch_inline_query=None, switch_inline_query_current_chat=None, switch_inline_query_chosen_chat=None, copy_text=None, callback_game=None, pay=None)], [InlineKeyboardButton(text='📿 Tasbeh', icon_custom_emoji_id=None, style=None, url=None, callback_data='menu:tasbeh', web_app=None, login_url=None, switch_inline_query=None, switch_inline_query_current_chat=None, switch_inline_query_chosen_chat=None, copy_text=None, callback_game=None, pay=None), InlineKeyboardButton(text='👤 Profil', icon_custom_emoji_id=None, style=None, url=None, callback_data='menu:profile', web_app=None, login_url=None, switch_inline_query=None, switch_inline_query_current_chat=None, switch_inline_query_chosen_chat=None, copy_text=None, callback_game=None, pay=None)], [InlineKeyboardButton(text='⚙️ Sozlamalar', icon_custom_emoji_id=None, style=None, url=None, callback_data='menu:settings', web_app=None, login_url=None, switch_inline_query=None, switch_inline_query_current_chat=None, switch_inline_query_chosen_chat=None, copy_text=None, callback_game=None, pay=None), InlineKeyboardButton(text='ℹ️ Yordam', icon_custom_emoji_id=None, style=None, url=None, callback_data='menu:help', web_app=None, login_url=None, switch_inline_query=None, switch_inline_query_current_chat=None, switch_inline_query_chosen_chat=None, copy_text=None, callback_game=None, pay=None)]]), forward_date=None, forward_from=None, forward_from_chat=None, forward_from_message_id=None, forward_sender_name=None, forward_signature=None, user_shared=None), inline_message_id=None, data='menu:mosques', game_short_name=None), shipping_query=None, pre_checkout_query=None, purchased_paid_media=None, poll=None, poll_answer=None, my_chat_member=None, chat_member=None, chat_join_request=None, chat_boost=None, removed_chat_boost=None) exception=TimeoutError()
Traceback (most recent call last):
  File "C:\Users\Sanjar\vscode_projects\.venv\Lib\site-packages\aiohttp\client_reqrep.py", line 539, in start
    message, payload = await protocol.read()  # type: ignore[union-attr]
                       ^^^^^^^^^^^^^^^^^^^^^
  File "C:\Users\Sanjar\vscode_projects\.venv\Lib\site-packages\aiohttp\streams.py", line 703, in read
    await self._waiter
asyncio.exceptions.CancelledError

The above exception was the direct cause of the following exception:

Traceback (most recent call last):
  File "C:\Users\Sanjar\vscode_projects\.venv\Lib\site-packages\aiogram\dispatcher\middlewares\error.py", line 27, in __call__
    return await handler(event, data)
           ^^^^^^^^^^^^^^^^^^^^^^^^^^
  File "C:\Users\Sanjar\vscode_projects\.venv\Lib\site-packages\aiogram\dispatcher\middlewares\user_context.py", line 58, in __call__
    return await handler(event, data)
           ^^^^^^^^^^^^^^^^^^^^^^^^^^
  File "C:\Users\Sanjar\vscode_projects\.venv\Lib\site-packages\aiogram\fsm\middleware.py", line 43, in __call__
    return await handler(event, data)
           ^^^^^^^^^^^^^^^^^^^^^^^^^^
  File "C:\Users\Sanjar\vscode_projects\.venv\Lib\site-packages\aiogram\dispatcher\event\telegram.py", line 126, in trigger
    return await wrapped_inner(event, kwargs)
           ^^^^^^^^^^^^^^^^^^^^^^^^^^^^^^^^^^
  File "C:\Users\Sanjar\vscode_projects\namoz-bot\bot\middlewares\db.py", line 26, in __call__
    result = await handler(event, data)
             ^^^^^^^^^^^^^^^^^^^^^^^^^^
  File "C:\Users\Sanjar\vscode_projects\namoz-bot\bot\middlewares\i18n.py", line 71, in __call__
    return await handler(event, data)
           ^^^^^^^^^^^^^^^^^^^^^^^^^^
  File "C:\Users\Sanjar\vscode_projects\.venv\Lib\site-packages\aiogram\dispatcher\event\handler.py", line 71, in call
    return await wrapped()
           ^^^^^^^^^^^^^^^
  File "C:\Users\Sanjar\vscode_projects\.venv\Lib\site-packages\aiogram\dispatcher\dispatcher.py", line 283, in _listen_update
    return await self.propagate_event(update_type=update_type, event=event, **kwargs)
           ^^^^^^^^^^^^^^^^^^^^^^^^^^^^^^^^^^^^^^^^^^^^^^^^^^^^^^^^^^^^^^^^^^^^^^^^^^
  File "C:\Users\Sanjar\vscode_projects\.venv\Lib\site-packages\aiogram\dispatcher\router.py", line 161, in propagate_event
    return await observer.wrap_outer_middleware(_wrapped, event=event, data=kwargs)
           ^^^^^^^^^^^^^^^^^^^^^^^^^^^^^^^^^^^^^^^^^^^^^^^^^^^^^^^^^^^^^^^^^^^^^^^^
  File "C:\Users\Sanjar\vscode_projects\.venv\Lib\site-packages\aiogram\dispatcher\router.py", line 153, in _wrapped
    return await self._propagate_event(
           ^^^^^^^^^^^^^^^^^^^^^^^^^^^^
    ...<4 lines>...
    )
    ^
  File "C:\Users\Sanjar\vscode_projects\.venv\Lib\site-packages\aiogram\dispatcher\router.py", line 189, in _propagate_event
    response = await router.propagate_event(update_type=update_type, event=event, **kwargs)
               ^^^^^^^^^^^^^^^^^^^^^^^^^^^^^^^^^^^^^^^^^^^^^^^^^^^^^^^^^^^^^^^^^^^^^^^^^^^^
  File "C:\Users\Sanjar\vscode_projects\.venv\Lib\site-packages\aiogram\dispatcher\router.py", line 161, in propagate_event
    return await observer.wrap_outer_middleware(_wrapped, event=event, data=kwargs)
           ^^^^^^^^^^^^^^^^^^^^^^^^^^^^^^^^^^^^^^^^^^^^^^^^^^^^^^^^^^^^^^^^^^^^^^^^
  File "C:\Users\Sanjar\vscode_projects\.venv\Lib\site-packages\aiogram\dispatcher\router.py", line 153, in _wrapped
    return await self._propagate_event(
           ^^^^^^^^^^^^^^^^^^^^^^^^^^^^
    ...<4 lines>...
    )
    ^
  File "C:\Users\Sanjar\vscode_projects\.venv\Lib\site-packages\aiogram\dispatcher\router.py", line 181, in _propagate_event
    response = await observer.trigger(event, **kwargs)
               ^^^^^^^^^^^^^^^^^^^^^^^^^^^^^^^^^^^^^^^
  File "C:\Users\Sanjar\vscode_projects\.venv\Lib\site-packages\aiogram\dispatcher\event\telegram.py", line 126, in trigger
    return await wrapped_inner(event, kwargs)
           ^^^^^^^^^^^^^^^^^^^^^^^^^^^^^^^^^^
  File "C:\Users\Sanjar\vscode_projects\.venv\Lib\site-packages\aiogram\dispatcher\event\handler.py", line 71, in call
    return await wrapped()
           ^^^^^^^^^^^^^^^
  File "C:\Users\Sanjar\vscode_projects\namoz-bot\bot\handlers\mosques.py", line 72, in mosques_menu
    await _send_mosques(callback.message.answer, i18n, lang, db_user, settings)
  File "C:\Users\Sanjar\vscode_projects\namoz-bot\bot\handlers\mosques.py", line 122, in _send_mosques
    items = await client.find_mosques(
            ^^^^^^^^^^^^^^^^^^^^^^^^^^
    ...<4 lines>...
    )
    ^
  File "C:\Users\Sanjar\vscode_projects\namoz-bot\bot\services\overpass.py", line 33, in find_mosques
    payload = await self._fetch_with_fallback(lat, lon, radius_km)
              ^^^^^^^^^^^^^^^^^^^^^^^^^^^^^^^^^^^^^^^^^^^^^^^^^^^^
  File "C:\Users\Sanjar\vscode_projects\namoz-bot\bot\services\overpass.py", line 68, in _fetch_with_fallback
    async with session.post(url, data={"data": query}) as resp:
               ~~~~~~~~~~~~^^^^^^^^^^^^^^^^^^^^^^^^^^^
  File "C:\Users\Sanjar\vscode_projects\.venv\Lib\site-packages\aiohttp\client.py", line 1510, in __aenter__
    self._resp: _RetType = await self._coro
                           ^^^^^^^^^^^^^^^^
  File "C:\Users\Sanjar\vscode_projects\.venv\Lib\site-packages\aiohttp\client.py", line 779, in _request
    resp = await handler(req)
           ^^^^^^^^^^^^^^^^^^
  File "C:\Users\Sanjar\vscode_projects\.venv\Lib\site-packages\aiohttp\client.py", line 757, in _connect_and_send_request
    await resp.start(conn)
  File "C:\Users\Sanjar\vscode_projects\.venv\Lib\site-packages\aiohttp\client_reqrep.py", line 534, in start
    with self._timer:
         ^^^^^^^^^^^
  File "C:\Users\Sanjar\vscode_projects\.venv\Lib\site-packages\aiohttp\helpers.py", line 713, in __exit__
    raise asyncio.TimeoutError from exc_val
TimeoutError
2026-02-11 20:02:49,029 | INFO | aiogram.event | Update id=717650537 is handled. Duration 38215 ms by bot id=8271511197
2026-02-11 20:02:50,234 | INFO | apscheduler.scheduler | Added job "SchedulerService._send_ramadan_reminder" to job store "default"
2026-02-11 20:02:50,236 | INFO | apscheduler.scheduler | Added job "SchedulerService._send_ramadan_reminder" to job store "default"
2026-02-11 20:02:50,421 | INFO | aiogram.event | Update id=717650542 is handled. Duration 2067 ms by bot id=8271511197
2026-02-11 20:02:50,938 | INFO | aiogram.event | Update id=717650543 is handled. Duration 1489 ms by bot id=8271511197
2026-02-11 20:02:57,717 | INFO | aiogram.event | Update id=717650544 is handled. Duration 282 ms by bot id=8271511197
2026-02-11 20:03:02,492 | INFO | aiogram.event | Update id=717650545 is handled. Duration 551 ms by bot id=8271511197
2026-02-11 20:03:06,744 | INFO | aiogram.event | Update id=717650546 is handled. Duration 1178 ms by bot id=8271511197
2026-02-11 20:03:09,483 | INFO | aiogram.event | Update id=717650547 is handled. Duration 393 ms by bot id=8271511197
2026-02-11 20:03:13,560 | INFO | aiogram.event | Update id=717650548 is handled. Duration 630 ms by bot id=8271511197
2026-02-11 20:03:14,832 | INFO | aiogram.event | Update id=717650549 is handled. Duration 267 ms by bot id=8271511197
2026-02-11 20:03:16,642 | INFO | aiogram.event | Update id=717650550 is handled. Duration 335 ms by bot id=8271511197
2026-02-11 20:03:18,310 | INFO | aiogram.event | Update id=717650551 is handled. Duration 260 ms by bot id=8271511197
2026-02-11 20:03:19,953 | INFO | aiogram.event | Update id=717650552 is handled. Duration 278 ms by bot id=8271511197
2026-02-11 20:03:22,808 | INFO | aiogram.event | Update id=717650553 is handled. Duration 282 ms by bot id=8271511197
2026-02-11 20:03:27,070 | INFO | aiogram.event | Update id=717650554 is handled. Duration 626 ms by bot id=8271511197
2026-02-11 20:03:29,481 | INFO | aiogram.event | Update id=717650555 is handled. Duration 321 ms by bot id=8271511197
2026-02-11 20:03:34,713 | INFO | aiogram.event | Update id=717650556 is handled. Duration 142 ms by bot id=8271511197
2026-02-11 20:03:38,928 | INFO | aiogram.event | Update id=717650557 is handled. Duration 155 ms by bot id=8271511197
2026-02-11 20:03:41,354 | INFO | aiogram.event | Update id=717650558 is handled. Duration 264 ms by bot id=8271511197
2026-02-11 20:03:42,977 | INFO | aiogram.event | Update id=717650559 is handled. Duration 381 ms by bot id=8271511197
2026-02-11 20:03:43,948 | INFO | aiogram.event | Update id=717650560 is handled. Duration 402 ms by bot id=8271511197
2026-02-11 20:08:42,230 | INFO | aiogram.dispatcher | Polling stopped
2026-02-11 20:08:42,233 | ERROR | aiogram.dispatcher | Failed to fetch updates - TelegramNetworkError: HTTP Client says - ServerDisconnectedError: Server disconnected
2026-02-11 20:08:42,234 | WARNING | aiogram.dispatcher | Sleep for 1.000000 seconds and try again... (tryings = 0, bot id = 8271511197)
2026-02-11 20:08:42,486 | INFO | aiogram.dispatcher | Polling stopped for bot @NamozPlusBot id=8271511197 - 'Namoz Time & Islamic Assistant Bot'
